round_id,scan_cycle_id,session_id,scan_id,state_label,linked_uav_target,controller_only_target,band,receiver_id,capture_index,center_freq_hz,sample_rate_hz,duration_s,iq_path,iq_format,loaded_seconds,mean_power_db,rms,peak_abs,dc_power_ratio,psd_peak_db,psd_median_db,psd_peak_to_median_db,spectral_entropy,occupied_fraction_6db
p01,p01_phantom_controller_only_phone_connected_full20,p01_phantom_controller_only_phone_connected_full20_b210a_24,p01_phantom_controller_only_phone_connected_full20_b210a_24_phantom_controller_only_phone_connected,phantom_controller_only_phone_connected,0,1,2.4,b210a_24,1,2410000000,20000000,2.000,raw_iq_followup/p01_phantom_controller_only_phone_connected_full20_b210a_24/p01_phantom_controller_only_phone_connected_full20_b210a_24_phantom_controller_only_phone_connected/01_2410.000MHz.cfile,complex_int16_interleaved,0.250000,-17.483701,0.13360261,1.2737834,7.0976449e-07,-83.653535,-96.900082,13.246548,0.908396,0.350098
p01,p01_phantom_controller_only_phone_connected_full20,p01_phantom_controller_only_phone_connected_full20_b210a_24,p01_phantom_controller_only_phone_connected_full20_b210a_24_phantom_controller_only_phone_connected,phantom_controller_only_phone_connected,0,1,2.4,b210a_24,2,2420000000,20000000,2.000,raw_iq_followup/p01_phantom_controller_only_phone_connected_full20_b210a_24/p01_phantom_controller_only_phone_connected_full20_b210a_24_phantom_controller_only_phone_connected/02_2420.000MHz.cfile,complex_int16_interleaved,0.250000,-17.619161,0.13153519,1.4131777,4.8598819e-07,-83.902141,-93.417636,9.515495,0.945929,0.333008
p01,p01_phantom_controller_only_phone_connected_full20,p01_phantom_controller_only_phone_connected_full20_b210a_24,p01_phantom_controller_only_phone_connected_full20_b210a_24_phantom_controller_only_phone_connected,phantom_controller_only_phone_connected,0,1,2.4,b210a_24,3,2430000000,20000000,2.000,raw_iq_followup/p01_phantom_controller_only_phone_connected_full20_b210a_24/p01_phantom_controller_only_phone_connected_full20_b210a_24_phantom_controller_only_phone_connected/03_2430.000MHz.cfile,complex_int16_interleaved,0.250000,-22.029634,0.07916228,1.1762439,4.1821903e-07,-82.374816,-115.806208,33.431392,0.781080,0.097412
p01,p01_phantom_controller_only_phone_connected_full20,p01_phantom_controller_only_phone_connected_full20_b210a_24,p01_phantom_controller_only_phone_connected_full20_b210a_24_phantom_controller_only_phone_connected,phantom_controller_only_phone_connected,0,1,2.4,b210a_24,4,2440000000,20000000,2.000,raw_iq_followup/p01_phantom_controller_only_phone_connected_full20_b210a_24/p01_phantom_controller_only_phone_connected_full20_b210a_24_phantom_controller_only_phone_connected/04_2440.000MHz.cfile,complex_int16_interleaved,0.250000,-54.122258,0.0019673745,0.14452478,0.0012365485,-100.966751,-120.000000,19.033249,0.989819,0.000732
p01,p01_phantom_controller_only_phone_connected_full20,p01_phantom_controller_only_phone_connected_full20_b210a_24,p01_phantom_controller_only_phone_connected_full20_b210a_24_phantom_controller_only_phone_connected,phantom_controller_only_phone_connected,0,1,2.4,b210a_24,5,2450000000,20000000,2.000,raw_iq_followup/p01_phantom_controller_only_phone_connected_full20_b210a_24/p01_phantom_controller_only_phone_connected_full20_b210a_24_phantom_controller_only_phone_connected/05_2450.000MHz.cfile,complex_int16_interleaved,0.250000,-47.822523,0.0040632527,0.065772146,0.00025118084,-101.682088,-120.000000,18.317912,0.984521,0.000732
p01,p01_phantom_controller_only_phone_connected_full20,p01_phantom_controller_only_phone_connected_full20_b210a_24,p01_phantom_controller_only_phone_connected_full20_b210a_24_phantom_controller_only_phone_connected,phantom_controller_only_phone_connected,0,1,2.4,b210a_24,6,2460000000,20000000,2.000,raw_iq_followup/p01_phantom_controller_only_phone_connected_full20_b210a_24/p01_phantom_controller_only_phone_connected_full20_b210a_24_phantom_controller_only_phone_connected/06_2460.000MHz.cfile,complex_int16_interleaved,0.250000,-47.582540,0.004177082,0.036574692,0.00012618254,-104.368250,-120.000000,15.631750,0.986832,0.000732
p01,p01_phantom_controller_only_phone_connected_full20,p01_phantom_controller_only_phone_connected_full20_b210a_24,p01_phantom_controller_only_phone_connected_full20_b210a_24_phantom_controller_only_phone_connected,phantom_controller_only_phone_connected,0,1,2.4,b210a_24,7,2470000000,20000000,2.000,raw_iq_followup/p01_phantom_controller_only_phone_connected_full20_b210a_24/p01_phantom_controller_only_phone_connected_full20_b210a_24_phantom_controller_only_phone_connected/07_2470.000MHz.cfile,complex_int16_interleaved,0.250000,-55.322647,0.0017134347,0.026421826,0.00094618359,-103.603181,-120.000000,16.396819,0.995452,0.000732
p01,p01_phantom_controller_only_phone_connected_full20,p01_phantom_controller_only_phone_connected_full20_b210a_24,p01_phantom_controller_only_phone_connected_full20_b210a_24_phantom_controller_only_phone_connected,phantom_controller_only_phone_connected,0,1,2.4,b210a_24,8,2480000000,20000000,2.000,raw_iq_followup/p01_phantom_controller_only_phone_connected_full20_b210a_24/p01_phantom_controller_only_phone_connected_full20_b210a_24_phantom_controller_only_phone_connected/08_2480.000MHz.cfile,complex_int16_interleaved,0.250000,-55.933865,0.0015970064,0.026400527,0.00091854801,-104.059398,-120.000000,15.940602,0.995957,0.000732
p01,p01_phantom_controller_only_phone_connected_full20,p01_phantom_controller_only_phone_connected_full20_b210b_58,p01_phantom_controller_only_phone_connected_full20_b210b_58_phantom_controller_only_phone_connected,phantom_controller_only_phone_connected,0,1,5.8,b210b_58,1,5735000000,20000000,2.000,raw_iq_followup/p01_phantom_controller_only_phone_connected_full20_b210b_58/p01_phantom_controller_only_phone_connected_full20_b210b_58_phantom_controller_only_phone_connected/01_5735.000MHz.cfile,complex_int16_interleaved,0.250000,-48.864904,0.0036037511,0.042968795,0.00029654443,-99.627850,-120.000000,20.372150,0.919147,0.004150
p01,p01_phantom_controller_only_phone_connected_full20,p01_phantom_controller_only_phone_connected_full20_b210b_58,p01_phantom_controller_only_phone_connected_full20_b210b_58_phantom_controller_only_phone_connected,phantom_controller_only_phone_connected,0,1,5.8,b210b_58,2,5745000000,20000000,2.000,raw_iq_followup/p01_phantom_controller_only_phone_connected_full20_b210b_58/p01_phantom_controller_only_phone_connected_full20_b210b_58_phantom_controller_only_phone_connected/02_5745.000MHz.cfile,complex_int16_interleaved,0.250000,-46.779396,0.0045817375,0.046813458,0.00010940915,-100.873373,-120.000000,19.126627,0.903048,0.011230
p01,p01_phantom_controller_only_phone_connected_full20,p01_phantom_controller_only_phone_connected_full20_b210b_58,p01_phantom_controller_only_phone_connected_full20_b210b_58_phantom_controller_only_phone_connected,phantom_controller_only_phone_connected,0,1,5.8,b210b_58,3,5755000000,20000000,2.000,raw_iq_followup/p01_phantom_controller_only_phone_connected_full20_b210b_58/p01_phantom_controller_only_phone_connected_full20_b210b_58_phantom_controller_only_phone_connected/03_5755.000MHz.cfile,complex_int16_interleaved,0.250000,-47.161650,0.0043844741,0.043159623,5.3284441e-05,-101.025447,-120.000000,18.974553,0.909839,0.009277
p01,p01_phantom_controller_only_phone_connected_full20,p01_phantom_controller_only_phone_connected_full20_b210b_58,p01_phantom_controller_only_phone_connected_full20_b210b_58_phantom_controller_only_phone_connected,phantom_controller_only_phone_connected,0,1,5.8,b210b_58,4,5765000000,20000000,2.000,raw_iq_followup/p01_phantom_controller_only_phone_connected_full20_b210b_58/p01_phantom_controller_only_phone_connected_full20_b210b_58_phantom_controller_only_phone_connected/04_5765.000MHz.cfile,complex_int16_interleaved,0.250000,-49.214237,0.0034616897,0.035654996,0.00021467742,-101.079543,-120.000000,18.920457,0.941825,0.004639
p01,p01_phantom_controller_only_phone_connected_full20,p01_phantom_controller_only_phone_connected_full20_b210b_58,p01_phantom_controller_only_phone_connected_full20_b210b_58_phantom_controller_only_phone_connected,phantom_controller_only_phone_connected,0,1,5.8,b210b_58,5,5775000000,20000000,2.000,raw_iq_followup/p01_phantom_controller_only_phone_connected_full20_b210b_58/p01_phantom_controller_only_phone_connected_full20_b210b_58_phantom_controller_only_phone_connected/05_5775.000MHz.cfile,complex_int16_interleaved,0.250000,-51.953321,0.0025254218,0.025008574,0.0002633571,-105.364725,-120.000000,14.635275,0.978937,0.007812
p01,p01_phantom_controller_only_phone_connected_full20,p01_phantom_controller_only_phone_connected_full20_b210b_58,p01_phantom_controller_only_phone_connected_full20_b210b_58_phantom_controller_only_phone_connected,phantom_controller_only_phone_connected,0,1,5.8,b210b_58,6,5785000000,20000000,2.000,raw_iq_followup/p01_phantom_controller_only_phone_connected_full20_b210b_58/p01_phantom_controller_only_phone_connected_full20_b210b_58_phantom_controller_only_phone_connected/06_5785.000MHz.cfile,complex_int16_interleaved,0.250000,-52.261527,0.002437382,0.024499457,0.00031893935,-105.083699,-120.000000,14.916301,0.982067,0.006592
p01,p01_phantom_controller_only_phone_connected_full20,p01_phantom_controller_only_phone_connected_full20_b210b_58,p01_phantom_controller_only_phone_connected_full20_b210b_58_phantom_controller_only_phone_connected,phantom_controller_only_phone_connected,0,1,5.8,b210b_58,7,5795000000,20000000,2.000,raw_iq_followup/p01_phantom_controller_only_phone_connected_full20_b210b_58/p01_phantom_controller_only_phone_connected_full20_b210b_58_phantom_controller_only_phone_connected/07_5795.000MHz.cfile,complex_int16_interleaved,0.250000,-50.561786,0.0029642215,0.029084837,0.00013238178,-104.776473,-120.000000,15.223527,0.967610,0.009521
p01,p01_phantom_controller_only_phone_connected_full20,p01_phantom_controller_only_phone_connected_full20_b210b_58,p01_phantom_controller_only_phone_connected_full20_b210b_58_phantom_controller_only_phone_connected,phantom_controller_only_phone_connected,0,1,5.8,b210b_58,8,5805000000,20000000,2.000,raw_iq_followup/p01_phantom_controller_only_phone_connected_full20_b210b_58/p01_phantom_controller_only_phone_connected_full20_b210b_58_phantom_controller_only_phone_connected/08_5805.000MHz.cfile,complex_int16_interleaved,0.250000,-50.783936,0.00288937,0.028039295,0.00042507466,-102.402929,-120.000000,17.597071,0.967879,0.004150
p01,p01_phantom_controller_only_phone_connected_full20,p01_phantom_controller_only_phone_connected_full20_b210b_58,p01_phantom_controller_only_phone_connected_full20_b210b_58_phantom_controller_only_phone_connected,phantom_controller_only_phone_connected,0,1,5.8,b210b_58,9,5815000000,20000000,2.000,raw_iq_followup/p01_phantom_controller_only_phone_connected_full20_b210b_58/p01_phantom_controller_only_phone_connected_full20_b210b_58_phantom_controller_only_phone_connected/09_5815.000MHz.cfile,complex_int16_interleaved,0.250000,-52.775829,0.0022972512,0.028139558,0.00034629134,-105.220586,-120.000000,14.779414,0.980096,0.006836
p01,p01_phantom_controller_only_phone_connected_full20,p01_phantom_controller_only_phone_connected_full20_b210b_58,p01_phantom_controller_only_phone_connected_full20_b210b_58_phantom_controller_only_phone_connected,phantom_controller_only_phone_connected,0,1,5.8,b210b_58,10,5825000000,20000000,2.000,raw_iq_followup/p01_phantom_controller_only_phone_connected_full20_b210b_58/p01_phantom_controller_only_phone_connected_full20_b210b_58_phantom_controller_only_phone_connected/10_5825.000MHz.cfile,complex_int16_interleaved,0.250000,-57.865290,0.0012786019,0.013234394,0.00087394812,-106.028977,-120.000000,13.971023,0.997873,0.000732
p01,p01_phantom_controller_only_phone_connected_full20,p01_phantom_controller_only_phone_connected_full20_b210b_58,p01_phantom_controller_only_phone_connected_full20_b210b_58_phantom_controller_only_phone_connected,phantom_controller_only_phone_connected,0,1,5.8,b210b_58,11,5835000000,20000000,2.000,raw_iq_followup/p01_phantom_controller_only_phone_connected_full20_b210b_58/p01_phantom_controller_only_phone_connected_full20_b210b_58_phantom_controller_only_phone_connected/11_5835.000MHz.cfile,complex_int16_interleaved,0.250000,-57.679173,0.0013062949,0.014932578,0.0012013587,-104.574678,-120.000000,15.425322,0.996606,0.000732
p01,p01_phantom_controller_only_phone_connected_full20,p01_phantom_controller_only_phone_connected_full20_b210b_58,p01_phantom_controller_only_phone_connected_full20_b210b_58_phantom_controller_only_phone_connected,phantom_controller_only_phone_connected,0,1,5.8,b210b_58,12,5845000000,20000000,2.000,raw_iq_followup/p01_phantom_controller_only_phone_connected_full20_b210b_58/p01_phantom_controller_only_phone_connected_full20_b210b_58_phantom_controller_only_phone_connected/12_5845.000MHz.cfile,complex_int16_interleaved,0.250000,-57.513227,0.001331492,0.01663026,0.0014349218,-103.651348,-120.000000,16.348652,0.995460,0.000732
p01,p01_phantom_linked_phone_connected_full20,p01_phantom_linked_phone_connected_full20_b210a_24,p01_phantom_linked_phone_connected_full20_b210a_24_phantom_linked_phone_connected,phantom_linked_phone_connected,1,0,2.4,b210a_24,1,2410000000,20000000,2.000,raw_iq_followup/p01_phantom_linked_phone_connected_full20_b210a_24/p01_phantom_linked_phone_connected_full20_b210a_24_phantom_linked_phone_connected/01_2410.000MHz.cfile,complex_int16_interleaved,0.250000,-15.167916,0.17442317,1.409302,3.9602774e-08,-78.724560,-88.766235,10.041674,0.923389,0.108887
p01,p01_phantom_linked_phone_connected_full20,p01_phantom_linked_phone_connected_full20_b210a_24,p01_phantom_linked_phone_connected_full20_b210a_24_phantom_linked_phone_connected,phantom_linked_phone_connected,1,0,2.4,b210a_24,2,2420000000,20000000,2.000,raw_iq_followup/p01_phantom_linked_phone_connected_full20_b210a_24/p01_phantom_linked_phone_connected_full20_b210a_24_phantom_linked_phone_connected/02_2420.000MHz.cfile,complex_int16_interleaved,0.250000,-12.430217,0.23905023,1.4131777,4.7539186e-08,-77.290469,-85.806337,8.515867,0.953441,0.226562
p01,p01_phantom_linked_phone_connected_full20,p01_phantom_linked_phone_connected_full20_b210a_24,p01_phantom_linked_phone_connected_full20_b210a_24_phantom_linked_phone_connected,phantom_linked_phone_connected,1,0,2.4,b210a_24,3,2430000000,20000000,2.000,raw_iq_followup/p01_phantom_linked_phone_connected_full20_b210a_24/p01_phantom_linked_phone_connected_full20_b210a_24_phantom_linked_phone_connected/03_2430.000MHz.cfile,complex_int16_interleaved,0.250000,-19.635569,0.10428493,1.1333437,2.1856466e-07,-80.486636,-118.625446,38.138810,0.841237,0.062988
p01,p01_phantom_linked_phone_connected_full20,p01_phantom_linked_phone_connected_full20_b210a_24,p01_phantom_linked_phone_connected_full20_b210a_24_phantom_linked_phone_connected,phantom_linked_phone_connected,1,0,2.4,b210a_24,4,2440000000,20000000,2.000,raw_iq_followup/p01_phantom_linked_phone_connected_full20_b210a_24/p01_phantom_linked_phone_connected_full20_b210a_24_phantom_linked_phone_connected/04_2440.000MHz.cfile,complex_int16_interleaved,0.250000,-51.475195,0.0026683342,0.043646261,0.00057557137,-101.656464,-120.000000,18.343536,0.991656,0.000732
p01,p01_phantom_linked_phone_connected_full20,p01_phantom_linked_phone_connected_full20_b210a_24,p01_phantom_linked_phone_connected_full20_b210a_24_phantom_linked_phone_connected,phantom_linked_phone_connected,1,0,2.4,b210a_24,5,2450000000,20000000,2.000,raw_iq_followup/p01_phantom_linked_phone_connected_full20_b210a_24/p01_phantom_linked_phone_connected_full20_b210a_24_phantom_linked_phone_connected/05_2450.000MHz.cfile,complex_int16_interleaved,0.250000,-47.377783,0.0042767203,0.038033292,0.00013501332,-104.175124,-120.000000,15.824876,0.980235,0.000732
p01,p01_phantom_linked_phone_connected_full20,p01_phantom_linked_phone_connected_full20_b210a_24,p01_phantom_linked_phone_connected_full20_b210a_24_phantom_linked_phone_connected,phantom_linked_phone_connected,1,0,2.4,b210a_24,6,2460000000,20000000,2.000,raw_iq_followup/p01_phantom_linked_phone_connected_full20_b210a_24/p01_phantom_linked_phone_connected_full20_b210a_24_phantom_linked_phone_connected/06_2460.000MHz.cfile,complex_int16_interleaved,0.250000,-46.598727,0.004678037,0.041545901,2.8512187e-05,-109.414557,-120.000000,10.585443,0.974351,0.125488
p01,p01_phantom_linked_phone_connected_full20,p01_phantom_linked_phone_connected_full20_b210a_24,p01_phantom_linked_phone_connected_full20_b210a_24_phantom_linked_phone_connected,phantom_linked_phone_connected,1,0,2.4,b210a_24,7,2470000000,20000000,2.000,raw_iq_followup/p01_phantom_linked_phone_connected_full20_b210a_24/p01_phantom_linked_phone_connected_full20_b210a_24_phantom_linked_phone_connected/07_2470.000MHz.cfile,complex_int16_interleaved,0.250000,-54.623714,0.00185701,0.020108653,0.0011955924,-101.855180,-120.000000,18.144820,0.992211,0.000732
p01,p01_phantom_linked_phone_connected_full20,p01_phantom_linked_phone_connected_full20_b210a_24,p01_phantom_linked_phone_connected_full20_b210a_24_phantom_linked_phone_connected,phantom_linked_phone_connected,1,0,2.4,b210a_24,8,2480000000,20000000,2.000,raw_iq_followup/p01_phantom_linked_phone_connected_full20_b210a_24/p01_phantom_linked_phone_connected_full20_b210a_24_phantom_linked_phone_connected/08_2480.000MHz.cfile,complex_int16_interleaved,0.250000,-52.619928,0.0023388565,0.061463866,0.0004039432,-103.477123,-120.000000,16.522877,0.981514,0.002441
p01,p01_phantom_linked_phone_connected_full20,p01_phantom_linked_phone_connected_full20_b210b_58,p01_phantom_linked_phone_connected_full20_b210b_58_phantom_linked_phone_connected,phantom_linked_phone_connected,1,0,5.8,b210b_58,1,5735000000,20000000,2.000,raw_iq_followup/p01_phantom_linked_phone_connected_full20_b210b_58/p01_phantom_linked_phone_connected_full20_b210b_58_phantom_linked_phone_connected/01_5735.000MHz.cfile,complex_int16_interleaved,0.250000,-51.326616,0.0027143709,0.030802457,0.00048685856,-101.988452,-120.000000,18.011548,0.963730,0.004395
p01,p01_phantom_linked_phone_connected_full20,p01_phantom_linked_phone_connected_full20_b210b_58,p01_phantom_linked_phone_connected_full20_b210b_58_phantom_linked_phone_connected,phantom_linked_phone_connected,1,0,5.8,b210b_58,2,5745000000,20000000,2.000,raw_iq_followup/p01_phantom_linked_phone_connected_full20_b210b_58/p01_phantom_linked_phone_connected_full20_b210b_58_phantom_linked_phone_connected/02_5745.000MHz.cfile,complex_int16_interleaved,0.250000,-47.730584,0.0041064902,0.040037666,0.00023357873,-101.637319,-120.000000,18.362681,0.922878,0.010498
p01,p01_phantom_linked_phone_connected_full20,p01_phantom_linked_phone_connected_full20_b210b_58,p01_phantom_linked_phone_connected_full20_b210b_58_phantom_linked_phone_connected,phantom_linked_phone_connected,1,0,5.8,b210b_58,3,5755000000,20000000,2.000,raw_iq_followup/p01_phantom_linked_phone_connected_full20_b210b_58/p01_phantom_linked_phone_connected_full20_b210b_58_phantom_linked_phone_connected/03_5755.000MHz.cfile,complex_int16_interleaved,0.250000,-45.959732,0.0050351616,0.049324904,7.5036957e-05,-100.074610,-120.000000,19.925390,0.894588,0.012695
p01,p01_phantom_linked_phone_connected_full20,p01_phantom_linked_phone_connected_full20_b210b_58,p01_phantom_linked_phone_connected_full20_b210b_58_phantom_linked_phone_connected,phantom_linked_phone_connected,1,0,5.8,b210b_58,4,5765000000,20000000,2.000,raw_iq_followup/p01_phantom_linked_phone_connected_full20_b210b_58/p01_phantom_linked_phone_connected_full20_b210b_58_phantom_linked_phone_connected/04_5765.000MHz.cfile,complex_int16_interleaved,0.250000,-45.650789,0.0052174768,0.048889522,7.8491084e-05,-100.060351,-120.000000,19.939649,0.888739,0.013428
p01,p01_phantom_linked_phone_connected_full20,p01_phantom_linked_phone_connected_full20_b210b_58,p01_phantom_linked_phone_connected_full20_b210b_58_phantom_linked_phone_connected,phantom_linked_phone_connected,1,0,5.8,b210b_58,5,5775000000,20000000,2.000,raw_iq_followup/p01_phantom_linked_phone_connected_full20_b210b_58/p01_phantom_linked_phone_connected_full20_b210b_58_phantom_linked_phone_connected/05_5775.000MHz.cfile,complex_int16_interleaved,0.250000,-45.573038,0.0052643904,0.0516802,7.5719678e-05,-100.086691,-120.000000,19.913309,0.887196,0.012451
p01,p01_phantom_linked_phone_connected_full20,p01_phantom_linked_phone_connected_full20_b210b_58,p01_phantom_linked_phone_connected_full20_b210b_58_phantom_linked_phone_connected,phantom_linked_phone_connected,1,0,5.8,b210b_58,6,5785000000,20000000,2.000,raw_iq_followup/p01_phantom_linked_phone_connected_full20_b210b_58/p01_phantom_linked_phone_connected_full20_b210b_58_phantom_linked_phone_connected/06_5785.000MHz.cfile,complex_int16_interleaved,0.250000,-45.954146,0.0050384003,0.047828991,0.00011850764,-99.898013,-120.000000,20.101987,0.889187,0.010498
p01,p01_phantom_linked_phone_connected_full20,p01_phantom_linked_phone_connected_full20_b210b_58,p01_phantom_linked_phone_connected_full20_b210b_58_phantom_linked_phone_connected,phantom_linked_phone_connected,1,0,5.8,b210b_58,7,5795000000,20000000,2.000,raw_iq_followup/p01_phantom_linked_phone_connected_full20_b210b_58/p01_phantom_linked_phone_connected_full20_b210b_58_phantom_linked_phone_connected/07_5795.000MHz.cfile,complex_int16_interleaved,0.250000,-46.702562,0.0046224465,0.047709908,0.0001464644,-101.017297,-120.000000,18.982703,0.909287,0.011719
p01,p01_phantom_linked_phone_connected_full20,p01_phantom_linked_phone_connected_full20_b210b_58,p01_phantom_linked_phone_connected_full20_b210b_58_phantom_linked_phone_connected,phantom_linked_phone_connected,1,0,5.8,b210b_58,8,5805000000,20000000,2.000,raw_iq_followup/p01_phantom_linked_phone_connected_full20_b210b_58/p01_phantom_linked_phone_connected_full20_b210b_58_phantom_linked_phone_connected/08_5805.000MHz.cfile,complex_int16_interleaved,0.250000,-47.118370,0.0044063754,0.040701628,7.8253688e-05,-100.520515,-120.000000,19.479485,0.913575,0.009766
p01,p01_phantom_linked_phone_connected_full20,p01_phantom_linked_phone_connected_full20_b210b_58,p01_phantom_linked_phone_connected_full20_b210b_58_phantom_linked_phone_connected,phantom_linked_phone_connected,1,0,5.8,b210b_58,9,5815000000,20000000,2.000,raw_iq_followup/p01_phantom_linked_phone_connected_full20_b210b_58/p01_phantom_linked_phone_connected_full20_b210b_58_phantom_linked_phone_connected/09_5815.000MHz.cfile,complex_int16_interleaved,0.250000,-50.350069,0.003037362,0.037382253,0.00011595705,-103.590027,-120.000000,16.409973,0.952387,0.008545
p01,p01_phantom_linked_phone_connected_full20,p01_phantom_linked_phone_connected_full20_b210b_58,p01_phantom_linked_phone_connected_full20_b210b_58_phantom_linked_phone_connected,phantom_linked_phone_connected,1,0,5.8,b210b_58,10,5825000000,20000000,2.000,raw_iq_followup/p01_phantom_linked_phone_connected_full20_b210b_58/p01_phantom_linked_phone_connected_full20_b210b_58_phantom_linked_phone_connected/10_5825.000MHz.cfile,complex_int16_interleaved,0.250000,-58.001455,0.0012587141,0.012347708,0.00076540742,-106.840988,-120.000000,13.159012,0.998385,0.000732
p01,p01_phantom_linked_phone_connected_full20,p01_phantom_linked_phone_connected_full20_b210b_58,p01_phantom_linked_phone_connected_full20_b210b_58_phantom_linked_phone_connected,phantom_linked_phone_connected,1,0,5.8,b210b_58,11,5835000000,20000000,2.000,raw_iq_followup/p01_phantom_linked_phone_connected_full20_b210b_58/p01_phantom_linked_phone_connected_full20_b210b_58_phantom_linked_phone_connected/11_5835.000MHz.cfile,complex_int16_interleaved,0.250000,-58.271332,0.0012202063,0.0073404768,0.00024902758,-110.466058,-120.000000,9.533942,0.999556,0.000732
p01,p01_phantom_linked_phone_connected_full20,p01_phantom_linked_phone_connected_full20_b210b_58,p01_phantom_linked_phone_connected_full20_b210b_58_phantom_linked_phone_connected,phantom_linked_phone_connected,1,0,5.8,b210b_58,12,5845000000,20000000,2.000,raw_iq_followup/p01_phantom_linked_phone_connected_full20_b210b_58/p01_phantom_linked_phone_connected_full20_b210b_58_phantom_linked_phone_connected/12_5845.000MHz.cfile,complex_int16_interleaved,0.250000,-57.932192,0.0012687916,0.012553672,0.00089838359,-106.353784,-120.000000,13.646216,0.998100,0.000732
p02,p02_phantom_controller_only_phone_connected_full20,p02_phantom_controller_only_phone_connected_full20_b210a_24,p02_phantom_controller_only_phone_connected_full20_b210a_24_phantom_controller_only_phone_connected,phantom_controller_only_phone_connected,0,1,2.4,b210a_24,1,2410000000,20000000,2.000,raw_iq_followup/p02_phantom_controller_only_phone_connected_full20_b210a_24/p02_phantom_controller_only_phone_connected_full20_b210a_24_phantom_controller_only_phone_connected/01_2410.000MHz.cfile,complex_int16_interleaved,0.250000,-21.978518,0.079629523,0.84863585,8.9679018e-07,-87.539926,-95.865963,8.326037,0.923682,0.335449
p02,p02_phantom_controller_only_phone_connected_full20,p02_phantom_controller_only_phone_connected_full20_b210a_24,p02_phantom_controller_only_phone_connected_full20_b210a_24_phantom_controller_only_phone_connected,phantom_controller_only_phone_connected,0,1,2.4,b210a_24,2,2420000000,20000000,2.000,raw_iq_followup/p02_phantom_controller_only_phone_connected_full20_b210a_24/p02_phantom_controller_only_phone_connected_full20_b210a_24_phantom_controller_only_phone_connected/02_2420.000MHz.cfile,complex_int16_interleaved,0.250000,-21.314280,0.085957939,0.93359709,2.7980682e-07,-88.621282,-94.475186,5.853904,0.959509,0.519287
p02,p02_phantom_controller_only_phone_connected_full20,p02_phantom_controller_only_phone_connected_full20_b210a_24,p02_phantom_controller_only_phone_connected_full20_b210a_24_phantom_controller_only_phone_connected,phantom_controller_only_phone_connected,0,1,2.4,b210a_24,3,2430000000,20000000,2.000,raw_iq_followup/p02_phantom_controller_only_phone_connected_full20_b210a_24/p02_phantom_controller_only_phone_connected_full20_b210a_24_phantom_controller_only_phone_connected/03_2430.000MHz.cfile,complex_int16_interleaved,0.250000,-29.926296,0.031892253,0.51690412,2.6273396e-06,-91.830508,-119.235732,27.405224,0.855282,0.126953
p02,p02_phantom_controller_only_phone_connected_full20,p02_phantom_controller_only_phone_connected_full20_b210a_24,p02_phantom_controller_only_phone_connected_full20_b210a_24_phantom_controller_only_phone_connected,phantom_controller_only_phone_connected,0,1,2.4,b210a_24,4,2440000000,20000000,2.000,raw_iq_followup/p02_phantom_controller_only_phone_connected_full20_b210a_24/p02_phantom_controller_only_phone_connected_full20_b210a_24_phantom_controller_only_phone_connected/04_2440.000MHz.cfile,complex_int16_interleaved,0.250000,-48.895620,0.0035910297,0.033189673,0.00023305236,-103.179034,-120.000000,16.820966,0.988621,0.000732
p02,p02_phantom_controller_only_phone_connected_full20,p02_phantom_controller_only_phone_connected_full20_b210a_24,p02_phantom_controller_only_phone_connected_full20_b210a_24_phantom_controller_only_phone_connected,phantom_controller_only_phone_connected,0,1,2.4,b210a_24,5,2450000000,20000000,2.000,raw_iq_followup/p02_phantom_controller_only_phone_connected_full20_b210a_24/p02_phantom_controller_only_phone_connected_full20_b210a_24_phantom_controller_only_phone_connected/05_2450.000MHz.cfile,complex_int16_interleaved,0.250000,-50.272260,0.0030646929,0.027914578,0.00047488549,-101.472151,-120.000000,18.527849,0.989967,0.000732
p02,p02_phantom_controller_only_phone_connected_full20,p02_phantom_controller_only_phone_connected_full20_b210a_24,p02_phantom_controller_only_phone_connected_full20_b210a_24_phantom_controller_only_phone_connected,phantom_controller_only_phone_connected,0,1,2.4,b210a_24,6,2460000000,20000000,2.000,raw_iq_followup/p02_phantom_controller_only_phone_connected_full20_b210a_24/p02_phantom_controller_only_phone_connected_full20_b210a_24_phantom_controller_only_phone_connected/06_2460.000MHz.cfile,complex_int16_interleaved,0.250000,-50.412119,0.0030157411,0.027924517,0.00024478492,-104.458261,-120.000000,15.541739,0.995481,0.000732
p02,p02_phantom_controller_only_phone_connected_full20,p02_phantom_controller_only_phone_connected_full20_b210a_24,p02_phantom_controller_only_phone_connected_full20_b210a_24_phantom_controller_only_phone_connected,phantom_controller_only_phone_connected,0,1,2.4,b210a_24,7,2470000000,20000000,2.000,raw_iq_followup/p02_phantom_controller_only_phone_connected_full20_b210a_24/p02_phantom_controller_only_phone_connected_full20_b210a_24_phantom_controller_only_phone_connected/07_2470.000MHz.cfile,complex_int16_interleaved,0.250000,-55.427026,0.0016929675,0.018860554,0.0012168553,-102.628098,-120.000000,17.371902,0.993850,0.000732
p02,p02_phantom_controller_only_phone_connected_full20,p02_phantom_controller_only_phone_connected_full20_b210a_24,p02_phantom_controller_only_phone_connected_full20_b210a_24_phantom_controller_only_phone_connected,phantom_controller_only_phone_connected,0,1,2.4,b210a_24,8,2480000000,20000000,2.000,raw_iq_followup/p02_phantom_controller_only_phone_connected_full20_b210a_24/p02_phantom_controller_only_phone_connected_full20_b210a_24_phantom_controller_only_phone_connected/08_2480.000MHz.cfile,complex_int16_interleaved,0.250000,-56.075908,0.0015711025,0.017753573,0.0012686127,-103.003325,-120.000000,16.996675,0.994444,0.000732
p02,p02_phantom_controller_only_phone_connected_full20,p02_phantom_controller_only_phone_connected_full20_b210b_58,p02_phantom_controller_only_phone_connected_full20_b210b_58_phantom_controller_only_phone_connected,phantom_controller_only_phone_connected,0,1,5.8,b210b_58,1,5735000000,20000000,2.000,raw_iq_followup/p02_phantom_controller_only_phone_connected_full20_b210b_58/p02_phantom_controller_only_phone_connected_full20_b210b_58_phantom_controller_only_phone_connected/01_5735.000MHz.cfile,complex_int16_interleaved,0.250000,-50.808139,0.0028813303,0.035994213,0.00031154993,-101.654390,-120.000000,18.345610,0.954786,0.004883
p02,p02_phantom_controller_only_phone_connected_full20,p02_phantom_controller_only_phone_connected_full20_b210b_58,p02_phantom_controller_only_phone_connected_full20_b210b_58_phantom_controller_only_phone_connected,phantom_controller_only_phone_connected,0,1,5.8,b210b_58,2,5745000000,20000000,2.000,raw_iq_followup/p02_phantom_controller_only_phone_connected_full20_b210b_58/p02_phantom_controller_only_phone_connected_full20_b210b_58_phantom_controller_only_phone_connected/02_5745.000MHz.cfile,complex_int16_interleaved,0.250000,-49.217690,0.0034603139,0.032737982,0.00010051172,-103.087986,-120.000000,16.912014,0.949606,0.010254
p02,p02_phantom_controller_only_phone_connected_full20,p02_phantom_controller_only_phone_connected_full20_b210b_58,p02_phantom_controller_only_phone_connected_full20_b210b_58_phantom_controller_only_phone_connected,phantom_controller_only_phone_connected,0,1,5.8,b210b_58,3,5755000000,20000000,2.000,raw_iq_followup/p02_phantom_controller_only_phone_connected_full20_b210b_58/p02_phantom_controller_only_phone_connected_full20_b210b_58_phantom_controller_only_phone_connected/03_5755.000MHz.cfile,complex_int16_interleaved,0.250000,-49.128424,0.0034960591,0.035068627,6.3986769e-05,-104.351937,-120.000000,15.648063,0.949091,0.014893
p02,p02_phantom_controller_only_phone_connected_full20,p02_phantom_controller_only_phone_connected_full20_b210b_58,p02_phantom_controller_only_phone_connected_full20_b210b_58_phantom_controller_only_phone_connected,phantom_controller_only_phone_connected,0,1,5.8,b210b_58,4,5765000000,20000000,2.000,raw_iq_followup/p02_phantom_controller_only_phone_connected_full20_b210b_58/p02_phantom_controller_only_phone_connected_full20_b210b_58_phantom_controller_only_phone_connected/04_5765.000MHz.cfile,complex_int16_interleaved,0.250000,-48.734835,0.0036581223,0.034285925,0.00028979966,-102.071296,-120.000000,17.928704,0.941532,0.008545
p02,p02_phantom_controller_only_phone_connected_full20,p02_phantom_controller_only_phone_connected_full20_b210b_58,p02_phantom_controller_only_phone_connected_full20_b210b_58_phantom_controller_only_phone_connected,phantom_controller_only_phone_connected,0,1,5.8,b210b_58,5,5775000000,20000000,2.000,raw_iq_followup/p02_phantom_controller_only_phone_connected_full20_b210b_58/p02_phantom_controller_only_phone_connected_full20_b210b_58_phantom_controller_only_phone_connected/05_5775.000MHz.cfile,complex_int16_interleaved,0.250000,-49.479152,0.0033577038,0.034698755,0.00022905045,-103.294959,-120.000000,16.705041,0.954540,0.010010
p02,p02_phantom_controller_only_phone_connected_full20,p02_phantom_controller_only_phone_connected_full20_b210b_58,p02_phantom_controller_only_phone_connected_full20_b210b_58_phantom_controller_only_phone_connected,phantom_controller_only_phone_connected,0,1,5.8,b210b_58,6,5785000000,20000000,2.000,raw_iq_followup/p02_phantom_controller_only_phone_connected_full20_b210b_58/p02_phantom_controller_only_phone_connected_full20_b210b_58_phantom_controller_only_phone_connected/06_5785.000MHz.cfile,complex_int16_interleaved,0.250000,-49.683249,0.0032797259,0.030881934,0.0003826471,-101.603430,-120.000000,18.396570,0.954994,0.004883
p02,p02_phantom_controller_only_phone_connected_full20,p02_phantom_controller_only_phone_connected_full20_b210b_58,p02_phantom_controller_only_phone_connected_full20_b210b_58_phantom_controller_only_phone_connected,phantom_controller_only_phone_connected,0,1,5.8,b210b_58,7,5795000000,20000000,2.000,raw_iq_followup/p02_phantom_controller_only_phone_connected_full20_b210b_58/p02_phantom_controller_only_phone_connected_full20_b210b_58_phantom_controller_only_phone_connected/07_5795.000MHz.cfile,complex_int16_interleaved,0.250000,-49.286700,0.0034329304,0.035797652,0.00025016072,-103.060050,-120.000000,16.939950,0.949327,0.010010
p02,p02_phantom_controller_only_phone_connected_full20,p02_phantom_controller_only_phone_connected_full20_b210b_58,p02_phantom_controller_only_phone_connected_full20_b210b_58_phantom_controller_only_phone_connected,phantom_controller_only_phone_connected,0,1,5.8,b210b_58,8,5805000000,20000000,2.000,raw_iq_followup/p02_phantom_controller_only_phone_connected_full20_b210b_58/p02_phantom_controller_only_phone_connected_full20_b210b_58_phantom_controller_only_phone_connected/08_5805.000MHz.cfile,complex_int16_interleaved,0.250000,-50.320872,0.0030475889,0.031000948,0.00046069327,-101.435018,-120.000000,18.564982,0.961868,0.003662
p02,p02_phantom_controller_only_phone_connected_full20,p02_phantom_controller_only_phone_connected_full20_b210b_58,p02_phantom_controller_only_phone_connected_full20_b210b_58_phantom_controller_only_phone_connected,phantom_controller_only_phone_connected,0,1,5.8,b210b_58,9,5815000000,20000000,2.000,raw_iq_followup/p02_phantom_controller_only_phone_connected_full20_b210b_58/p02_phantom_controller_only_phone_connected_full20_b210b_58_phantom_controller_only_phone_connected/09_5815.000MHz.cfile,complex_int16_interleaved,0.250000,-53.754290,0.0020525107,0.022485016,0.00032038408,-106.461519,-120.000000,13.538481,0.989408,0.006348
p02,p02_phantom_controller_only_phone_connected_full20,p02_phantom_controller_only_phone_connected_full20_b210b_58,p02_phantom_controller_only_phone_connected_full20_b210b_58_phantom_controller_only_phone_connected,phantom_controller_only_phone_connected,0,1,5.8,b210b_58,10,5825000000,20000000,2.000,raw_iq_followup/p02_phantom_controller_only_phone_connected_full20_b210b_58/p02_phantom_controller_only_phone_connected_full20_b210b_58_phantom_controller_only_phone_connected/10_5825.000MHz.cfile,complex_int16_interleaved,0.250000,-57.698243,0.0013034301,0.015262207,0.0011456194,-104.735881,-120.000000,15.264119,0.996775,0.000732
p02,p02_phantom_controller_only_phone_connected_full20,p02_phantom_controller_only_phone_connected_full20_b210b_58,p02_phantom_controller_only_phone_connected_full20_b210b_58_phantom_controller_only_phone_connected,phantom_controller_only_phone_connected,0,1,5.8,b210b_58,11,5835000000,20000000,2.000,raw_iq_followup/p02_phantom_controller_only_phone_connected_full20_b210b_58/p02_phantom_controller_only_phone_connected_full20_b210b_58_phantom_controller_only_phone_connected/11_5835.000MHz.cfile,complex_int16_interleaved,0.250000,-57.631047,0.0013135527,0.015746597,0.0012195308,-104.306866,-120.000000,15.693134,0.996304,0.000732
p02,p02_phantom_controller_only_phone_connected_full20,p02_phantom_controller_only_phone_connected_full20_b210b_58,p02_phantom_controller_only_phone_connected_full20_b210b_58_phantom_controller_only_phone_connected,phantom_controller_only_phone_connected,0,1,5.8,b210b_58,12,5845000000,20000000,2.000,raw_iq_followup/p02_phantom_controller_only_phone_connected_full20_b210b_58/p02_phantom_controller_only_phone_connected_full20_b210b_58_phantom_controller_only_phone_connected/12_5845.000MHz.cfile,complex_int16_interleaved,0.250000,-57.335446,0.0013590254,0.01861242,0.0016054324,-102.923101,-120.000000,17.076899,0.994312,0.000732
p02,p02_phantom_linked_phone_connected_full20,p02_phantom_linked_phone_connected_full20_b210a_24,p02_phantom_linked_phone_connected_full20_b210a_24_phantom_linked_phone_connected,phantom_linked_phone_connected,1,0,2.4,b210a_24,1,2410000000,20000000,2.000,raw_iq_followup/p02_phantom_linked_phone_connected_full20_b210a_24/p02_phantom_linked_phone_connected_full20_b210a_24_phantom_linked_phone_connected/01_2410.000MHz.cfile,complex_int16_interleaved,0.250000,-46.934171,0.004500818,0.13172022,0.00023463317,-100.307647,-120.000000,19.692353,0.891962,0.009766
p02,p02_phantom_linked_phone_connected_full20,p02_phantom_linked_phone_connected_full20_b210a_24,p02_phantom_linked_phone_connected_full20_b210a_24_phantom_linked_phone_connected,phantom_linked_phone_connected,1,0,2.4,b210a_24,2,2420000000,20000000,2.000,raw_iq_followup/p02_phantom_linked_phone_connected_full20_b210a_24/p02_phantom_linked_phone_connected_full20_b210a_24_phantom_linked_phone_connected/02_2420.000MHz.cfile,complex_int16_interleaved,0.250000,-46.416512,0.0047772106,0.13416328,9.0565211e-05,-100.766167,-120.000000,19.233833,0.888507,0.015137
p02,p02_phantom_linked_phone_connected_full20,p02_phantom_linked_phone_connected_full20_b210a_24,p02_phantom_linked_phone_connected_full20_b210a_24_phantom_linked_phone_connected,phantom_linked_phone_connected,1,0,2.4,b210a_24,3,2430000000,20000000,2.000,raw_iq_followup/p02_phantom_linked_phone_connected_full20_b210a_24/p02_phantom_linked_phone_connected_full20_b210a_24_phantom_linked_phone_connected/03_2430.000MHz.cfile,complex_int16_interleaved,0.250000,-45.410414,0.005363883,0.13572983,7.4285009e-05,-101.141876,-120.000000,18.858124,0.905178,0.015381
p02,p02_phantom_linked_phone_connected_full20,p02_phantom_linked_phone_connected_full20_b210a_24,p02_phantom_linked_phone_connected_full20_b210a_24_phantom_linked_phone_connected,phantom_linked_phone_connected,1,0,2.4,b210a_24,4,2440000000,20000000,2.000,raw_iq_followup/p02_phantom_linked_phone_connected_full20_b210a_24/p02_phantom_linked_phone_connected_full20_b210a_24_phantom_linked_phone_connected/04_2440.000MHz.cfile,complex_int16_interleaved,0.250000,-32.069180,0.024919597,0.29285756,6.08023e-06,-87.446686,-120.000000,32.553314,0.728803,0.018066
p02,p02_phantom_linked_phone_connected_full20,p02_phantom_linked_phone_connected_full20_b210a_24,p02_phantom_linked_phone_connected_full20_b210a_24_phantom_linked_phone_connected,phantom_linked_phone_connected,1,0,2.4,b210a_24,5,2450000000,20000000,2.000,raw_iq_followup/p02_phantom_linked_phone_connected_full20_b210a_24/p02_phantom_linked_phone_connected_full20_b210a_24_phantom_linked_phone_connected/05_2450.000MHz.cfile,complex_int16_interleaved,0.250000,-21.112375,0.087979449,0.94035089,2.8112904e-07,-84.461041,-94.966906,10.505864,0.919061,0.099121
p02,p02_phantom_linked_phone_connected_full20,p02_phantom_linked_phone_connected_full20_b210a_24,p02_phantom_linked_phone_connected_full20_b210a_24_phantom_linked_phone_connected,phantom_linked_phone_connected,1,0,2.4,b210a_24,6,2460000000,20000000,2.000,raw_iq_followup/p02_phantom_linked_phone_connected_full20_b210a_24/p02_phantom_linked_phone_connected_full20_b210a_24_phantom_linked_phone_connected/06_2460.000MHz.cfile,complex_int16_interleaved,0.250000,-20.174031,0.098016328,1.0176774,2.5664212e-07,-83.689393,-93.756880,10.067487,0.948850,0.075684
p02,p02_phantom_linked_phone_connected_full20,p02_phantom_linked_phone_connected_full20_b210a_24,p02_phantom_linked_phone_connected_full20_b210a_24_phantom_linked_phone_connected,phantom_linked_phone_connected,1,0,2.4,b210a_24,7,2470000000,20000000,2.000,raw_iq_followup/p02_phantom_linked_phone_connected_full20_b210a_24/p02_phantom_linked_phone_connected_full20_b210a_24_phantom_linked_phone_connected/07_2470.000MHz.cfile,complex_int16_interleaved,0.250000,-26.062322,0.049760401,0.57311118,7.4998724e-07,-85.634341,-120.000000,34.365659,0.835679,0.026855
p02,p02_phantom_linked_phone_connected_full20,p02_phantom_linked_phone_connected_full20_b210a_24,p02_phantom_linked_phone_connected_full20_b210a_24_phantom_linked_phone_connected,phantom_linked_phone_connected,1,0,2.4,b210a_24,8,2480000000,20000000,2.000,raw_iq_followup/p02_phantom_linked_phone_connected_full20_b210a_24/p02_phantom_linked_phone_connected_full20_b210a_24_phantom_linked_phone_connected/08_2480.000MHz.cfile,complex_int16_interleaved,0.250000,-48.082698,0.0039433479,0.10701234,0.00011466871,-101.652148,-120.000000,18.347852,0.908999,0.012939
p02,p02_phantom_linked_phone_connected_full20,p02_phantom_linked_phone_connected_full20_b210b_58,p02_phantom_linked_phone_connected_full20_b210b_58_phantom_linked_phone_connected,phantom_linked_phone_connected,1,0,5.8,b210b_58,1,5735000000,20000000,2.000,raw_iq_followup/p02_phantom_linked_phone_connected_full20_b210b_58/p02_phantom_linked_phone_connected_full20_b210b_58_phantom_linked_phone_connected/01_5735.000MHz.cfile,complex_int16_interleaved,0.250000,-51.206718,0.0027520992,0.036636986,0.00044080983,-102.454167,-120.000000,17.545833,0.963621,0.005859
p02,p02_phantom_linked_phone_connected_full20,p02_phantom_linked_phone_connected_full20_b210b_58,p02_phantom_linked_phone_connected_full20_b210b_58_phantom_linked_phone_connected,phantom_linked_phone_connected,1,0,5.8,b210b_58,2,5745000000,20000000,2.000,raw_iq_followup/p02_phantom_linked_phone_connected_full20_b210b_58/p02_phantom_linked_phone_connected_full20_b210b_58_phantom_linked_phone_connected/02_5745.000MHz.cfile,complex_int16_interleaved,0.250000,-49.021765,0.0035392541,0.033907007,0.00046258601,-100.151016,-120.000000,19.848984,0.944848,0.003418
p02,p02_phantom_linked_phone_connected_full20,p02_phantom_linked_phone_connected_full20_b210b_58,p02_phantom_linked_phone_connected_full20_b210b_58_phantom_linked_phone_connected,phantom_linked_phone_connected,1,0,5.8,b210b_58,3,5755000000,20000000,2.000,raw_iq_followup/p02_phantom_linked_phone_connected_full20_b210b_58/p02_phantom_linked_phone_connected_full20_b210b_58_phantom_linked_phone_connected/03_5755.000MHz.cfile,complex_int16_interleaved,0.250000,-48.813262,0.003625241,0.034892537,9.5833258e-05,-102.590447,-120.000000,17.409553,0.943672,0.008789
p02,p02_phantom_linked_phone_connected_full20,p02_phantom_linked_phone_connected_full20_b210b_58,p02_phantom_linked_phone_connected_full20_b210b_58_phantom_linked_phone_connected,phantom_linked_phone_connected,1,0,5.8,b210b_58,4,5765000000,20000000,2.000,raw_iq_followup/p02_phantom_linked_phone_connected_full20_b210b_58/p02_phantom_linked_phone_connected_full20_b210b_58_phantom_linked_phone_connected/04_5765.000MHz.cfile,complex_int16_interleaved,0.250000,-49.046486,0.0035291951,0.033848893,0.00031922384,-101.688674,-120.000000,18.311326,0.948379,0.007080
p02,p02_phantom_linked_phone_connected_full20,p02_phantom_linked_phone_connected_full20_b210b_58,p02_phantom_linked_phone_connected_full20_b210b_58_phantom_linked_phone_connected,phantom_linked_phone_connected,1,0,5.8,b210b_58,5,5775000000,20000000,2.000,raw_iq_followup/p02_phantom_linked_phone_connected_full20_b210b_58/p02_phantom_linked_phone_connected_full20_b210b_58_phantom_linked_phone_connected/05_5775.000MHz.cfile,complex_int16_interleaved,0.250000,-49.938723,0.0031846655,0.029641807,0.0002573417,-103.195122,-120.000000,16.804878,0.958374,0.007812
p02,p02_phantom_linked_phone_connected_full20,p02_phantom_linked_phone_connected_full20_b210b_58,p02_phantom_linked_phone_connected_full20_b210b_58_phantom_linked_phone_connected,phantom_linked_phone_connected,1,0,5.8,b210b_58,6,5785000000,20000000,2.000,raw_iq_followup/p02_phantom_linked_phone_connected_full20_b210b_58/p02_phantom_linked_phone_connected_full20_b210b_58_phantom_linked_phone_connected/06_5785.000MHz.cfile,complex_int16_interleaved,0.250000,-50.490152,0.0029887691,0.032488611,0.00019750049,-104.992853,-120.000000,15.007147,0.968905,0.010742
p02,p02_phantom_linked_phone_connected_full20,p02_phantom_linked_phone_connected_full20_b210b_58,p02_phantom_linked_phone_connected_full20_b210b_58_phantom_linked_phone_connected,phantom_linked_phone_connected,1,0,5.8,b210b_58,7,5795000000,20000000,2.000,raw_iq_followup/p02_phantom_linked_phone_connected_full20_b210b_58/p02_phantom_linked_phone_connected_full20_b210b_58_phantom_linked_phone_connected/07_5795.000MHz.cfile,complex_int16_interleaved,0.250000,-50.494674,0.0029872135,0.032008503,0.00022140615,-104.903326,-120.000000,15.096674,0.966032,0.010254
p02,p02_phantom_linked_phone_connected_full20,p02_phantom_linked_phone_connected_full20_b210b_58,p02_phantom_linked_phone_connected_full20_b210b_58_phantom_linked_phone_connected,phantom_linked_phone_connected,1,0,5.8,b210b_58,8,5805000000,20000000,2.000,raw_iq_followup/p02_phantom_linked_phone_connected_full20_b210b_58/p02_phantom_linked_phone_connected_full20_b210b_58_phantom_linked_phone_connected/08_5805.000MHz.cfile,complex_int16_interleaved,0.250000,-51.174091,0.0027624564,0.030870713,0.00024610966,-104.894563,-120.000000,15.105437,0.974989,0.009033
p02,p02_phantom_linked_phone_connected_full20,p02_phantom_linked_phone_connected_full20_b210b_58,p02_phantom_linked_phone_connected_full20_b210b_58_phantom_linked_phone_connected,phantom_linked_phone_connected,1,0,5.8,b210b_58,9,5815000000,20000000,2.000,raw_iq_followup/p02_phantom_linked_phone_connected_full20_b210b_58/p02_phantom_linked_phone_connected_full20_b210b_58_phantom_linked_phone_connected/09_5815.000MHz.cfile,complex_int16_interleaved,0.250000,-54.078085,0.0019774052,0.021372613,6.0634647e-05,-108.220167,-120.000000,11.779833,0.990549,0.007812
p02,p02_phantom_linked_phone_connected_full20,p02_phantom_linked_phone_connected_full20_b210b_58,p02_phantom_linked_phone_connected_full20_b210b_58_phantom_linked_phone_connected,phantom_linked_phone_connected,1,0,5.8,b210b_58,10,5825000000,20000000,2.000,raw_iq_followup/p02_phantom_linked_phone_connected_full20_b210b_58/p02_phantom_linked_phone_connected_full20_b210b_58_phantom_linked_phone_connected/10_5825.000MHz.cfile,complex_int16_interleaved,0.250000,-57.756073,0.0012947808,0.014369081,0.0010364893,-105.063100,-120.000000,14.936900,0.997086,0.000732
p02,p02_phantom_linked_phone_connected_full20,p02_phantom_linked_phone_connected_full20_b210b_58,p02_phantom_linked_phone_connected_full20_b210b_58_phantom_linked_phone_connected,phantom_linked_phone_connected,1,0,5.8,b210b_58,11,5835000000,20000000,2.000,raw_iq_followup/p02_phantom_linked_phone_connected_full20_b210b_58/p02_phantom_linked_phone_connected_full20_b210b_58_phantom_linked_phone_connected/11_5835.000MHz.cfile,complex_int16_interleaved,0.250000,-58.342211,0.0012102895,0.0055672629,8.1035891e-05,-112.141045,-120.000000,7.858955,0.999769,0.000732
p02,p02_phantom_linked_phone_connected_full20,p02_phantom_linked_phone_connected_full20_b210b_58,p02_phantom_linked_phone_connected_full20_b210b_58_phantom_linked_phone_connected,phantom_linked_phone_connected,1,0,5.8,b210b_58,12,5845000000,20000000,2.000,raw_iq_followup/p02_phantom_linked_phone_connected_full20_b210b_58/p02_phantom_linked_phone_connected_full20_b210b_58_phantom_linked_phone_connected/12_5845.000MHz.cfile,complex_int16_interleaved,0.250000,-57.900310,0.0012734573,0.013297297,0.00089499351,-106.103926,-120.000000,13.896074,0.997925,0.000732
p03,p03_phantom_controller_only_phone_connected_full20,p03_phantom_controller_only_phone_connected_full20_b210a_24,p03_phantom_controller_only_phone_connected_full20_b210a_24_phantom_controller_only_phone_connected,phantom_controller_only_phone_connected,0,1,2.4,b210a_24,1,2410000000,20000000,2.000,raw_iq_followup/p03_phantom_controller_only_phone_connected_full20_b210a_24/p03_phantom_controller_only_phone_connected_full20_b210a_24_phantom_controller_only_phone_connected/01_2410.000MHz.cfile,complex_int16_interleaved,0.250000,-45.882895,0.0050799011,0.12247229,6.3356657e-05,-100.020804,-120.000000,19.979196,0.870663,0.014893
p03,p03_phantom_controller_only_phone_connected_full20,p03_phantom_controller_only_phone_connected_full20_b210a_24,p03_phantom_controller_only_phone_connected_full20_b210a_24_phantom_controller_only_phone_connected,phantom_controller_only_phone_connected,0,1,2.4,b210a_24,2,2420000000,20000000,2.000,raw_iq_followup/p03_phantom_controller_only_phone_connected_full20_b210a_24/p03_phantom_controller_only_phone_connected_full20_b210a_24_phantom_controller_only_phone_connected/02_2420.000MHz.cfile,complex_int16_interleaved,0.250000,-52.990764,0.0022411026,0.019598298,0.00029923238,-106.507216,-120.000000,13.492784,0.996673,0.000977
p03,p03_phantom_controller_only_phone_connected_full20,p03_phantom_controller_only_phone_connected_full20_b210a_24,p03_phantom_controller_only_phone_connected_full20_b210a_24_phantom_controller_only_phone_connected,phantom_controller_only_phone_connected,0,1,2.4,b210a_24,3,2430000000,20000000,2.000,raw_iq_followup/p03_phantom_controller_only_phone_connected_full20_b210a_24/p03_phantom_controller_only_phone_connected_full20_b210a_24_phantom_controller_only_phone_connected/03_2430.000MHz.cfile,complex_int16_interleaved,0.250000,-49.388566,0.0033929049,0.067291334,0.00030453656,-102.733620,-120.000000,17.266380,0.965943,0.004395
p03,p03_phantom_controller_only_phone_connected_full20,p03_phantom_controller_only_phone_connected_full20_b210a_24,p03_phantom_controller_only_phone_connected_full20_b210a_24_phantom_controller_only_phone_connected,phantom_controller_only_phone_connected,0,1,2.4,b210a_24,4,2440000000,20000000,2.000,raw_iq_followup/p03_phantom_controller_only_phone_connected_full20_b210a_24/p03_phantom_controller_only_phone_connected_full20_b210a_24_phantom_controller_only_phone_connected/04_2440.000MHz.cfile,complex_int16_interleaved,0.250000,-29.770998,0.032467595,0.3272393,2.9933248e-06,-89.033736,-120.000000,30.966264,0.733601,0.068604
p03,p03_phantom_controller_only_phone_connected_full20,p03_phantom_controller_only_phone_connected_full20_b210a_24,p03_phantom_controller_only_phone_connected_full20_b210a_24_phantom_controller_only_phone_connected,phantom_controller_only_phone_connected,0,1,2.4,b210a_24,5,2450000000,20000000,2.000,raw_iq_followup/p03_phantom_controller_only_phone_connected_full20_b210a_24/p03_phantom_controller_only_phone_connected_full20_b210a_24_phantom_controller_only_phone_connected/05_2450.000MHz.cfile,complex_int16_interleaved,0.250000,-26.454139,0.047565606,0.32398248,1.3609306e-06,-91.808433,-105.457676,13.649243,0.888927,0.254639
p03,p03_phantom_controller_only_phone_connected_full20,p03_phantom_controller_only_phone_connected_full20_b210a_24,p03_phantom_controller_only_phone_connected_full20_b210a_24_phantom_controller_only_phone_connected,phantom_controller_only_phone_connected,0,1,2.4,b210a_24,6,2460000000,20000000,2.000,raw_iq_followup/p03_phantom_controller_only_phone_connected_full20_b210a_24/p03_phantom_controller_only_phone_connected_full20_b210a_24_phantom_controller_only_phone_connected/06_2460.000MHz.cfile,complex_int16_interleaved,0.250000,-30.112931,0.031214289,0.41053867,2.1700877e-06,-95.639347,-104.885116,9.245769,0.928658,0.241455
p03,p03_phantom_controller_only_phone_connected_full20,p03_phantom_controller_only_phone_connected_full20_b210a_24,p03_phantom_controller_only_phone_connected_full20_b210a_24_phantom_controller_only_phone_connected,phantom_controller_only_phone_connected,0,1,2.4,b210a_24,7,2470000000,20000000,2.000,raw_iq_followup/p03_phantom_controller_only_phone_connected_full20_b210a_24/p03_phantom_controller_only_phone_connected_full20_b210a_24_phantom_controller_only_phone_connected/07_2470.000MHz.cfile,complex_int16_interleaved,0.250000,-37.605227,0.013174636,0.21708691,6.0180117e-06,-100.345821,-120.000000,19.654179,0.856961,0.144531
p03,p03_phantom_controller_only_phone_connected_full20,p03_phantom_controller_only_phone_connected_full20_b210a_24,p03_phantom_controller_only_phone_connected_full20_b210a_24_phantom_controller_only_phone_connected,phantom_controller_only_phone_connected,0,1,2.4,b210a_24,8,2480000000,20000000,2.000,raw_iq_followup/p03_phantom_controller_only_phone_connected_full20_b210a_24/p03_phantom_controller_only_phone_connected_full20_b210a_24_phantom_controller_only_phone_connected/08_2480.000MHz.cfile,complex_int16_interleaved,0.250000,-55.282714,0.0017213304,0.020727525,0.00090912026,-103.678730,-120.000000,16.321270,0.995308,0.000732
p03,p03_phantom_controller_only_phone_connected_full20,p03_phantom_controller_only_phone_connected_full20_b210b_58,p03_phantom_controller_only_phone_connected_full20_b210b_58_phantom_controller_only_phone_connected,phantom_controller_only_phone_connected,0,1,5.8,b210b_58,1,5735000000,20000000,2.000,raw_iq_followup/p03_phantom_controller_only_phone_connected_full20_b210b_58/p03_phantom_controller_only_phone_connected_full20_b210b_58_phantom_controller_only_phone_connected/01_5735.000MHz.cfile,complex_int16_interleaved,0.250000,-51.721635,0.0025936908,0.035383258,0.00055750701,-101.827330,-120.000000,18.172670,0.968801,0.003174
p03,p03_phantom_controller_only_phone_connected_full20,p03_phantom_controller_only_phone_connected_full20_b210b_58,p03_phantom_controller_only_phone_connected_full20_b210b_58_phantom_controller_only_phone_connected,phantom_controller_only_phone_connected,0,1,5.8,b210b_58,2,5745000000,20000000,2.000,raw_iq_followup/p03_phantom_controller_only_phone_connected_full20_b210b_58/p03_phantom_controller_only_phone_connected_full20_b210b_58_phantom_controller_only_phone_connected/02_5745.000MHz.cfile,complex_int16_interleaved,0.250000,-51.667622,0.00260987,0.029051868,0.00011292737,-105.462396,-120.000000,14.537604,0.976786,0.006592
p03,p03_phantom_controller_only_phone_connected_full20,p03_phantom_controller_only_phone_connected_full20_b210b_58,p03_phantom_controller_only_phone_connected_full20_b210b_58_phantom_controller_only_phone_connected,phantom_controller_only_phone_connected,0,1,5.8,b210b_58,3,5755000000,20000000,2.000,raw_iq_followup/p03_phantom_controller_only_phone_connected_full20_b210b_58/p03_phantom_controller_only_phone_connected_full20_b210b_58_phantom_controller_only_phone_connected/03_5755.000MHz.cfile,complex_int16_interleaved,0.250000,-48.706334,0.0036701454,0.035154566,0.00014173653,-102.977142,-120.000000,17.022858,0.943762,0.010986
p03,p03_phantom_controller_only_phone_connected_full20,p03_phantom_controller_only_phone_connected_full20_b210b_58,p03_phantom_controller_only_phone_connected_full20_b210b_58_phantom_controller_only_phone_connected,phantom_controller_only_phone_connected,0,1,5.8,b210b_58,4,5765000000,20000000,2.000,raw_iq_followup/p03_phantom_controller_only_phone_connected_full20_b210b_58/p03_phantom_controller_only_phone_connected_full20_b210b_58_phantom_controller_only_phone_connected/04_5765.000MHz.cfile,complex_int16_interleaved,0.250000,-48.363051,0.0038181013,0.03622447,0.0001750175,-102.681605,-120.000000,17.318395,0.935873,0.010498
p03,p03_phantom_controller_only_phone_connected_full20,p03_phantom_controller_only_phone_connected_full20_b210b_58,p03_phantom_controller_only_phone_connected_full20_b210b_58_phantom_controller_only_phone_connected,phantom_controller_only_phone_connected,0,1,5.8,b210b_58,5,5775000000,20000000,2.000,raw_iq_followup/p03_phantom_controller_only_phone_connected_full20_b210b_58/p03_phantom_controller_only_phone_connected_full20_b210b_58_phantom_controller_only_phone_connected/05_5775.000MHz.cfile,complex_int16_interleaved,0.250000,-50.550307,0.0029681415,0.031291593,0.00037097952,-102.378976,-120.000000,17.621024,0.966620,0.003662
p03,p03_phantom_controller_only_phone_connected_full20,p03_phantom_controller_only_phone_connected_full20_b210b_58,p03_phantom_controller_only_phone_connected_full20_b210b_58_phantom_controller_only_phone_connected,phantom_controller_only_phone_connected,0,1,5.8,b210b_58,6,5785000000,20000000,2.000,raw_iq_followup/p03_phantom_controller_only_phone_connected_full20_b210b_58/p03_phantom_controller_only_phone_connected_full20_b210b_58_phantom_controller_only_phone_connected/06_5785.000MHz.cfile,complex_int16_interleaved,0.250000,-52.825571,0.0022841331,0.021626113,0.00080585963,-101.458098,-120.000000,18.541902,0.983308,0.000732
p03,p03_phantom_controller_only_phone_connected_full20,p03_phantom_controller_only_phone_connected_full20_b210b_58,p03_phantom_controller_only_phone_connected_full20_b210b_58_phantom_controller_only_phone_connected,phantom_controller_only_phone_connected,0,1,5.8,b210b_58,7,5795000000,20000000,2.000,raw_iq_followup/p03_phantom_controller_only_phone_connected_full20_b210b_58/p03_phantom_controller_only_phone_connected_full20_b210b_58_phantom_controller_only_phone_connected/07_5795.000MHz.cfile,complex_int16_interleaved,0.250000,-51.590340,0.0026331947,0.027603095,0.00063827492,-100.970859,-120.000000,19.029141,0.972547,0.000977
p03,p03_phantom_controller_only_phone_connected_full20,p03_phantom_controller_only_phone_connected_full20_b210b_58,p03_phantom_controller_only_phone_connected_full20_b210b_58_phantom_controller_only_phone_connected,phantom_controller_only_phone_connected,0,1,5.8,b210b_58,8,5805000000,20000000,2.000,raw_iq_followup/p03_phantom_controller_only_phone_connected_full20_b210b_58/p03_phantom_controller_only_phone_connected_full20_b210b_58_phantom_controller_only_phone_connected/08_5805.000MHz.cfile,complex_int16_interleaved,0.250000,-50.108020,0.003123194,0.030340828,0.00037233446,-102.235501,-120.000000,17.764499,0.959628,0.004150
p03,p03_phantom_controller_only_phone_connected_full20,p03_phantom_controller_only_phone_connected_full20_b210b_58,p03_phantom_controller_only_phone_connected_full20_b210b_58_phantom_controller_only_phone_connected,phantom_controller_only_phone_connected,0,1,5.8,b210b_58,9,5815000000,20000000,2.000,raw_iq_followup/p03_phantom_controller_only_phone_connected_full20_b210b_58/p03_phantom_controller_only_phone_connected_full20_b210b_58_phantom_controller_only_phone_connected/09_5815.000MHz.cfile,complex_int16_interleaved,0.250000,-52.093783,0.0024849109,0.028005645,0.00031263857,-104.647751,-120.000000,15.352249,0.974797,0.006592
p03,p03_phantom_controller_only_phone_connected_full20,p03_phantom_controller_only_phone_connected_full20_b210b_58,p03_phantom_controller_only_phone_connected_full20_b210b_58_phantom_controller_only_phone_connected,phantom_controller_only_phone_connected,0,1,5.8,b210b_58,10,5825000000,20000000,2.000,raw_iq_followup/p03_phantom_controller_only_phone_connected_full20_b210b_58/p03_phantom_controller_only_phone_connected_full20_b210b_58_phantom_controller_only_phone_connected/10_5825.000MHz.cfile,complex_int16_interleaved,0.250000,-57.180547,0.0013834788,0.019198831,0.0017606439,-102.317068,-120.000000,17.682932,0.993168,0.000732
p03,p03_phantom_controller_only_phone_connected_full20,p03_phantom_controller_only_phone_connected_full20_b210b_58,p03_phantom_controller_only_phone_connected_full20_b210b_58_phantom_controller_only_phone_connected,phantom_controller_only_phone_connected,0,1,5.8,b210b_58,11,5835000000,20000000,2.000,raw_iq_followup/p03_phantom_controller_only_phone_connected_full20_b210b_58/p03_phantom_controller_only_phone_connected_full20_b210b_58_phantom_controller_only_phone_connected/11_5835.000MHz.cfile,complex_int16_interleaved,0.250000,-57.585312,0.0013204875,0.016142847,0.0011271212,-104.076554,-120.000000,15.923446,0.996026,0.000732
p03,p03_phantom_controller_only_phone_connected_full20,p03_phantom_controller_only_phone_connected_full20_b210b_58,p03_phantom_controller_only_phone_connected_full20_b210b_58_phantom_controller_only_phone_connected,phantom_controller_only_phone_connected,0,1,5.8,b210b_58,12,5845000000,20000000,2.000,raw_iq_followup/p03_phantom_controller_only_phone_connected_full20_b210b_58/p03_phantom_controller_only_phone_connected_full20_b210b_58_phantom_controller_only_phone_connected/12_5845.000MHz.cfile,complex_int16_interleaved,0.250000,-58.147222,0.0012377666,0.009765625,0.00046776005,-108.707373,-120.000000,11.292627,0.999151,0.000732
p03,p03_phantom_linked_phone_connected_full20,p03_phantom_linked_phone_connected_full20_b210a_24,p03_phantom_linked_phone_connected_full20_b210a_24_phantom_linked_phone_connected,phantom_linked_phone_connected,1,0,2.4,b210a_24,1,2410000000,20000000,2.000,raw_iq_followup/p03_phantom_linked_phone_connected_full20_b210a_24/p03_phantom_linked_phone_connected_full20_b210a_24_phantom_linked_phone_connected/01_2410.000MHz.cfile,complex_int16_interleaved,0.250000,-52.037338,0.0025011117,0.024400802,0.00023233447,-106.420399,-120.000000,13.579601,0.996689,0.000732
p03,p03_phantom_linked_phone_connected_full20,p03_phantom_linked_phone_connected_full20_b210a_24,p03_phantom_linked_phone_connected_full20_b210a_24_phantom_linked_phone_connected,phantom_linked_phone_connected,1,0,2.4,b210a_24,2,2420000000,20000000,2.000,raw_iq_followup/p03_phantom_linked_phone_connected_full20_b210a_24/p03_phantom_linked_phone_connected_full20_b210a_24_phantom_linked_phone_connected/02_2420.000MHz.cfile,complex_int16_interleaved,0.250000,-50.813832,0.0028794422,0.04175698,0.00020463184,-105.720895,-120.000000,14.279105,0.994859,0.000732
p03,p03_phantom_linked_phone_connected_full20,p03_phantom_linked_phone_connected_full20_b210a_24,p03_phantom_linked_phone_connected_full20_b210a_24_phantom_linked_phone_connected,phantom_linked_phone_connected,1,0,2.4,b210a_24,3,2430000000,20000000,2.000,raw_iq_followup/p03_phantom_linked_phone_connected_full20_b210a_24/p03_phantom_linked_phone_connected_full20_b210a_24_phantom_linked_phone_connected/03_2430.000MHz.cfile,complex_int16_interleaved,0.250000,-50.043628,0.0031464336,0.034591656,0.00034288318,-102.860409,-120.000000,17.139591,0.987235,0.000732
p03,p03_phantom_linked_phone_connected_full20,p03_phantom_linked_phone_connected_full20_b210a_24,p03_phantom_linked_phone_connected_full20_b210a_24_phantom_linked_phone_connected,phantom_linked_phone_connected,1,0,2.4,b210a_24,4,2440000000,20000000,2.000,raw_iq_followup/p03_phantom_linked_phone_connected_full20_b210a_24/p03_phantom_linked_phone_connected_full20_b210a_24_phantom_linked_phone_connected/04_2440.000MHz.cfile,complex_int16_interleaved,0.250000,-30.691186,0.029203891,0.33972627,2.8891375e-06,-86.798161,-120.000000,33.201839,0.732518,0.021729
p03,p03_phantom_linked_phone_connected_full20,p03_phantom_linked_phone_connected_full20_b210a_24,p03_phantom_linked_phone_connected_full20_b210a_24_phantom_linked_phone_connected,phantom_linked_phone_connected,1,0,2.4,b210a_24,5,2450000000,20000000,2.000,raw_iq_followup/p03_phantom_linked_phone_connected_full20_b210a_24/p03_phantom_linked_phone_connected_full20_b210a_24_phantom_linked_phone_connected/05_2450.000MHz.cfile,complex_int16_interleaved,0.250000,-21.152657,0.087572377,1.0034602,6.5224565e-07,-83.857934,-95.312803,11.454870,0.912090,0.080811
p03,p03_phantom_linked_phone_connected_full20,p03_phantom_linked_phone_connected_full20_b210a_24,p03_phantom_linked_phone_connected_full20_b210a_24_phantom_linked_phone_connected,phantom_linked_phone_connected,1,0,2.4,b210a_24,6,2460000000,20000000,2.000,raw_iq_followup/p03_phantom_linked_phone_connected_full20_b210a_24/p03_phantom_linked_phone_connected_full20_b210a_24_phantom_linked_phone_connected/06_2460.000MHz.cfile,complex_int16_interleaved,0.250000,-19.489975,0.1060477,1.1155963,4.7891552e-07,-81.571235,-93.348026,11.776791,0.944389,0.035889
p03,p03_phantom_linked_phone_connected_full20,p03_phantom_linked_phone_connected_full20_b210a_24,p03_phantom_linked_phone_connected_full20_b210a_24_phantom_linked_phone_connected,phantom_linked_phone_connected,1,0,2.4,b210a_24,7,2470000000,20000000,2.000,raw_iq_followup/p03_phantom_linked_phone_connected_full20_b210a_24/p03_phantom_linked_phone_connected_full20_b210a_24_phantom_linked_phone_connected/07_2470.000MHz.cfile,complex_int16_interleaved,0.250000,-25.936830,0.050484552,0.68996692,2.2115154e-06,-84.333112,-120.000000,35.666888,0.829539,0.019775
p03,p03_phantom_linked_phone_connected_full20,p03_phantom_linked_phone_connected_full20_b210a_24,p03_phantom_linked_phone_connected_full20_b210a_24_phantom_linked_phone_connected,phantom_linked_phone_connected,1,0,2.4,b210a_24,8,2480000000,20000000,2.000,raw_iq_followup/p03_phantom_linked_phone_connected_full20_b210a_24/p03_phantom_linked_phone_connected_full20_b210a_24_phantom_linked_phone_connected/08_2480.000MHz.cfile,complex_int16_interleaved,0.250000,-53.319052,0.0021579798,0.030107597,0.00058197417,-103.163513,-120.000000,16.836487,0.989762,0.000732
p03,p03_phantom_linked_phone_connected_full20,p03_phantom_linked_phone_connected_full20_b210b_58,p03_phantom_linked_phone_connected_full20_b210b_58_phantom_linked_phone_connected,phantom_linked_phone_connected,1,0,5.8,b210b_58,1,5735000000,20000000,2.000,raw_iq_followup/p03_phantom_linked_phone_connected_full20_b210b_58/p03_phantom_linked_phone_connected_full20_b210b_58_phantom_linked_phone_connected/01_5735.000MHz.cfile,complex_int16_interleaved,0.250000,-51.521351,0.0026541926,0.031161735,0.00023914651,-104.539355,-120.000000,15.460645,0.968800,0.007080
p03,p03_phantom_linked_phone_connected_full20,p03_phantom_linked_phone_connected_full20_b210b_58,p03_phantom_linked_phone_connected_full20_b210b_58_phantom_linked_phone_connected,phantom_linked_phone_connected,1,0,5.8,b210b_58,2,5745000000,20000000,2.000,raw_iq_followup/p03_phantom_linked_phone_connected_full20_b210b_58/p03_phantom_linked_phone_connected_full20_b210b_58_phantom_linked_phone_connected/02_5745.000MHz.cfile,complex_int16_interleaved,0.250000,-48.991189,0.003551735,0.034301773,7.6682752e-05,-101.661960,-120.000000,18.338040,0.948354,0.005371
p03,p03_phantom_linked_phone_connected_full20,p03_phantom_linked_phone_connected_full20_b210b_58,p03_phantom_linked_phone_connected_full20_b210b_58_phantom_linked_phone_connected,phantom_linked_phone_connected,1,0,5.8,b210b_58,3,5755000000,20000000,2.000,raw_iq_followup/p03_phantom_linked_phone_connected_full20_b210b_58/p03_phantom_linked_phone_connected_full20_b210b_58_phantom_linked_phone_connected/03_5755.000MHz.cfile,complex_int16_interleaved,0.250000,-48.456673,0.0037771681,0.035356402,0.0002351313,-102.324712,-120.000000,17.675288,0.938181,0.009521
p03,p03_phantom_linked_phone_connected_full20,p03_phantom_linked_phone_connected_full20_b210b_58,p03_phantom_linked_phone_connected_full20_b210b_58_phantom_linked_phone_connected,phantom_linked_phone_connected,1,0,5.8,b210b_58,4,5765000000,20000000,2.000,raw_iq_followup/p03_phantom_linked_phone_connected_full20_b210b_58/p03_phantom_linked_phone_connected_full20_b210b_58_phantom_linked_phone_connected/04_5765.000MHz.cfile,complex_int16_interleaved,0.250000,-49.752425,0.0032537092,0.035739094,0.00016863207,-102.361470,-120.000000,17.638530,0.956681,0.006104
p03,p03_phantom_linked_phone_connected_full20,p03_phantom_linked_phone_connected_full20_b210b_58,p03_phantom_linked_phone_connected_full20_b210b_58_phantom_linked_phone_connected,phantom_linked_phone_connected,1,0,5.8,b210b_58,5,5775000000,20000000,2.000,raw_iq_followup/p03_phantom_linked_phone_connected_full20_b210b_58/p03_phantom_linked_phone_connected_full20_b210b_58_phantom_linked_phone_connected/05_5775.000MHz.cfile,complex_int16_interleaved,0.250000,-51.594935,0.0026318019,0.028001521,0.00043268908,-102.902507,-120.000000,17.097493,0.976673,0.003174
p03,p03_phantom_linked_phone_connected_full20,p03_phantom_linked_phone_connected_full20_b210b_58,p03_phantom_linked_phone_connected_full20_b210b_58_phantom_linked_phone_connected,phantom_linked_phone_connected,1,0,5.8,b210b_58,6,5785000000,20000000,2.000,raw_iq_followup/p03_phantom_linked_phone_connected_full20_b210b_58/p03_phantom_linked_phone_connected_full20_b210b_58_phantom_linked_phone_connected/06_5785.000MHz.cfile,complex_int16_interleaved,0.250000,-53.483703,0.0021174579,0.019717284,0.0003872919,-104.771247,-120.000000,15.228753,0.991362,0.001221
p03,p03_phantom_linked_phone_connected_full20,p03_phantom_linked_phone_connected_full20_b210b_58,p03_phantom_linked_phone_connected_full20_b210b_58_phantom_linked_phone_connected,phantom_linked_phone_connected,1,0,5.8,b210b_58,7,5795000000,20000000,2.000,raw_iq_followup/p03_phantom_linked_phone_connected_full20_b210b_58/p03_phantom_linked_phone_connected_full20_b210b_58_phantom_linked_phone_connected/07_5795.000MHz.cfile,complex_int16_interleaved,0.250000,-51.882656,0.0025460514,0.026514437,0.00041232061,-103.225667,-120.000000,16.774333,0.979165,0.002930
p03,p03_phantom_linked_phone_connected_full20,p03_phantom_linked_phone_connected_full20_b210b_58,p03_phantom_linked_phone_connected_full20_b210b_58_phantom_linked_phone_connected,phantom_linked_phone_connected,1,0,5.8,b210b_58,8,5805000000,20000000,2.000,raw_iq_followup/p03_phantom_linked_phone_connected_full20_b210b_58/p03_phantom_linked_phone_connected_full20_b210b_58_phantom_linked_phone_connected/08_5805.000MHz.cfile,complex_int16_interleaved,0.250000,-50.504365,0.0029838825,0.030614242,0.00028941433,-103.797708,-120.000000,16.202292,0.968361,0.009521
p03,p03_phantom_linked_phone_connected_full20,p03_phantom_linked_phone_connected_full20_b210b_58,p03_phantom_linked_phone_connected_full20_b210b_58_phantom_linked_phone_connected,phantom_linked_phone_connected,1,0,5.8,b210b_58,9,5815000000,20000000,2.000,raw_iq_followup/p03_phantom_linked_phone_connected_full20_b210b_58/p03_phantom_linked_phone_connected_full20_b210b_58_phantom_linked_phone_connected/09_5815.000MHz.cfile,complex_int16_interleaved,0.250000,-52.226654,0.0024471877,0.027997945,0.00018340074,-105.580689,-120.000000,14.419311,0.976103,0.007324
p03,p03_phantom_linked_phone_connected_full20,p03_phantom_linked_phone_connected_full20_b210b_58,p03_phantom_linked_phone_connected_full20_b210b_58_phantom_linked_phone_connected,phantom_linked_phone_connected,1,0,5.8,b210b_58,10,5825000000,20000000,2.000,raw_iq_followup/p03_phantom_linked_phone_connected_full20_b210b_58/p03_phantom_linked_phone_connected_full20_b210b_58_phantom_linked_phone_connected/10_5825.000MHz.cfile,complex_int16_interleaved,0.250000,-56.757320,0.0014525594,0.022965467,0.0022130467,-100.823324,-120.000000,19.176676,0.989328,0.000732
p03,p03_phantom_linked_phone_connected_full20,p03_phantom_linked_phone_connected_full20_b210b_58,p03_phantom_linked_phone_connected_full20_b210b_58_phantom_linked_phone_connected,phantom_linked_phone_connected,1,0,5.8,b210b_58,11,5835000000,20000000,2.000,raw_iq_followup/p03_phantom_linked_phone_connected_full20_b210b_58/p03_phantom_linked_phone_connected_full20_b210b_58_phantom_linked_phone_connected/11_5835.000MHz.cfile,complex_int16_interleaved,0.250000,-57.613188,0.0013162563,0.015655488,0.0012892185,-104.319374,-120.000000,15.680626,0.996320,0.000732
p03,p03_phantom_linked_phone_connected_full20,p03_phantom_linked_phone_connected_full20_b210b_58,p03_phantom_linked_phone_connected_full20_b210b_58_phantom_linked_phone_connected,phantom_linked_phone_connected,1,0,5.8,b210b_58,12,5845000000,20000000,2.000,raw_iq_followup/p03_phantom_linked_phone_connected_full20_b210b_58/p03_phantom_linked_phone_connected_full20_b210b_58_phantom_linked_phone_connected/12_5845.000MHz.cfile,complex_int16_interleaved,0.250000,-58.007969,0.0012577706,0.011809948,0.00073272328,-106.982667,-120.000000,13.017333,0.998457,0.000732
p04,p04_phantom_controller_only_phone_connected_full20,p04_phantom_controller_only_phone_connected_full20_b210a_24,p04_phantom_controller_only_phone_connected_full20_b210a_24_phantom_controller_only_phone_connected,phantom_controller_only_phone_connected,0,1,2.4,b210a_24,1,2410000000,20000000,2.000,raw_iq_followup/p04_phantom_controller_only_phone_connected_full20_b210a_24/p04_phantom_controller_only_phone_connected_full20_b210a_24_phantom_controller_only_phone_connected/01_2410.000MHz.cfile,complex_int16_interleaved,0.250000,-51.261939,0.0027346581,0.022957273,0.0002716467,-105.340012,-120.000000,14.659988,0.995823,0.000732
p04,p04_phantom_controller_only_phone_connected_full20,p04_phantom_controller_only_phone_connected_full20_b210a_24,p04_phantom_controller_only_phone_connected_full20_b210a_24_phantom_controller_only_phone_connected,phantom_controller_only_phone_connected,0,1,2.4,b210a_24,2,2420000000,20000000,2.000,raw_iq_followup/p04_phantom_controller_only_phone_connected_full20_b210a_24/p04_phantom_controller_only_phone_connected_full20_b210a_24_phantom_controller_only_phone_connected/02_2420.000MHz.cfile,complex_int16_interleaved,0.250000,-51.183589,0.0027594373,0.024418944,0.00043407561,-102.755205,-120.000000,17.244795,0.990571,0.000732
p04,p04_phantom_controller_only_phone_connected_full20,p04_phantom_controller_only_phone_connected_full20_b210a_24,p04_phantom_controller_only_phone_connected_full20_b210a_24_phantom_controller_only_phone_connected,phantom_controller_only_phone_connected,0,1,2.4,b210a_24,3,2430000000,20000000,2.000,raw_iq_followup/p04_phantom_controller_only_phone_connected_full20_b210a_24/p04_phantom_controller_only_phone_connected_full20_b210a_24_phantom_controller_only_phone_connected/03_2430.000MHz.cfile,complex_int16_interleaved,0.250000,-49.240100,0.0034513976,0.040736027,0.00032978166,-102.055462,-120.000000,17.944538,0.985959,0.000732
p04,p04_phantom_controller_only_phone_connected_full20,p04_phantom_controller_only_phone_connected_full20_b210a_24,p04_phantom_controller_only_phone_connected_full20_b210a_24_phantom_controller_only_phone_connected,phantom_controller_only_phone_connected,0,1,2.4,b210a_24,4,2440000000,20000000,2.000,raw_iq_followup/p04_phantom_controller_only_phone_connected_full20_b210a_24/p04_phantom_controller_only_phone_connected_full20_b210a_24_phantom_controller_only_phone_connected/04_2440.000MHz.cfile,complex_int16_interleaved,0.250000,-44.695983,0.0058237245,0.10972202,7.7751706e-05,-103.511341,-120.000000,16.488659,0.914786,0.042480
p04,p04_phantom_controller_only_phone_connected_full20,p04_phantom_controller_only_phone_connected_full20_b210a_24,p04_phantom_controller_only_phone_connected_full20_b210a_24_phantom_controller_only_phone_connected,phantom_controller_only_phone_connected,0,1,2.4,b210a_24,5,2450000000,20000000,2.000,raw_iq_followup/p04_phantom_controller_only_phone_connected_full20_b210a_24/p04_phantom_controller_only_phone_connected_full20_b210a_24_phantom_controller_only_phone_connected/05_2450.000MHz.cfile,complex_int16_interleaved,0.250000,-30.888129,0.028549173,0.30407405,4.0412505e-06,-95.975614,-113.780175,17.804561,0.896966,0.298340
p04,p04_phantom_controller_only_phone_connected_full20,p04_phantom_controller_only_phone_connected_full20_b210a_24,p04_phantom_controller_only_phone_connected_full20_b210a_24_phantom_controller_only_phone_connected,phantom_controller_only_phone_connected,0,1,2.4,b210a_24,6,2460000000,20000000,2.000,raw_iq_followup/p04_phantom_controller_only_phone_connected_full20_b210a_24/p04_phantom_controller_only_phone_connected_full20_b210a_24_phantom_controller_only_phone_connected/06_2460.000MHz.cfile,complex_int16_interleaved,0.250000,-29.873387,0.032087115,0.31643555,4.0098283e-06,-95.710746,-106.213761,10.503015,0.921234,0.358643
p04,p04_phantom_controller_only_phone_connected_full20,p04_phantom_controller_only_phone_connected_full20_b210a_24,p04_phantom_controller_only_phone_connected_full20_b210a_24_phantom_controller_only_phone_connected,phantom_controller_only_phone_connected,0,1,2.4,b210a_24,7,2470000000,20000000,2.000,raw_iq_followup/p04_phantom_controller_only_phone_connected_full20_b210a_24/p04_phantom_controller_only_phone_connected_full20_b210a_24_phantom_controller_only_phone_connected/07_2470.000MHz.cfile,complex_int16_interleaved,0.250000,-40.545731,0.0093910343,0.11830091,4.3861759e-05,-100.305736,-120.000000,19.694264,0.860401,0.090576
p04,p04_phantom_controller_only_phone_connected_full20,p04_phantom_controller_only_phone_connected_full20_b210a_24,p04_phantom_controller_only_phone_connected_full20_b210a_24_phantom_controller_only_phone_connected,phantom_controller_only_phone_connected,0,1,2.4,b210a_24,8,2480000000,20000000,2.000,raw_iq_followup/p04_phantom_controller_only_phone_connected_full20_b210a_24/p04_phantom_controller_only_phone_connected_full20_b210a_24_phantom_controller_only_phone_connected/08_2480.000MHz.cfile,complex_int16_interleaved,0.250000,-54.624418,0.0018568594,0.023810908,0.0016064944,-100.275752,-120.000000,19.724248,0.987329,0.000732
p04,p04_phantom_controller_only_phone_connected_full20,p04_phantom_controller_only_phone_connected_full20_b210b_58,p04_phantom_controller_only_phone_connected_full20_b210b_58_phantom_controller_only_phone_connected,phantom_controller_only_phone_connected,0,1,5.8,b210b_58,1,5735000000,20000000,2.000,raw_iq_followup/p04_phantom_controller_only_phone_connected_full20_b210b_58/p04_phantom_controller_only_phone_connected_full20_b210b_58_phantom_controller_only_phone_connected/01_5735.000MHz.cfile,complex_int16_interleaved,0.250000,-50.931333,0.002840752,0.033902723,0.00038679361,-102.418094,-120.000000,17.581906,0.959105,0.005859
p04,p04_phantom_controller_only_phone_connected_full20,p04_phantom_controller_only_phone_connected_full20_b210b_58,p04_phantom_controller_only_phone_connected_full20_b210b_58_phantom_controller_only_phone_connected,phantom_controller_only_phone_connected,0,1,5.8,b210b_58,2,5745000000,20000000,2.000,raw_iq_followup/p04_phantom_controller_only_phone_connected_full20_b210b_58/p04_phantom_controller_only_phone_connected_full20_b210b_58_phantom_controller_only_phone_connected/02_5745.000MHz.cfile,complex_int16_interleaved,0.250000,-52.245643,0.0024418436,0.022967555,0.00024536835,-105.812026,-120.000000,14.187974,0.985001,0.007080
p04,p04_phantom_controller_only_phone_connected_full20,p04_phantom_controller_only_phone_connected_full20_b210b_58,p04_phantom_controller_only_phone_connected_full20_b210b_58_phantom_controller_only_phone_connected,phantom_controller_only_phone_connected,0,1,5.8,b210b_58,3,5755000000,20000000,2.000,raw_iq_followup/p04_phantom_controller_only_phone_connected_full20_b210b_58/p04_phantom_controller_only_phone_connected_full20_b210b_58_phantom_controller_only_phone_connected/03_5755.000MHz.cfile,complex_int16_interleaved,0.250000,-52.688473,0.0023204719,0.022680536,0.00018194683,-107.454829,-120.000000,12.545171,0.987258,0.010254
p04,p04_phantom_controller_only_phone_connected_full20,p04_phantom_controller_only_phone_connected_full20_b210b_58,p04_phantom_controller_only_phone_connected_full20_b210b_58_phantom_controller_only_phone_connected,phantom_controller_only_phone_connected,0,1,5.8,b210b_58,4,5765000000,20000000,2.000,raw_iq_followup/p04_phantom_controller_only_phone_connected_full20_b210b_58/p04_phantom_controller_only_phone_connected_full20_b210b_58_phantom_controller_only_phone_connected/04_5765.000MHz.cfile,complex_int16_interleaved,0.250000,-54.630954,0.0018554628,0.017720178,0.00020192535,-108.912305,-120.000000,11.087695,0.996361,0.007080
p04,p04_phantom_controller_only_phone_connected_full20,p04_phantom_controller_only_phone_connected_full20_b210b_58,p04_phantom_controller_only_phone_connected_full20_b210b_58_phantom_controller_only_phone_connected,phantom_controller_only_phone_connected,0,1,5.8,b210b_58,5,5775000000,20000000,2.000,raw_iq_followup/p04_phantom_controller_only_phone_connected_full20_b210b_58/p04_phantom_controller_only_phone_connected_full20_b210b_58_phantom_controller_only_phone_connected/05_5775.000MHz.cfile,complex_int16_interleaved,0.250000,-55.532287,0.001672575,0.020279132,0.0012109748,-102.469202,-120.000000,17.530798,0.992871,0.000732
p04,p04_phantom_controller_only_phone_connected_full20,p04_phantom_controller_only_phone_connected_full20_b210b_58,p04_phantom_controller_only_phone_connected_full20_b210b_58_phantom_controller_only_phone_connected,phantom_controller_only_phone_connected,0,1,5.8,b210b_58,6,5785000000,20000000,2.000,raw_iq_followup/p04_phantom_controller_only_phone_connected_full20_b210b_58/p04_phantom_controller_only_phone_connected_full20_b210b_58_phantom_controller_only_phone_connected/06_5785.000MHz.cfile,complex_int16_interleaved,0.250000,-55.696841,0.0016411862,0.01760523,0.00088507114,-103.791592,-120.000000,16.208408,0.995142,0.000732
p04,p04_phantom_controller_only_phone_connected_full20,p04_phantom_controller_only_phone_connected_full20_b210b_58,p04_phantom_controller_only_phone_connected_full20_b210b_58_phantom_controller_only_phone_connected,phantom_controller_only_phone_connected,0,1,5.8,b210b_58,7,5795000000,20000000,2.000,raw_iq_followup/p04_phantom_controller_only_phone_connected_full20_b210b_58/p04_phantom_controller_only_phone_connected_full20_b210b_58_phantom_controller_only_phone_connected/07_5795.000MHz.cfile,complex_int16_interleaved,0.250000,-55.756808,0.0016298946,0.016628496,0.00086071529,-103.825001,-120.000000,16.174999,0.995415,0.000732
p04,p04_phantom_controller_only_phone_connected_full20,p04_phantom_controller_only_phone_connected_full20_b210b_58,p04_phantom_controller_only_phone_connected_full20_b210b_58_phantom_controller_only_phone_connected,phantom_controller_only_phone_connected,0,1,5.8,b210b_58,8,5805000000,20000000,2.000,raw_iq_followup/p04_phantom_controller_only_phone_connected_full20_b210b_58/p04_phantom_controller_only_phone_connected_full20_b210b_58_phantom_controller_only_phone_connected/08_5805.000MHz.cfile,complex_int16_interleaved,0.250000,-54.737445,0.0018328531,0.022107873,0.0013900222,-100.946629,-120.000000,19.053371,0.988845,0.000732
p04,p04_phantom_controller_only_phone_connected_full20,p04_phantom_controller_only_phone_connected_full20_b210b_58,p04_phantom_controller_only_phone_connected_full20_b210b_58_phantom_controller_only_phone_connected,phantom_controller_only_phone_connected,0,1,5.8,b210b_58,9,5815000000,20000000,2.000,raw_iq_followup/p04_phantom_controller_only_phone_connected_full20_b210b_58/p04_phantom_controller_only_phone_connected_full20_b210b_58_phantom_controller_only_phone_connected/09_5815.000MHz.cfile,complex_int16_interleaved,0.250000,-53.368486,0.0021457328,0.024854971,0.00043597748,-104.557551,-120.000000,15.442449,0.985644,0.004395
p04,p04_phantom_controller_only_phone_connected_full20,p04_phantom_controller_only_phone_connected_full20_b210b_58,p04_phantom_controller_only_phone_connected_full20_b210b_58_phantom_controller_only_phone_connected,phantom_controller_only_phone_connected,0,1,5.8,b210b_58,10,5825000000,20000000,2.000,raw_iq_followup/p04_phantom_controller_only_phone_connected_full20_b210b_58/p04_phantom_controller_only_phone_connected_full20_b210b_58_phantom_controller_only_phone_connected/10_5825.000MHz.cfile,complex_int16_interleaved,0.250000,-57.963898,0.0012641685,0.012216793,0.00071139781,-106.677014,-120.000000,13.322986,0.998287,0.000732
p04,p04_phantom_controller_only_phone_connected_full20,p04_phantom_controller_only_phone_connected_full20_b210b_58,p04_phantom_controller_only_phone_connected_full20_b210b_58_phantom_controller_only_phone_connected,phantom_controller_only_phone_connected,0,1,5.8,b210b_58,11,5835000000,20000000,2.000,raw_iq_followup/p04_phantom_controller_only_phone_connected_full20_b210b_58/p04_phantom_controller_only_phone_connected_full20_b210b_58_phantom_controller_only_phone_connected/11_5835.000MHz.cfile,complex_int16_interleaved,0.250000,-58.132269,0.0012398993,0.0098174149,0.0004861833,-108.465404,-120.000000,11.534596,0.999074,0.000732
p04,p04_phantom_controller_only_phone_connected_full20,p04_phantom_controller_only_phone_connected_full20_b210b_58,p04_phantom_controller_only_phone_connected_full20_b210b_58_phantom_controller_only_phone_connected,phantom_controller_only_phone_connected,0,1,5.8,b210b_58,12,5845000000,20000000,2.000,raw_iq_followup/p04_phantom_controller_only_phone_connected_full20_b210b_58/p04_phantom_controller_only_phone_connected_full20_b210b_58_phantom_controller_only_phone_connected/12_5845.000MHz.cfile,complex_int16_interleaved,0.250000,-57.824661,0.0012845967,0.013704567,0.00091782263,-105.605073,-120.000000,14.394927,0.997569,0.000732
p04,p04_phantom_linked_phone_connected_full20,p04_phantom_linked_phone_connected_full20_b210a_24,p04_phantom_linked_phone_connected_full20_b210a_24_phantom_linked_phone_connected,phantom_linked_phone_connected,1,0,2.4,b210a_24,1,2410000000,20000000,2.000,raw_iq_followup/p04_phantom_linked_phone_connected_full20_b210a_24/p04_phantom_linked_phone_connected_full20_b210a_24_phantom_linked_phone_connected/01_2410.000MHz.cfile,complex_int16_interleaved,0.250000,-52.538210,0.0023609644,0.019466316,0.00058747456,-103.006342,-120.000000,16.993658,0.994534,0.000732
p04,p04_phantom_linked_phone_connected_full20,p04_phantom_linked_phone_connected_full20_b210a_24,p04_phantom_linked_phone_connected_full20_b210a_24_phantom_linked_phone_connected,phantom_linked_phone_connected,1,0,2.4,b210a_24,2,2420000000,20000000,2.000,raw_iq_followup/p04_phantom_linked_phone_connected_full20_b210a_24/p04_phantom_linked_phone_connected_full20_b210a_24_phantom_linked_phone_connected/02_2420.000MHz.cfile,complex_int16_interleaved,0.250000,-49.768352,0.0032477485,0.041064665,0.00034992667,-102.223371,-120.000000,17.776629,0.986392,0.000732
p04,p04_phantom_linked_phone_connected_full20,p04_phantom_linked_phone_connected_full20_b210a_24,p04_phantom_linked_phone_connected_full20_b210a_24_phantom_linked_phone_connected,phantom_linked_phone_connected,1,0,2.4,b210a_24,3,2430000000,20000000,2.000,raw_iq_followup/p04_phantom_linked_phone_connected_full20_b210a_24/p04_phantom_linked_phone_connected_full20_b210a_24_phantom_linked_phone_connected/03_2430.000MHz.cfile,complex_int16_interleaved,0.250000,-51.565704,0.002640674,0.024259306,0.00058201819,-102.021659,-120.000000,17.978341,0.992261,0.000732
p04,p04_phantom_linked_phone_connected_full20,p04_phantom_linked_phone_connected_full20_b210a_24,p04_phantom_linked_phone_connected_full20_b210a_24_phantom_linked_phone_connected,phantom_linked_phone_connected,1,0,2.4,b210a_24,4,2440000000,20000000,2.000,raw_iq_followup/p04_phantom_linked_phone_connected_full20_b210a_24/p04_phantom_linked_phone_connected_full20_b210a_24_phantom_linked_phone_connected/04_2440.000MHz.cfile,complex_int16_interleaved,0.250000,-50.636822,0.0029387245,0.093419813,0.00051022522,-101.533108,-120.000000,18.466892,0.986078,0.000732
p04,p04_phantom_linked_phone_connected_full20,p04_phantom_linked_phone_connected_full20_b210a_24,p04_phantom_linked_phone_connected_full20_b210a_24_phantom_linked_phone_connected,phantom_linked_phone_connected,1,0,2.4,b210a_24,5,2450000000,20000000,2.000,raw_iq_followup/p04_phantom_linked_phone_connected_full20_b210a_24/p04_phantom_linked_phone_connected_full20_b210a_24_phantom_linked_phone_connected/05_2450.000MHz.cfile,complex_int16_interleaved,0.250000,-29.354305,0.034063146,0.38794157,2.9135865e-06,-95.383958,-109.874098,14.490140,0.902848,0.359863
p04,p04_phantom_linked_phone_connected_full20,p04_phantom_linked_phone_connected_full20_b210a_24,p04_phantom_linked_phone_connected_full20_b210a_24_phantom_linked_phone_connected,phantom_linked_phone_connected,1,0,2.4,b210a_24,6,2460000000,20000000,2.000,raw_iq_followup/p04_phantom_linked_phone_connected_full20_b210a_24/p04_phantom_linked_phone_connected_full20_b210a_24_phantom_linked_phone_connected/06_2460.000MHz.cfile,complex_int16_interleaved,0.250000,-27.821708,0.04063634,0.46692768,1.8741807e-06,-95.076201,-103.608563,8.532362,0.931091,0.443604
p04,p04_phantom_linked_phone_connected_full20,p04_phantom_linked_phone_connected_full20_b210a_24,p04_phantom_linked_phone_connected_full20_b210a_24_phantom_linked_phone_connected,phantom_linked_phone_connected,1,0,2.4,b210a_24,7,2470000000,20000000,2.000,raw_iq_followup/p04_phantom_linked_phone_connected_full20_b210a_24/p04_phantom_linked_phone_connected_full20_b210a_24_phantom_linked_phone_connected/07_2470.000MHz.cfile,complex_int16_interleaved,0.250000,-37.002789,0.014120841,0.27109367,1.9993171e-05,-99.247564,-120.000000,20.752436,0.844620,0.119141
p04,p04_phantom_linked_phone_connected_full20,p04_phantom_linked_phone_connected_full20_b210a_24,p04_phantom_linked_phone_connected_full20_b210a_24_phantom_linked_phone_connected,phantom_linked_phone_connected,1,0,2.4,b210a_24,8,2480000000,20000000,2.000,raw_iq_followup/p04_phantom_linked_phone_connected_full20_b210a_24/p04_phantom_linked_phone_connected_full20_b210a_24_phantom_linked_phone_connected/08_2480.000MHz.cfile,complex_int16_interleaved,0.250000,-55.810324,0.0016198833,0.015285621,0.00087450078,-104.209531,-120.000000,15.790469,0.996057,0.000732
p04,p04_phantom_linked_phone_connected_full20,p04_phantom_linked_phone_connected_full20_b210b_58,p04_phantom_linked_phone_connected_full20_b210b_58_phantom_linked_phone_connected,phantom_linked_phone_connected,1,0,5.8,b210b_58,1,5735000000,20000000,2.000,raw_iq_followup/p04_phantom_linked_phone_connected_full20_b210b_58/p04_phantom_linked_phone_connected_full20_b210b_58_phantom_linked_phone_connected/01_5735.000MHz.cfile,complex_int16_interleaved,0.250000,-56.677189,0.0014660219,0.014680954,0.00084995417,-105.042612,-120.000000,14.957388,0.996999,0.000732
p04,p04_phantom_linked_phone_connected_full20,p04_phantom_linked_phone_connected_full20_b210b_58,p04_phantom_linked_phone_connected_full20_b210b_58_phantom_linked_phone_connected,phantom_linked_phone_connected,1,0,5.8,b210b_58,2,5745000000,20000000,2.000,raw_iq_followup/p04_phantom_linked_phone_connected_full20_b210b_58/p04_phantom_linked_phone_connected_full20_b210b_58_phantom_linked_phone_connected/02_5745.000MHz.cfile,complex_int16_interleaved,0.250000,-54.121003,0.0019676588,0.028660946,0.00052057288,-104.667476,-120.000000,15.332524,0.992740,0.001221
p04,p04_phantom_linked_phone_connected_full20,p04_phantom_linked_phone_connected_full20_b210b_58,p04_phantom_linked_phone_connected_full20_b210b_58_phantom_linked_phone_connected,phantom_linked_phone_connected,1,0,5.8,b210b_58,3,5755000000,20000000,2.000,raw_iq_followup/p04_phantom_linked_phone_connected_full20_b210b_58/p04_phantom_linked_phone_connected_full20_b210b_58_phantom_linked_phone_connected/03_5755.000MHz.cfile,complex_int16_interleaved,0.250000,-54.025344,0.0019894486,0.02069148,0.00028918605,-106.975135,-120.000000,13.024865,0.994191,0.004150
p04,p04_phantom_linked_phone_connected_full20,p04_phantom_linked_phone_connected_full20_b210b_58,p04_phantom_linked_phone_connected_full20_b210b_58_phantom_linked_phone_connected,phantom_linked_phone_connected,1,0,5.8,b210b_58,4,5765000000,20000000,2.000,raw_iq_followup/p04_phantom_linked_phone_connected_full20_b210b_58/p04_phantom_linked_phone_connected_full20_b210b_58_phantom_linked_phone_connected/04_5765.000MHz.cfile,complex_int16_interleaved,0.250000,-53.771974,0.0020483363,0.018317157,0.00062752931,-103.490764,-120.000000,16.509236,0.990812,0.000732
p04,p04_phantom_linked_phone_connected_full20,p04_phantom_linked_phone_connected_full20_b210b_58,p04_phantom_linked_phone_connected_full20_b210b_58_phantom_linked_phone_connected,phantom_linked_phone_connected,1,0,5.8,b210b_58,5,5775000000,20000000,2.000,raw_iq_followup/p04_phantom_linked_phone_connected_full20_b210b_58/p04_phantom_linked_phone_connected_full20_b210b_58_phantom_linked_phone_connected/05_5775.000MHz.cfile,complex_int16_interleaved,0.250000,-52.944998,0.0022529423,0.021994347,0.00084147474,-101.310657,-120.000000,18.689343,0.983607,0.000732
p04,p04_phantom_linked_phone_connected_full20,p04_phantom_linked_phone_connected_full20_b210b_58,p04_phantom_linked_phone_connected_full20_b210b_58_phantom_linked_phone_connected,phantom_linked_phone_connected,1,0,5.8,b210b_58,6,5785000000,20000000,2.000,raw_iq_followup/p04_phantom_linked_phone_connected_full20_b210b_58/p04_phantom_linked_phone_connected_full20_b210b_58_phantom_linked_phone_connected/06_5785.000MHz.cfile,complex_int16_interleaved,0.250000,-53.839609,0.0020324482,0.019067992,0.00073819724,-102.603866,-120.000000,17.396134,0.988504,0.000977
p04,p04_phantom_linked_phone_connected_full20,p04_phantom_linked_phone_connected_full20_b210b_58,p04_phantom_linked_phone_connected_full20_b210b_58_phantom_linked_phone_connected,phantom_linked_phone_connected,1,0,5.8,b210b_58,7,5795000000,20000000,2.000,raw_iq_followup/p04_phantom_linked_phone_connected_full20_b210b_58/p04_phantom_linked_phone_connected_full20_b210b_58_phantom_linked_phone_connected/07_5795.000MHz.cfile,complex_int16_interleaved,0.250000,-55.815198,0.0016189744,0.013339847,0.00059542026,-105.637314,-120.000000,14.362686,0.996912,0.000732
p04,p04_phantom_linked_phone_connected_full20,p04_phantom_linked_phone_connected_full20_b210b_58,p04_phantom_linked_phone_connected_full20_b210b_58_phantom_linked_phone_connected,phantom_linked_phone_connected,1,0,5.8,b210b_58,8,5805000000,20000000,2.000,raw_iq_followup/p04_phantom_linked_phone_connected_full20_b210b_58/p04_phantom_linked_phone_connected_full20_b210b_58_phantom_linked_phone_connected/08_5805.000MHz.cfile,complex_int16_interleaved,0.250000,-56.666999,0.0014677427,0.017096817,0.0012097183,-103.544809,-120.000000,16.455191,0.995290,0.000732
p04,p04_phantom_linked_phone_connected_full20,p04_phantom_linked_phone_connected_full20_b210b_58,p04_phantom_linked_phone_connected_full20_b210b_58_phantom_linked_phone_connected,phantom_linked_phone_connected,1,0,5.8,b210b_58,9,5815000000,20000000,2.000,raw_iq_followup/p04_phantom_linked_phone_connected_full20_b210b_58/p04_phantom_linked_phone_connected_full20_b210b_58_phantom_linked_phone_connected/09_5815.000MHz.cfile,complex_int16_interleaved,0.250000,-57.351384,0.001356534,0.017152509,0.00064186832,-106.594385,-120.000000,13.405615,0.998229,0.000732
p04,p04_phantom_linked_phone_connected_full20,p04_phantom_linked_phone_connected_full20_b210b_58,p04_phantom_linked_phone_connected_full20_b210b_58_phantom_linked_phone_connected,phantom_linked_phone_connected,1,0,5.8,b210b_58,10,5825000000,20000000,2.000,raw_iq_followup/p04_phantom_linked_phone_connected_full20_b210b_58/p04_phantom_linked_phone_connected_full20_b210b_58_phantom_linked_phone_connected/10_5825.000MHz.cfile,complex_int16_interleaved,0.250000,-58.053163,0.0012512431,0.011016127,0.00058680342,-107.511571,-120.000000,12.488429,0.998716,0.000732
p04,p04_phantom_linked_phone_connected_full20,p04_phantom_linked_phone_connected_full20_b210b_58,p04_phantom_linked_phone_connected_full20_b210b_58_phantom_linked_phone_connected,phantom_linked_phone_connected,1,0,5.8,b210b_58,11,5835000000,20000000,2.000,raw_iq_followup/p04_phantom_linked_phone_connected_full20_b210b_58/p04_phantom_linked_phone_connected_full20_b210b_58_phantom_linked_phone_connected/11_5835.000MHz.cfile,complex_int16_interleaved,0.250000,-58.204178,0.0012296767,0.0084290411,0.00038195801,-109.548681,-120.000000,10.451319,0.999373,0.000732
p04,p04_phantom_linked_phone_connected_full20,p04_phantom_linked_phone_connected_full20_b210b_58,p04_phantom_linked_phone_connected_full20_b210b_58_phantom_linked_phone_connected,phantom_linked_phone_connected,1,0,5.8,b210b_58,12,5845000000,20000000,2.000,raw_iq_followup/p04_phantom_linked_phone_connected_full20_b210b_58/p04_phantom_linked_phone_connected_full20_b210b_58_phantom_linked_phone_connected/12_5845.000MHz.cfile,complex_int16_interleaved,0.250000,-57.658358,0.001309429,0.015332342,0.0011723498,-104.581144,-120.000000,15.418856,0.996614,0.000732
p05,p05_phantom_controller_only_phone_connected_full20,p05_phantom_controller_only_phone_connected_full20_b210a_24,p05_phantom_controller_only_phone_connected_full20_b210a_24_phantom_controller_only_phone_connected,phantom_controller_only_phone_connected,0,1,2.4,b210a_24,1,2410000000,20000000,2.000,raw_iq_followup/p05_phantom_controller_only_phone_connected_full20_b210a_24/p05_phantom_controller_only_phone_connected_full20_b210a_24_phantom_controller_only_phone_connected/01_2410.000MHz.cfile,complex_int16_interleaved,0.250000,-49.887692,0.0032034312,0.035360511,0.00039453256,-102.151024,-120.000000,17.848976,0.987356,0.000732
p05,p05_phantom_controller_only_phone_connected_full20,p05_phantom_controller_only_phone_connected_full20_b210a_24,p05_phantom_controller_only_phone_connected_full20_b210a_24_phantom_controller_only_phone_connected,phantom_controller_only_phone_connected,0,1,2.4,b210a_24,2,2420000000,20000000,2.000,raw_iq_followup/p05_phantom_controller_only_phone_connected_full20_b210a_24/p05_phantom_controller_only_phone_connected_full20_b210a_24_phantom_controller_only_phone_connected/02_2420.000MHz.cfile,complex_int16_interleaved,0.250000,-49.857551,0.0032145666,0.023640076,0.00021283875,-104.671836,-120.000000,15.328164,0.993559,0.000732
p05,p05_phantom_controller_only_phone_connected_full20,p05_phantom_controller_only_phone_connected_full20_b210a_24,p05_phantom_controller_only_phone_connected_full20_b210a_24_phantom_controller_only_phone_connected,phantom_controller_only_phone_connected,0,1,2.4,b210a_24,3,2430000000,20000000,2.000,raw_iq_followup/p05_phantom_controller_only_phone_connected_full20_b210a_24/p05_phantom_controller_only_phone_connected_full20_b210a_24_phantom_controller_only_phone_connected/03_2430.000MHz.cfile,complex_int16_interleaved,0.250000,-48.256995,0.0038650063,0.025959339,0.00034243287,-100.903008,-120.000000,19.096992,0.980640,0.000732
p05,p05_phantom_controller_only_phone_connected_full20,p05_phantom_controller_only_phone_connected_full20_b210a_24,p05_phantom_controller_only_phone_connected_full20_b210a_24_phantom_controller_only_phone_connected,phantom_controller_only_phone_connected,0,1,2.4,b210a_24,4,2440000000,20000000,2.000,raw_iq_followup/p05_phantom_controller_only_phone_connected_full20_b210a_24/p05_phantom_controller_only_phone_connected_full20_b210a_24_phantom_controller_only_phone_connected/04_2440.000MHz.cfile,complex_int16_interleaved,0.250000,-44.800129,0.0057543137,0.14910941,0.00012727677,-101.723696,-120.000000,18.276304,0.912936,0.018555
p05,p05_phantom_controller_only_phone_connected_full20,p05_phantom_controller_only_phone_connected_full20_b210a_24,p05_phantom_controller_only_phone_connected_full20_b210a_24_phantom_controller_only_phone_connected,phantom_controller_only_phone_connected,0,1,2.4,b210a_24,5,2450000000,20000000,2.000,raw_iq_followup/p05_phantom_controller_only_phone_connected_full20_b210a_24/p05_phantom_controller_only_phone_connected_full20_b210a_24_phantom_controller_only_phone_connected/05_2450.000MHz.cfile,complex_int16_interleaved,0.250000,-32.944836,0.022529844,0.45378307,2.1874375e-06,-97.916063,-108.032493,10.116430,0.925069,0.291992
p05,p05_phantom_controller_only_phone_connected_full20,p05_phantom_controller_only_phone_connected_full20_b210a_24,p05_phantom_controller_only_phone_connected_full20_b210a_24_phantom_controller_only_phone_connected,phantom_controller_only_phone_connected,0,1,2.4,b210a_24,6,2460000000,20000000,2.000,raw_iq_followup/p05_phantom_controller_only_phone_connected_full20_b210a_24/p05_phantom_controller_only_phone_connected_full20_b210a_24_phantom_controller_only_phone_connected/06_2460.000MHz.cfile,complex_int16_interleaved,0.250000,-31.765060,0.025807563,0.58936,3.9684674e-06,-96.583923,-105.963265,9.379342,0.947190,0.229980
p05,p05_phantom_controller_only_phone_connected_full20,p05_phantom_controller_only_phone_connected_full20_b210a_24,p05_phantom_controller_only_phone_connected_full20_b210a_24_phantom_controller_only_phone_connected,phantom_controller_only_phone_connected,0,1,2.4,b210a_24,7,2470000000,20000000,2.000,raw_iq_followup/p05_phantom_controller_only_phone_connected_full20_b210a_24/p05_phantom_controller_only_phone_connected_full20_b210a_24_phantom_controller_only_phone_connected/07_2470.000MHz.cfile,complex_int16_interleaved,0.250000,-37.443555,0.013422155,0.26902679,8.7534566e-06,-98.744642,-120.000000,21.255358,0.876793,0.080078
p05,p05_phantom_controller_only_phone_connected_full20,p05_phantom_controller_only_phone_connected_full20_b210a_24,p05_phantom_controller_only_phone_connected_full20_b210a_24_phantom_controller_only_phone_connected,phantom_controller_only_phone_connected,0,1,2.4,b210a_24,8,2480000000,20000000,2.000,raw_iq_followup/p05_phantom_controller_only_phone_connected_full20_b210a_24/p05_phantom_controller_only_phone_connected_full20_b210a_24_phantom_controller_only_phone_connected/08_2480.000MHz.cfile,complex_int16_interleaved,0.250000,-54.855828,0.0018080421,0.018999098,0.0010759948,-102.282524,-120.000000,17.717476,0.992080,0.000732
p05,p05_phantom_controller_only_phone_connected_full20,p05_phantom_controller_only_phone_connected_full20_b210b_58,p05_phantom_controller_only_phone_connected_full20_b210b_58_phantom_controller_only_phone_connected,phantom_controller_only_phone_connected,0,1,5.8,b210b_58,1,5735000000,20000000,2.000,raw_iq_followup/p05_phantom_controller_only_phone_connected_full20_b210b_58/p05_phantom_controller_only_phone_connected_full20_b210b_58_phantom_controller_only_phone_connected/01_5735.000MHz.cfile,complex_int16_interleaved,0.250000,-46.782181,0.0045802687,0.05693787,0.0001557683,-97.573566,-120.000000,22.426434,0.876518,0.004883
p05,p05_phantom_controller_only_phone_connected_full20,p05_phantom_controller_only_phone_connected_full20_b210b_58,p05_phantom_controller_only_phone_connected_full20_b210b_58_phantom_controller_only_phone_connected,phantom_controller_only_phone_connected,0,1,5.8,b210b_58,2,5745000000,20000000,2.000,raw_iq_followup/p05_phantom_controller_only_phone_connected_full20_b210b_58/p05_phantom_controller_only_phone_connected_full20_b210b_58_phantom_controller_only_phone_connected/02_5745.000MHz.cfile,complex_int16_interleaved,0.250000,-44.635422,0.0058644715,0.056318492,3.4352979e-05,-98.383115,-120.000000,21.616885,0.865208,0.010498
p05,p05_phantom_controller_only_phone_connected_full20,p05_phantom_controller_only_phone_connected_full20_b210b_58,p05_phantom_controller_only_phone_connected_full20_b210b_58_phantom_controller_only_phone_connected,phantom_controller_only_phone_connected,0,1,5.8,b210b_58,3,5755000000,20000000,2.000,raw_iq_followup/p05_phantom_controller_only_phone_connected_full20_b210b_58/p05_phantom_controller_only_phone_connected_full20_b210b_58_phantom_controller_only_phone_connected/03_5755.000MHz.cfile,complex_int16_interleaved,0.250000,-45.549913,0.0052784249,0.051321041,5.395837e-05,-98.950106,-120.000000,21.049894,0.882369,0.009277
p05,p05_phantom_controller_only_phone_connected_full20,p05_phantom_controller_only_phone_connected_full20_b210b_58,p05_phantom_controller_only_phone_connected_full20_b210b_58_phantom_controller_only_phone_connected,phantom_controller_only_phone_connected,0,1,5.8,b210b_58,4,5765000000,20000000,2.000,raw_iq_followup/p05_phantom_controller_only_phone_connected_full20_b210b_58/p05_phantom_controller_only_phone_connected_full20_b210b_58_phantom_controller_only_phone_connected/04_5765.000MHz.cfile,complex_int16_interleaved,0.250000,-46.941299,0.004497126,0.043575566,0.00016994309,-101.506828,-120.000000,18.493172,0.912994,0.012695
p05,p05_phantom_controller_only_phone_connected_full20,p05_phantom_controller_only_phone_connected_full20_b210b_58,p05_phantom_controller_only_phone_connected_full20_b210b_58_phantom_controller_only_phone_connected,phantom_controller_only_phone_connected,0,1,5.8,b210b_58,5,5775000000,20000000,2.000,raw_iq_followup/p05_phantom_controller_only_phone_connected_full20_b210b_58/p05_phantom_controller_only_phone_connected_full20_b210b_58_phantom_controller_only_phone_connected/05_5775.000MHz.cfile,complex_int16_interleaved,0.250000,-47.170332,0.0043800936,0.042918958,0.00024143901,-101.041893,-120.000000,18.958107,0.918324,0.010498
p05,p05_phantom_controller_only_phone_connected_full20,p05_phantom_controller_only_phone_connected_full20_b210b_58,p05_phantom_controller_only_phone_connected_full20_b210b_58_phantom_controller_only_phone_connected,phantom_controller_only_phone_connected,0,1,5.8,b210b_58,6,5785000000,20000000,2.000,raw_iq_followup/p05_phantom_controller_only_phone_connected_full20_b210b_58/p05_phantom_controller_only_phone_connected_full20_b210b_58_phantom_controller_only_phone_connected/06_5785.000MHz.cfile,complex_int16_interleaved,0.250000,-48.126237,0.003923631,0.037311129,0.00027501199,-101.320952,-120.000000,18.679048,0.931360,0.008301
p05,p05_phantom_controller_only_phone_connected_full20,p05_phantom_controller_only_phone_connected_full20_b210b_58,p05_phantom_controller_only_phone_connected_full20_b210b_58_phantom_controller_only_phone_connected,phantom_controller_only_phone_connected,0,1,5.8,b210b_58,7,5795000000,20000000,2.000,raw_iq_followup/p05_phantom_controller_only_phone_connected_full20_b210b_58/p05_phantom_controller_only_phone_connected_full20_b210b_58_phantom_controller_only_phone_connected/07_5795.000MHz.cfile,complex_int16_interleaved,0.250000,-48.041847,0.0039619375,0.039226808,0.00011712273,-103.431954,-120.000000,16.568046,0.932274,0.015137
p05,p05_phantom_controller_only_phone_connected_full20,p05_phantom_controller_only_phone_connected_full20_b210b_58,p05_phantom_controller_only_phone_connected_full20_b210b_58_phantom_controller_only_phone_connected,phantom_controller_only_phone_connected,0,1,5.8,b210b_58,8,5805000000,20000000,2.000,raw_iq_followup/p05_phantom_controller_only_phone_connected_full20_b210b_58/p05_phantom_controller_only_phone_connected_full20_b210b_58_phantom_controller_only_phone_connected/08_5805.000MHz.cfile,complex_int16_interleaved,0.250000,-47.574723,0.0041808429,0.04202532,0.0001716272,-101.532841,-120.000000,18.467159,0.922666,0.009766
p05,p05_phantom_controller_only_phone_connected_full20,p05_phantom_controller_only_phone_connected_full20_b210b_58,p05_phantom_controller_only_phone_connected_full20_b210b_58_phantom_controller_only_phone_connected,phantom_controller_only_phone_connected,0,1,5.8,b210b_58,9,5815000000,20000000,2.000,raw_iq_followup/p05_phantom_controller_only_phone_connected_full20_b210b_58/p05_phantom_controller_only_phone_connected_full20_b210b_58_phantom_controller_only_phone_connected/09_5815.000MHz.cfile,complex_int16_interleaved,0.250000,-50.618136,0.0029450533,0.038439129,0.00015232206,-102.132370,-120.000000,17.867630,0.955722,0.005859
p05,p05_phantom_controller_only_phone_connected_full20,p05_phantom_controller_only_phone_connected_full20_b210b_58,p05_phantom_controller_only_phone_connected_full20_b210b_58_phantom_controller_only_phone_connected,phantom_controller_only_phone_connected,0,1,5.8,b210b_58,10,5825000000,20000000,2.000,raw_iq_followup/p05_phantom_controller_only_phone_connected_full20_b210b_58/p05_phantom_controller_only_phone_connected_full20_b210b_58_phantom_controller_only_phone_connected/10_5825.000MHz.cfile,complex_int16_interleaved,0.250000,-57.664297,0.001308534,0.015653614,0.0011568889,-104.661949,-120.000000,15.338051,0.996697,0.000732
p05,p05_phantom_controller_only_phone_connected_full20,p05_phantom_controller_only_phone_connected_full20_b210b_58,p05_phantom_controller_only_phone_connected_full20_b210b_58_phantom_controller_only_phone_connected,phantom_controller_only_phone_connected,0,1,5.8,b210b_58,11,5835000000,20000000,2.000,raw_iq_followup/p05_phantom_controller_only_phone_connected_full20_b210b_58/p05_phantom_controller_only_phone_connected_full20_b210b_58_phantom_controller_only_phone_connected/11_5835.000MHz.cfile,complex_int16_interleaved,0.250000,-57.775121,0.0012919444,0.014235723,0.0010358875,-105.178288,-120.000000,14.821712,0.997202,0.000732
p05,p05_phantom_controller_only_phone_connected_full20,p05_phantom_controller_only_phone_connected_full20_b210b_58,p05_phantom_controller_only_phone_connected_full20_b210b_58_phantom_controller_only_phone_connected,phantom_controller_only_phone_connected,0,1,5.8,b210b_58,12,5845000000,20000000,2.000,raw_iq_followup/p05_phantom_controller_only_phone_connected_full20_b210b_58/p05_phantom_controller_only_phone_connected_full20_b210b_58_phantom_controller_only_phone_connected/12_5845.000MHz.cfile,complex_int16_interleaved,0.250000,-57.801742,0.0012879908,0.013706707,0.0010239941,-105.537727,-120.000000,14.462273,0.997507,0.000732
p05,p05_phantom_linked_phone_connected_full20,p05_phantom_linked_phone_connected_full20_b210a_24,p05_phantom_linked_phone_connected_full20_b210a_24_phantom_linked_phone_connected,phantom_linked_phone_connected,1,0,2.4,b210a_24,1,2410000000,20000000,2.000,raw_iq_followup/p05_phantom_linked_phone_connected_full20_b210a_24/p05_phantom_linked_phone_connected_full20_b210a_24_phantom_linked_phone_connected/01_2410.000MHz.cfile,complex_int16_interleaved,0.250000,-51.804155,0.0025691663,0.023195367,0.00035320781,-104.447004,-120.000000,15.552996,0.994563,0.000732
p05,p05_phantom_linked_phone_connected_full20,p05_phantom_linked_phone_connected_full20_b210a_24,p05_phantom_linked_phone_connected_full20_b210a_24_phantom_linked_phone_connected,phantom_linked_phone_connected,1,0,2.4,b210a_24,2,2420000000,20000000,2.000,raw_iq_followup/p05_phantom_linked_phone_connected_full20_b210a_24/p05_phantom_linked_phone_connected_full20_b210a_24_phantom_linked_phone_connected/02_2420.000MHz.cfile,complex_int16_interleaved,0.250000,-49.955650,0.0031784654,0.021934668,0.00025086602,-103.923976,-120.000000,16.076024,0.992588,0.000732
p05,p05_phantom_linked_phone_connected_full20,p05_phantom_linked_phone_connected_full20_b210a_24,p05_phantom_linked_phone_connected_full20_b210a_24_phantom_linked_phone_connected,phantom_linked_phone_connected,1,0,2.4,b210a_24,3,2430000000,20000000,2.000,raw_iq_followup/p05_phantom_linked_phone_connected_full20_b210a_24/p05_phantom_linked_phone_connected_full20_b210a_24_phantom_linked_phone_connected/03_2430.000MHz.cfile,complex_int16_interleaved,0.250000,-47.272777,0.0043287364,0.03035387,0.00033929351,-99.862289,-120.000000,20.137711,0.972718,0.000732
p05,p05_phantom_linked_phone_connected_full20,p05_phantom_linked_phone_connected_full20_b210a_24,p05_phantom_linked_phone_connected_full20_b210a_24_phantom_linked_phone_connected,phantom_linked_phone_connected,1,0,2.4,b210a_24,4,2440000000,20000000,2.000,raw_iq_followup/p05_phantom_linked_phone_connected_full20_b210a_24/p05_phantom_linked_phone_connected_full20_b210a_24_phantom_linked_phone_connected/04_2440.000MHz.cfile,complex_int16_interleaved,0.250000,-40.980742,0.0089322918,0.11607755,2.6399992e-05,-98.173896,-120.000000,21.826104,0.851488,0.022705
p05,p05_phantom_linked_phone_connected_full20,p05_phantom_linked_phone_connected_full20_b210a_24,p05_phantom_linked_phone_connected_full20_b210a_24_phantom_linked_phone_connected,phantom_linked_phone_connected,1,0,2.4,b210a_24,5,2450000000,20000000,2.000,raw_iq_followup/p05_phantom_linked_phone_connected_full20_b210a_24/p05_phantom_linked_phone_connected_full20_b210a_24_phantom_linked_phone_connected/05_2450.000MHz.cfile,complex_int16_interleaved,0.250000,-30.049352,0.031443611,0.48012117,3.641919e-06,-92.608121,-103.889908,11.281787,0.919926,0.073730
p05,p05_phantom_linked_phone_connected_full20,p05_phantom_linked_phone_connected_full20_b210a_24,p05_phantom_linked_phone_connected_full20_b210a_24_phantom_linked_phone_connected,phantom_linked_phone_connected,1,0,2.4,b210a_24,6,2460000000,20000000,2.000,raw_iq_followup/p05_phantom_linked_phone_connected_full20_b210a_24/p05_phantom_linked_phone_connected_full20_b210a_24_phantom_linked_phone_connected/06_2460.000MHz.cfile,complex_int16_interleaved,0.250000,-28.841806,0.036133471,0.493265,6.7316575e-07,-91.150544,-102.435746,11.285202,0.948742,0.035645
p05,p05_phantom_linked_phone_connected_full20,p05_phantom_linked_phone_connected_full20_b210a_24,p05_phantom_linked_phone_connected_full20_b210a_24_phantom_linked_phone_connected,phantom_linked_phone_connected,1,0,2.4,b210a_24,7,2470000000,20000000,2.000,raw_iq_followup/p05_phantom_linked_phone_connected_full20_b210a_24/p05_phantom_linked_phone_connected_full20_b210a_24_phantom_linked_phone_connected/07_2470.000MHz.cfile,complex_int16_interleaved,0.250000,-35.101639,0.017575919,0.28815085,6.5514836e-06,-94.396538,-120.000000,25.603462,0.859391,0.024414
p05,p05_phantom_linked_phone_connected_full20,p05_phantom_linked_phone_connected_full20_b210a_24,p05_phantom_linked_phone_connected_full20_b210a_24_phantom_linked_phone_connected,phantom_linked_phone_connected,1,0,2.4,b210a_24,8,2480000000,20000000,2.000,raw_iq_followup/p05_phantom_linked_phone_connected_full20_b210a_24/p05_phantom_linked_phone_connected_full20_b210a_24_phantom_linked_phone_connected/08_2480.000MHz.cfile,complex_int16_interleaved,0.250000,-55.202672,0.001737266,0.017773706,0.00099689725,-103.042568,-120.000000,16.957432,0.994033,0.000732
p05,p05_phantom_linked_phone_connected_full20,p05_phantom_linked_phone_connected_full20_b210b_58,p05_phantom_linked_phone_connected_full20_b210b_58_phantom_linked_phone_connected,phantom_linked_phone_connected,1,0,5.8,b210b_58,1,5735000000,20000000,2.000,raw_iq_followup/p05_phantom_linked_phone_connected_full20_b210b_58/p05_phantom_linked_phone_connected_full20_b210b_58_phantom_linked_phone_connected/01_5735.000MHz.cfile,complex_int16_interleaved,0.250000,-47.556429,0.0041896577,0.052788213,0.00014441146,-100.256811,-120.000000,19.743189,0.900005,0.008057
p05,p05_phantom_linked_phone_connected_full20,p05_phantom_linked_phone_connected_full20_b210b_58,p05_phantom_linked_phone_connected_full20_b210b_58_phantom_linked_phone_connected,phantom_linked_phone_connected,1,0,5.8,b210b_58,2,5745000000,20000000,2.000,raw_iq_followup/p05_phantom_linked_phone_connected_full20_b210b_58/p05_phantom_linked_phone_connected_full20_b210b_58_phantom_linked_phone_connected/02_5745.000MHz.cfile,complex_int16_interleaved,0.250000,-45.125823,0.0055425402,0.056940027,8.085528e-05,-99.914396,-120.000000,20.085604,0.876664,0.013184
p05,p05_phantom_linked_phone_connected_full20,p05_phantom_linked_phone_connected_full20_b210b_58,p05_phantom_linked_phone_connected_full20_b210b_58_phantom_linked_phone_connected,phantom_linked_phone_connected,1,0,5.8,b210b_58,3,5755000000,20000000,2.000,raw_iq_followup/p05_phantom_linked_phone_connected_full20_b210b_58/p05_phantom_linked_phone_connected_full20_b210b_58_phantom_linked_phone_connected/03_5755.000MHz.cfile,complex_int16_interleaved,0.250000,-46.439970,0.0047643263,0.050225742,4.8423405e-05,-100.588515,-120.000000,19.411485,0.900716,0.010742
p05,p05_phantom_linked_phone_connected_full20,p05_phantom_linked_phone_connected_full20_b210b_58,p05_phantom_linked_phone_connected_full20_b210b_58_phantom_linked_phone_connected,phantom_linked_phone_connected,1,0,5.8,b210b_58,4,5765000000,20000000,2.000,raw_iq_followup/p05_phantom_linked_phone_connected_full20_b210b_58/p05_phantom_linked_phone_connected_full20_b210b_58_phantom_linked_phone_connected/04_5765.000MHz.cfile,complex_int16_interleaved,0.250000,-47.544246,0.0041955382,0.042447418,0.00012266176,-100.931408,-120.000000,19.068592,0.921549,0.007568
p05,p05_phantom_linked_phone_connected_full20,p05_phantom_linked_phone_connected_full20_b210b_58,p05_phantom_linked_phone_connected_full20_b210b_58_phantom_linked_phone_connected,phantom_linked_phone_connected,1,0,5.8,b210b_58,5,5775000000,20000000,2.000,raw_iq_followup/p05_phantom_linked_phone_connected_full20_b210b_58/p05_phantom_linked_phone_connected_full20_b210b_58_phantom_linked_phone_connected/05_5775.000MHz.cfile,complex_int16_interleaved,0.250000,-47.210894,0.0043596866,0.042191718,0.0001877773,-98.923243,-120.000000,21.076757,0.911877,0.004150
p05,p05_phantom_linked_phone_connected_full20,p05_phantom_linked_phone_connected_full20_b210b_58,p05_phantom_linked_phone_connected_full20_b210b_58_phantom_linked_phone_connected,phantom_linked_phone_connected,1,0,5.8,b210b_58,6,5785000000,20000000,2.000,raw_iq_followup/p05_phantom_linked_phone_connected_full20_b210b_58/p05_phantom_linked_phone_connected_full20_b210b_58_phantom_linked_phone_connected/06_5785.000MHz.cfile,complex_int16_interleaved,0.250000,-48.061569,0.0039529521,0.039349232,0.00028002225,-101.073376,-120.000000,18.926624,0.928668,0.007568
p05,p05_phantom_linked_phone_connected_full20,p05_phantom_linked_phone_connected_full20_b210b_58,p05_phantom_linked_phone_connected_full20_b210b_58_phantom_linked_phone_connected,phantom_linked_phone_connected,1,0,5.8,b210b_58,7,5795000000,20000000,2.000,raw_iq_followup/p05_phantom_linked_phone_connected_full20_b210b_58/p05_phantom_linked_phone_connected_full20_b210b_58_phantom_linked_phone_connected/07_5795.000MHz.cfile,complex_int16_interleaved,0.250000,-48.275098,0.0038569594,0.036809679,0.00017289246,-103.223750,-120.000000,16.776250,0.937030,0.013672
p05,p05_phantom_linked_phone_connected_full20,p05_phantom_linked_phone_connected_full20_b210b_58,p05_phantom_linked_phone_connected_full20_b210b_58_phantom_linked_phone_connected,phantom_linked_phone_connected,1,0,5.8,b210b_58,8,5805000000,20000000,2.000,raw_iq_followup/p05_phantom_linked_phone_connected_full20_b210b_58/p05_phantom_linked_phone_connected_full20_b210b_58_phantom_linked_phone_connected/08_5805.000MHz.cfile,complex_int16_interleaved,0.250000,-47.862773,0.0040444675,0.0389034,0.00015601978,-101.960394,-120.000000,18.039606,0.926929,0.011230
p05,p05_phantom_linked_phone_connected_full20,p05_phantom_linked_phone_connected_full20_b210b_58,p05_phantom_linked_phone_connected_full20_b210b_58_phantom_linked_phone_connected,phantom_linked_phone_connected,1,0,5.8,b210b_58,9,5815000000,20000000,2.000,raw_iq_followup/p05_phantom_linked_phone_connected_full20_b210b_58/p05_phantom_linked_phone_connected_full20_b210b_58_phantom_linked_phone_connected/09_5815.000MHz.cfile,complex_int16_interleaved,0.250000,-49.918185,0.0031922047,0.037754204,0.00016593815,-103.380355,-120.000000,16.619645,0.945147,0.008301
p05,p05_phantom_linked_phone_connected_full20,p05_phantom_linked_phone_connected_full20_b210b_58,p05_phantom_linked_phone_connected_full20_b210b_58_phantom_linked_phone_connected,phantom_linked_phone_connected,1,0,5.8,b210b_58,10,5825000000,20000000,2.000,raw_iq_followup/p05_phantom_linked_phone_connected_full20_b210b_58/p05_phantom_linked_phone_connected_full20_b210b_58_phantom_linked_phone_connected/10_5825.000MHz.cfile,complex_int16_interleaved,0.250000,-58.032060,0.0012542868,0.014099418,0.00068943668,-107.257888,-120.000000,12.742112,0.998595,0.000732
p05,p05_phantom_linked_phone_connected_full20,p05_phantom_linked_phone_connected_full20_b210b_58,p05_phantom_linked_phone_connected_full20_b210b_58_phantom_linked_phone_connected,phantom_linked_phone_connected,1,0,5.8,b210b_58,11,5835000000,20000000,2.000,raw_iq_followup/p05_phantom_linked_phone_connected_full20_b210b_58/p05_phantom_linked_phone_connected_full20_b210b_58_phantom_linked_phone_connected/11_5835.000MHz.cfile,complex_int16_interleaved,0.250000,-57.242815,0.0013735964,0.0186572,0.0016268494,-102.562248,-120.000000,17.437752,0.993651,0.000732
p05,p05_phantom_linked_phone_connected_full20,p05_phantom_linked_phone_connected_full20_b210b_58,p05_phantom_linked_phone_connected_full20_b210b_58_phantom_linked_phone_connected,phantom_linked_phone_connected,1,0,5.8,b210b_58,12,5845000000,20000000,2.000,raw_iq_followup/p05_phantom_linked_phone_connected_full20_b210b_58/p05_phantom_linked_phone_connected_full20_b210b_58_phantom_linked_phone_connected/12_5845.000MHz.cfile,complex_int16_interleaved,0.250000,-57.450256,0.0013411801,0.017584905,0.0014441619,-103.425873,-120.000000,16.574127,0.995133,0.000732
p06,p06_phantom_controller_only_phone_connected_full20,p06_phantom_controller_only_phone_connected_full20_b210a_24,p06_phantom_controller_only_phone_connected_full20_b210a_24_phantom_controller_only_phone_connected,phantom_controller_only_phone_connected,0,1,2.4,b210a_24,1,2410000000,20000000,2.000,raw_iq_followup/p06_phantom_controller_only_phone_connected_full20_b210a_24/p06_phantom_controller_only_phone_connected_full20_b210a_24_phantom_controller_only_phone_connected/01_2410.000MHz.cfile,complex_int16_interleaved,0.250000,-51.211709,0.0027505181,0.02804039,0.00031626042,-104.410583,-120.000000,15.589417,0.995243,0.000732
p06,p06_phantom_controller_only_phone_connected_full20,p06_phantom_controller_only_phone_connected_full20_b210a_24,p06_phantom_controller_only_phone_connected_full20_b210a_24_phantom_controller_only_phone_connected,phantom_controller_only_phone_connected,0,1,2.4,b210a_24,2,2420000000,20000000,2.000,raw_iq_followup/p06_phantom_controller_only_phone_connected_full20_b210a_24/p06_phantom_controller_only_phone_connected_full20_b210a_24_phantom_controller_only_phone_connected/02_2420.000MHz.cfile,complex_int16_interleaved,0.250000,-48.495937,0.0037601324,0.025180848,0.00040621323,-100.353348,-120.000000,19.646652,0.981608,0.000732
p06,p06_phantom_controller_only_phone_connected_full20,p06_phantom_controller_only_phone_connected_full20_b210a_24,p06_phantom_controller_only_phone_connected_full20_b210a_24_phantom_controller_only_phone_connected,phantom_controller_only_phone_connected,0,1,2.4,b210a_24,3,2430000000,20000000,2.000,raw_iq_followup/p06_phantom_controller_only_phone_connected_full20_b210a_24/p06_phantom_controller_only_phone_connected_full20_b210a_24_phantom_controller_only_phone_connected/03_2430.000MHz.cfile,complex_int16_interleaved,0.250000,-49.979983,0.0031695736,0.022925284,0.0002701722,-103.917681,-120.000000,16.082319,0.992435,0.000732
p06,p06_phantom_controller_only_phone_connected_full20,p06_phantom_controller_only_phone_connected_full20_b210a_24,p06_phantom_controller_only_phone_connected_full20_b210a_24_phantom_controller_only_phone_connected,phantom_controller_only_phone_connected,0,1,2.4,b210a_24,4,2440000000,20000000,2.000,raw_iq_followup/p06_phantom_controller_only_phone_connected_full20_b210a_24/p06_phantom_controller_only_phone_connected_full20_b210a_24_phantom_controller_only_phone_connected/04_2440.000MHz.cfile,complex_int16_interleaved,0.250000,-46.610770,0.0046715553,0.087425917,0.0001204337,-103.759278,-120.000000,16.240722,0.975725,0.000732
p06,p06_phantom_controller_only_phone_connected_full20,p06_phantom_controller_only_phone_connected_full20_b210a_24,p06_phantom_controller_only_phone_connected_full20_b210a_24_phantom_controller_only_phone_connected,phantom_controller_only_phone_connected,0,1,2.4,b210a_24,5,2450000000,20000000,2.000,raw_iq_followup/p06_phantom_controller_only_phone_connected_full20_b210a_24/p06_phantom_controller_only_phone_connected_full20_b210a_24_phantom_controller_only_phone_connected/05_2450.000MHz.cfile,complex_int16_interleaved,0.250000,-32.549955,0.023577745,0.26264894,4.336003e-06,-98.485931,-114.660870,16.174940,0.899623,0.320312
p06,p06_phantom_controller_only_phone_connected_full20,p06_phantom_controller_only_phone_connected_full20_b210a_24,p06_phantom_controller_only_phone_connected_full20_b210a_24_phantom_controller_only_phone_connected,phantom_controller_only_phone_connected,0,1,2.4,b210a_24,6,2460000000,20000000,2.000,raw_iq_followup/p06_phantom_controller_only_phone_connected_full20_b210a_24/p06_phantom_controller_only_phone_connected_full20_b210a_24_phantom_controller_only_phone_connected/06_2460.000MHz.cfile,complex_int16_interleaved,0.250000,-33.817287,0.020376785,0.31291133,8.2294027e-06,-99.941799,-109.870453,9.928653,0.926782,0.348633
p06,p06_phantom_controller_only_phone_connected_full20,p06_phantom_controller_only_phone_connected_full20_b210a_24,p06_phantom_controller_only_phone_connected_full20_b210a_24_phantom_controller_only_phone_connected,phantom_controller_only_phone_connected,0,1,2.4,b210a_24,7,2470000000,20000000,2.000,raw_iq_followup/p06_phantom_controller_only_phone_connected_full20_b210a_24/p06_phantom_controller_only_phone_connected_full20_b210a_24_phantom_controller_only_phone_connected/07_2470.000MHz.cfile,complex_int16_interleaved,0.250000,-42.824831,0.0072236792,0.19084722,8.5314961e-05,-101.579701,-120.000000,18.420299,0.902190,0.045654
p06,p06_phantom_controller_only_phone_connected_full20,p06_phantom_controller_only_phone_connected_full20_b210a_24,p06_phantom_controller_only_phone_connected_full20_b210a_24_phantom_controller_only_phone_connected,phantom_controller_only_phone_connected,0,1,2.4,b210a_24,8,2480000000,20000000,2.000,raw_iq_followup/p06_phantom_controller_only_phone_connected_full20_b210a_24/p06_phantom_controller_only_phone_connected_full20_b210a_24_phantom_controller_only_phone_connected/08_2480.000MHz.cfile,complex_int16_interleaved,0.250000,-54.729282,0.0018345765,0.031451531,0.00056865733,-104.915972,-120.000000,15.084028,0.994986,0.000732
p06,p06_phantom_controller_only_phone_connected_full20,p06_phantom_controller_only_phone_connected_full20_b210b_58,p06_phantom_controller_only_phone_connected_full20_b210b_58_phantom_controller_only_phone_connected,phantom_controller_only_phone_connected,0,1,5.8,b210b_58,1,5735000000,20000000,2.000,raw_iq_followup/p06_phantom_controller_only_phone_connected_full20_b210b_58/p06_phantom_controller_only_phone_connected_full20_b210b_58_phantom_controller_only_phone_connected/01_5735.000MHz.cfile,complex_int16_interleaved,0.250000,-43.978423,0.0063252667,0.078369625,0.00010796902,-95.688017,-120.000000,24.311983,0.810912,0.006592
p06,p06_phantom_controller_only_phone_connected_full20,p06_phantom_controller_only_phone_connected_full20_b210b_58,p06_phantom_controller_only_phone_connected_full20_b210b_58_phantom_controller_only_phone_connected,phantom_controller_only_phone_connected,0,1,5.8,b210b_58,2,5745000000,20000000,2.000,raw_iq_followup/p06_phantom_controller_only_phone_connected_full20_b210b_58/p06_phantom_controller_only_phone_connected_full20_b210b_58_phantom_controller_only_phone_connected/02_5745.000MHz.cfile,complex_int16_interleaved,0.250000,-41.899807,0.00803544,0.079154447,4.1423541e-05,-95.401642,-120.000000,24.598358,0.812733,0.009766
p06,p06_phantom_controller_only_phone_connected_full20,p06_phantom_controller_only_phone_connected_full20_b210b_58,p06_phantom_controller_only_phone_connected_full20_b210b_58_phantom_controller_only_phone_connected,phantom_controller_only_phone_connected,0,1,5.8,b210b_58,3,5755000000,20000000,2.000,raw_iq_followup/p06_phantom_controller_only_phone_connected_full20_b210b_58/p06_phantom_controller_only_phone_connected_full20_b210b_58_phantom_controller_only_phone_connected/03_5755.000MHz.cfile,complex_int16_interleaved,0.250000,-42.833668,0.0072163333,0.068730876,7.0299698e-06,-94.949623,-120.000000,25.050377,0.825304,0.005859
p06,p06_phantom_controller_only_phone_connected_full20,p06_phantom_controller_only_phone_connected_full20_b210b_58,p06_phantom_controller_only_phone_connected_full20_b210b_58_phantom_controller_only_phone_connected,phantom_controller_only_phone_connected,0,1,5.8,b210b_58,4,5765000000,20000000,2.000,raw_iq_followup/p06_phantom_controller_only_phone_connected_full20_b210b_58/p06_phantom_controller_only_phone_connected_full20_b210b_58_phantom_controller_only_phone_connected/04_5765.000MHz.cfile,complex_int16_interleaved,0.250000,-43.653132,0.0065666426,0.060661122,7.6447456e-05,-98.070712,-120.000000,21.929288,0.853789,0.013672
p06,p06_phantom_controller_only_phone_connected_full20,p06_phantom_controller_only_phone_connected_full20_b210b_58,p06_phantom_controller_only_phone_connected_full20_b210b_58_phantom_controller_only_phone_connected,phantom_controller_only_phone_connected,0,1,5.8,b210b_58,5,5775000000,20000000,2.000,raw_iq_followup/p06_phantom_controller_only_phone_connected_full20_b210b_58/p06_phantom_controller_only_phone_connected_full20_b210b_58_phantom_controller_only_phone_connected/05_5775.000MHz.cfile,complex_int16_interleaved,0.250000,-44.226417,0.0061472254,0.059233196,4.1379441e-05,-97.861822,-120.000000,22.138178,0.859690,0.010742
p06,p06_phantom_controller_only_phone_connected_full20,p06_phantom_controller_only_phone_connected_full20_b210b_58,p06_phantom_controller_only_phone_connected_full20_b210b_58_phantom_controller_only_phone_connected,phantom_controller_only_phone_connected,0,1,5.8,b210b_58,6,5785000000,20000000,2.000,raw_iq_followup/p06_phantom_controller_only_phone_connected_full20_b210b_58/p06_phantom_controller_only_phone_connected_full20_b210b_58_phantom_controller_only_phone_connected/06_5785.000MHz.cfile,complex_int16_interleaved,0.250000,-45.736262,0.0051663862,0.049842969,7.9490795e-05,-99.811484,-120.000000,20.188516,0.888545,0.012207
p06,p06_phantom_controller_only_phone_connected_full20,p06_phantom_controller_only_phone_connected_full20_b210b_58,p06_phantom_controller_only_phone_connected_full20_b210b_58_phantom_controller_only_phone_connected,phantom_controller_only_phone_connected,0,1,5.8,b210b_58,7,5795000000,20000000,2.000,raw_iq_followup/p06_phantom_controller_only_phone_connected_full20_b210b_58/p06_phantom_controller_only_phone_connected_full20_b210b_58_phantom_controller_only_phone_connected/07_5795.000MHz.cfile,complex_int16_interleaved,0.250000,-45.754280,0.0051556807,0.05038527,0.00013362035,-99.869630,-120.000000,20.130370,0.889128,0.010986
p06,p06_phantom_controller_only_phone_connected_full20,p06_phantom_controller_only_phone_connected_full20_b210b_58,p06_phantom_controller_only_phone_connected_full20_b210b_58_phantom_controller_only_phone_connected,phantom_controller_only_phone_connected,0,1,5.8,b210b_58,8,5805000000,20000000,2.000,raw_iq_followup/p06_phantom_controller_only_phone_connected_full20_b210b_58/p06_phantom_controller_only_phone_connected_full20_b210b_58_phantom_controller_only_phone_connected/08_5805.000MHz.cfile,complex_int16_interleaved,0.250000,-45.439932,0.0053456856,0.052857008,0.00012216968,-99.768339,-120.000000,20.231661,0.879980,0.011963
p06,p06_phantom_controller_only_phone_connected_full20,p06_phantom_controller_only_phone_connected_full20_b210b_58,p06_phantom_controller_only_phone_connected_full20_b210b_58_phantom_controller_only_phone_connected,phantom_controller_only_phone_connected,0,1,5.8,b210b_58,9,5815000000,20000000,2.000,raw_iq_followup/p06_phantom_controller_only_phone_connected_full20_b210b_58/p06_phantom_controller_only_phone_connected_full20_b210b_58_phantom_controller_only_phone_connected/09_5815.000MHz.cfile,complex_int16_interleaved,0.250000,-48.642446,0.0036972404,0.050885431,6.2777691e-05,-100.000305,-120.000000,19.999695,0.920473,0.006348
p06,p06_phantom_controller_only_phone_connected_full20,p06_phantom_controller_only_phone_connected_full20_b210b_58,p06_phantom_controller_only_phone_connected_full20_b210b_58_phantom_controller_only_phone_connected,phantom_controller_only_phone_connected,0,1,5.8,b210b_58,10,5825000000,20000000,2.000,raw_iq_followup/p06_phantom_controller_only_phone_connected_full20_b210b_58/p06_phantom_controller_only_phone_connected_full20_b210b_58_phantom_controller_only_phone_connected/10_5825.000MHz.cfile,complex_int16_interleaved,0.250000,-57.567940,0.0013231311,0.016297188,0.0013947623,-104.065182,-120.000000,15.934818,0.996007,0.000732
p06,p06_phantom_controller_only_phone_connected_full20,p06_phantom_controller_only_phone_connected_full20_b210b_58,p06_phantom_controller_only_phone_connected_full20_b210b_58_phantom_controller_only_phone_connected,phantom_controller_only_phone_connected,0,1,5.8,b210b_58,11,5835000000,20000000,2.000,raw_iq_followup/p06_phantom_controller_only_phone_connected_full20_b210b_58/p06_phantom_controller_only_phone_connected_full20_b210b_58_phantom_controller_only_phone_connected/11_5835.000MHz.cfile,complex_int16_interleaved,0.250000,-57.648663,0.0013108914,0.014721498,0.0010300054,-104.705686,-120.000000,15.294314,0.996744,0.000732
p06,p06_phantom_controller_only_phone_connected_full20,p06_phantom_controller_only_phone_connected_full20_b210b_58,p06_phantom_controller_only_phone_connected_full20_b210b_58_phantom_controller_only_phone_connected,phantom_controller_only_phone_connected,0,1,5.8,b210b_58,12,5845000000,20000000,2.000,raw_iq_followup/p06_phantom_controller_only_phone_connected_full20_b210b_58/p06_phantom_controller_only_phone_connected_full20_b210b_58_phantom_controller_only_phone_connected/12_5845.000MHz.cfile,complex_int16_interleaved,0.250000,-57.473480,0.0013375988,0.017117722,0.0014709317,-103.578554,-120.000000,16.421446,0.995373,0.000732
p06,p06_phantom_linked_phone_connected_full20,p06_phantom_linked_phone_connected_full20_b210a_24,p06_phantom_linked_phone_connected_full20_b210a_24_phantom_linked_phone_connected,phantom_linked_phone_connected,1,0,2.4,b210a_24,1,2410000000,20000000,2.000,raw_iq_followup/p06_phantom_linked_phone_connected_full20_b210a_24/p06_phantom_linked_phone_connected_full20_b210a_24_phantom_linked_phone_connected/01_2410.000MHz.cfile,complex_int16_interleaved,0.250000,-51.281281,0.0027285751,0.022495512,0.00062853092,-101.071838,-120.000000,18.928162,0.989308,0.000732
p06,p06_phantom_linked_phone_connected_full20,p06_phantom_linked_phone_connected_full20_b210a_24,p06_phantom_linked_phone_connected_full20_b210a_24_phantom_linked_phone_connected,phantom_linked_phone_connected,1,0,2.4,b210a_24,2,2420000000,20000000,2.000,raw_iq_followup/p06_phantom_linked_phone_connected_full20_b210a_24/p06_phantom_linked_phone_connected_full20_b210a_24_phantom_linked_phone_connected/02_2420.000MHz.cfile,complex_int16_interleaved,0.250000,-45.669877,0.0052060235,0.028149866,8.1761033e-05,-104.522502,-120.000000,15.477498,0.972237,0.000732
p06,p06_phantom_linked_phone_connected_full20,p06_phantom_linked_phone_connected_full20_b210a_24,p06_phantom_linked_phone_connected_full20_b210a_24_phantom_linked_phone_connected,phantom_linked_phone_connected,1,0,2.4,b210a_24,3,2430000000,20000000,2.000,raw_iq_followup/p06_phantom_linked_phone_connected_full20_b210a_24/p06_phantom_linked_phone_connected_full20_b210a_24_phantom_linked_phone_connected/03_2430.000MHz.cfile,complex_int16_interleaved,0.250000,-49.982080,0.0031688085,0.025918929,0.00023150907,-104.608436,-120.000000,15.391564,0.992269,0.000732
p06,p06_phantom_linked_phone_connected_full20,p06_phantom_linked_phone_connected_full20_b210a_24,p06_phantom_linked_phone_connected_full20_b210a_24_phantom_linked_phone_connected,phantom_linked_phone_connected,1,0,2.4,b210a_24,4,2440000000,20000000,2.000,raw_iq_followup/p06_phantom_linked_phone_connected_full20_b210a_24/p06_phantom_linked_phone_connected_full20_b210a_24_phantom_linked_phone_connected/04_2440.000MHz.cfile,complex_int16_interleaved,0.250000,-41.449948,0.0084625764,0.10210002,4.4472035e-05,-98.232668,-120.000000,21.767332,0.830983,0.023193
p06,p06_phantom_linked_phone_connected_full20,p06_phantom_linked_phone_connected_full20_b210a_24,p06_phantom_linked_phone_connected_full20_b210a_24_phantom_linked_phone_connected,phantom_linked_phone_connected,1,0,2.4,b210a_24,5,2450000000,20000000,2.000,raw_iq_followup/p06_phantom_linked_phone_connected_full20_b210a_24/p06_phantom_linked_phone_connected_full20_b210a_24_phantom_linked_phone_connected/05_2450.000MHz.cfile,complex_int16_interleaved,0.250000,-29.630488,0.032997088,0.4101145,4.0023954e-06,-91.926991,-103.416435,11.489444,0.924863,0.043701
p06,p06_phantom_linked_phone_connected_full20,p06_phantom_linked_phone_connected_full20_b210a_24,p06_phantom_linked_phone_connected_full20_b210a_24_phantom_linked_phone_connected,phantom_linked_phone_connected,1,0,2.4,b210a_24,6,2460000000,20000000,2.000,raw_iq_followup/p06_phantom_linked_phone_connected_full20_b210a_24/p06_phantom_linked_phone_connected_full20_b210a_24_phantom_linked_phone_connected/06_2460.000MHz.cfile,complex_int16_interleaved,0.250000,-28.702151,0.036719134,0.40538025,2.4325455e-06,-91.694666,-102.256592,10.561926,0.951375,0.050049
p06,p06_phantom_linked_phone_connected_full20,p06_phantom_linked_phone_connected_full20_b210a_24,p06_phantom_linked_phone_connected_full20_b210a_24_phantom_linked_phone_connected,phantom_linked_phone_connected,1,0,2.4,b210a_24,7,2470000000,20000000,2.000,raw_iq_followup/p06_phantom_linked_phone_connected_full20_b210a_24/p06_phantom_linked_phone_connected_full20_b210a_24_phantom_linked_phone_connected/07_2470.000MHz.cfile,complex_int16_interleaved,0.250000,-34.314029,0.019244142,0.21617167,3.7279282e-06,-94.632096,-120.000000,25.367904,0.858431,0.049072
p06,p06_phantom_linked_phone_connected_full20,p06_phantom_linked_phone_connected_full20_b210a_24,p06_phantom_linked_phone_connected_full20_b210a_24_phantom_linked_phone_connected,phantom_linked_phone_connected,1,0,2.4,b210a_24,8,2480000000,20000000,2.000,raw_iq_followup/p06_phantom_linked_phone_connected_full20_b210a_24/p06_phantom_linked_phone_connected_full20_b210a_24_phantom_linked_phone_connected/08_2480.000MHz.cfile,complex_int16_interleaved,0.250000,-55.153255,0.0017471781,0.016943634,0.00041468179,-106.545292,-120.000000,13.454708,0.997018,0.000732
p06,p06_phantom_linked_phone_connected_full20,p06_phantom_linked_phone_connected_full20_b210b_58,p06_phantom_linked_phone_connected_full20_b210b_58_phantom_linked_phone_connected,phantom_linked_phone_connected,1,0,5.8,b210b_58,1,5735000000,20000000,2.000,raw_iq_followup/p06_phantom_linked_phone_connected_full20_b210b_58/p06_phantom_linked_phone_connected_full20_b210b_58_phantom_linked_phone_connected/01_5735.000MHz.cfile,complex_int16_interleaved,0.250000,-45.846768,0.0051010735,0.070217103,0.00012681638,-98.111314,-120.000000,21.888686,0.855502,0.008057
p06,p06_phantom_linked_phone_connected_full20,p06_phantom_linked_phone_connected_full20_b210b_58,p06_phantom_linked_phone_connected_full20_b210b_58_phantom_linked_phone_connected,phantom_linked_phone_connected,1,0,5.8,b210b_58,2,5745000000,20000000,2.000,raw_iq_followup/p06_phantom_linked_phone_connected_full20_b210b_58/p06_phantom_linked_phone_connected_full20_b210b_58_phantom_linked_phone_connected/02_5745.000MHz.cfile,complex_int16_interleaved,0.250000,-42.819414,0.007228186,0.068954989,3.160721e-05,-96.035523,-120.000000,23.964477,0.829231,0.008545
p06,p06_phantom_linked_phone_connected_full20,p06_phantom_linked_phone_connected_full20_b210b_58,p06_phantom_linked_phone_connected_full20_b210b_58_phantom_linked_phone_connected,phantom_linked_phone_connected,1,0,5.8,b210b_58,3,5755000000,20000000,2.000,raw_iq_followup/p06_phantom_linked_phone_connected_full20_b210b_58/p06_phantom_linked_phone_connected_full20_b210b_58_phantom_linked_phone_connected/03_5755.000MHz.cfile,complex_int16_interleaved,0.250000,-43.241651,0.0068852137,0.064849362,6.504151e-05,-96.466622,-120.000000,23.533378,0.840078,0.008057
p06,p06_phantom_linked_phone_connected_full20,p06_phantom_linked_phone_connected_full20_b210b_58,p06_phantom_linked_phone_connected_full20_b210b_58_phantom_linked_phone_connected,phantom_linked_phone_connected,1,0,5.8,b210b_58,4,5765000000,20000000,2.000,raw_iq_followup/p06_phantom_linked_phone_connected_full20_b210b_58/p06_phantom_linked_phone_connected_full20_b210b_58_phantom_linked_phone_connected/04_5765.000MHz.cfile,complex_int16_interleaved,0.250000,-45.173703,0.0055120714,0.05522041,7.030783e-05,-98.985345,-120.000000,21.014655,0.876131,0.009766
p06,p06_phantom_linked_phone_connected_full20,p06_phantom_linked_phone_connected_full20_b210b_58,p06_phantom_linked_phone_connected_full20_b210b_58_phantom_linked_phone_connected,phantom_linked_phone_connected,1,0,5.8,b210b_58,5,5775000000,20000000,2.000,raw_iq_followup/p06_phantom_linked_phone_connected_full20_b210b_58/p06_phantom_linked_phone_connected_full20_b210b_58_phantom_linked_phone_connected/05_5775.000MHz.cfile,complex_int16_interleaved,0.250000,-46.563799,0.004696886,0.048194446,9.1227528e-05,-101.122430,-120.000000,18.877570,0.903628,0.011963
p06,p06_phantom_linked_phone_connected_full20,p06_phantom_linked_phone_connected_full20_b210b_58,p06_phantom_linked_phone_connected_full20_b210b_58_phantom_linked_phone_connected,phantom_linked_phone_connected,1,0,5.8,b210b_58,6,5785000000,20000000,2.000,raw_iq_followup/p06_phantom_linked_phone_connected_full20_b210b_58/p06_phantom_linked_phone_connected_full20_b210b_58_phantom_linked_phone_connected/06_5785.000MHz.cfile,complex_int16_interleaved,0.250000,-47.000985,0.0044663292,0.044727869,0.00014239139,-101.966452,-120.000000,18.033548,0.912277,0.014160
p06,p06_phantom_linked_phone_connected_full20,p06_phantom_linked_phone_connected_full20_b210b_58,p06_phantom_linked_phone_connected_full20_b210b_58_phantom_linked_phone_connected,phantom_linked_phone_connected,1,0,5.8,b210b_58,7,5795000000,20000000,2.000,raw_iq_followup/p06_phantom_linked_phone_connected_full20_b210b_58/p06_phantom_linked_phone_connected_full20_b210b_58_phantom_linked_phone_connected/07_5795.000MHz.cfile,complex_int16_interleaved,0.250000,-46.521343,0.0047199006,0.043547653,9.1819669e-05,-101.132065,-120.000000,18.867935,0.901292,0.011719
p06,p06_phantom_linked_phone_connected_full20,p06_phantom_linked_phone_connected_full20_b210b_58,p06_phantom_linked_phone_connected_full20_b210b_58_phantom_linked_phone_connected,phantom_linked_phone_connected,1,0,5.8,b210b_58,8,5805000000,20000000,2.000,raw_iq_followup/p06_phantom_linked_phone_connected_full20_b210b_58/p06_phantom_linked_phone_connected_full20_b210b_58_phantom_linked_phone_connected/08_5805.000MHz.cfile,complex_int16_interleaved,0.250000,-47.288699,0.0043208086,0.045629822,9.8367956e-05,-102.274348,-120.000000,17.725652,0.916368,0.012451
p06,p06_phantom_linked_phone_connected_full20,p06_phantom_linked_phone_connected_full20_b210b_58,p06_phantom_linked_phone_connected_full20_b210b_58_phantom_linked_phone_connected,phantom_linked_phone_connected,1,0,5.8,b210b_58,9,5815000000,20000000,2.000,raw_iq_followup/p06_phantom_linked_phone_connected_full20_b210b_58/p06_phantom_linked_phone_connected_full20_b210b_58_phantom_linked_phone_connected/09_5815.000MHz.cfile,complex_int16_interleaved,0.250000,-48.582385,0.0037228947,0.044979524,9.3997251e-05,-100.051381,-120.000000,19.948619,0.919739,0.005371
p06,p06_phantom_linked_phone_connected_full20,p06_phantom_linked_phone_connected_full20_b210b_58,p06_phantom_linked_phone_connected_full20_b210b_58_phantom_linked_phone_connected,phantom_linked_phone_connected,1,0,5.8,b210b_58,10,5825000000,20000000,2.000,raw_iq_followup/p06_phantom_linked_phone_connected_full20_b210b_58/p06_phantom_linked_phone_connected_full20_b210b_58_phantom_linked_phone_connected/10_5825.000MHz.cfile,complex_int16_interleaved,0.250000,-57.341578,0.0013580664,0.018095277,0.0015524862,-103.060721,-120.000000,16.939279,0.994556,0.000732
p06,p06_phantom_linked_phone_connected_full20,p06_phantom_linked_phone_connected_full20_b210b_58,p06_phantom_linked_phone_connected_full20_b210b_58_phantom_linked_phone_connected,phantom_linked_phone_connected,1,0,5.8,b210b_58,11,5835000000,20000000,2.000,raw_iq_followup/p06_phantom_linked_phone_connected_full20_b210b_58/p06_phantom_linked_phone_connected_full20_b210b_58_phantom_linked_phone_connected/11_5835.000MHz.cfile,complex_int16_interleaved,0.250000,-57.682206,0.0013058388,0.014718493,0.0011622608,-104.729359,-120.000000,15.270641,0.996770,0.000732
p06,p06_phantom_linked_phone_connected_full20,p06_phantom_linked_phone_connected_full20_b210b_58,p06_phantom_linked_phone_connected_full20_b210b_58_phantom_linked_phone_connected,phantom_linked_phone_connected,1,0,5.8,b210b_58,12,5845000000,20000000,2.000,raw_iq_followup/p06_phantom_linked_phone_connected_full20_b210b_58/p06_phantom_linked_phone_connected_full20_b210b_58_phantom_linked_phone_connected/12_5845.000MHz.cfile,complex_int16_interleaved,0.250000,-58.092183,0.0012456347,0.010742188,0.00054805431,-107.909616,-120.000000,12.090384,0.998877,0.000732
p07,p07_phantom_controller_only_phone_connected_full20,p07_phantom_controller_only_phone_connected_full20_b210a_24,p07_phantom_controller_only_phone_connected_full20_b210a_24_phantom_controller_only_phone_connected,phantom_controller_only_phone_connected,0,1,2.4,b210a_24,1,2410000000,20000000,2.000,raw_iq_followup/p07_phantom_controller_only_phone_connected_full20_b210a_24/p07_phantom_controller_only_phone_connected_full20_b210a_24_phantom_controller_only_phone_connected/01_2410.000MHz.cfile,complex_int16_interleaved,0.250000,-51.369764,0.0027009203,0.017637813,0.00018459106,-107.096442,-120.000000,12.903558,0.998196,0.000732
p07,p07_phantom_controller_only_phone_connected_full20,p07_phantom_controller_only_phone_connected_full20_b210a_24,p07_phantom_controller_only_phone_connected_full20_b210a_24_phantom_controller_only_phone_connected,phantom_controller_only_phone_connected,0,1,2.4,b210a_24,2,2420000000,20000000,2.000,raw_iq_followup/p07_phantom_controller_only_phone_connected_full20_b210a_24/p07_phantom_controller_only_phone_connected_full20_b210a_24_phantom_controller_only_phone_connected/02_2420.000MHz.cfile,complex_int16_interleaved,0.250000,-49.475930,0.0033589497,0.0224782,9.2107083e-05,-107.784123,-120.000000,12.215877,0.995731,0.000732
p07,p07_phantom_controller_only_phone_connected_full20,p07_phantom_controller_only_phone_connected_full20_b210a_24,p07_phantom_controller_only_phone_connected_full20_b210a_24_phantom_controller_only_phone_connected,phantom_controller_only_phone_connected,0,1,2.4,b210a_24,3,2430000000,20000000,2.000,raw_iq_followup/p07_phantom_controller_only_phone_connected_full20_b210a_24/p07_phantom_controller_only_phone_connected_full20_b210a_24_phantom_controller_only_phone_connected/03_2430.000MHz.cfile,complex_int16_interleaved,0.250000,-52.182464,0.0024596696,0.022926034,0.00038467043,-104.524988,-120.000000,15.475012,0.995927,0.000732
p07,p07_phantom_controller_only_phone_connected_full20,p07_phantom_controller_only_phone_connected_full20_b210a_24,p07_phantom_controller_only_phone_connected_full20_b210a_24_phantom_controller_only_phone_connected,phantom_controller_only_phone_connected,0,1,2.4,b210a_24,4,2440000000,20000000,2.000,raw_iq_followup/p07_phantom_controller_only_phone_connected_full20_b210a_24/p07_phantom_controller_only_phone_connected_full20_b210a_24_phantom_controller_only_phone_connected/04_2440.000MHz.cfile,complex_int16_interleaved,0.250000,-41.948866,0.0079901828,0.083097182,2.5172312e-05,-101.083995,-120.000000,18.916005,0.870585,0.059570
p07,p07_phantom_controller_only_phone_connected_full20,p07_phantom_controller_only_phone_connected_full20_b210a_24,p07_phantom_controller_only_phone_connected_full20_b210a_24_phantom_controller_only_phone_connected,phantom_controller_only_phone_connected,0,1,2.4,b210a_24,5,2450000000,20000000,2.000,raw_iq_followup/p07_phantom_controller_only_phone_connected_full20_b210a_24/p07_phantom_controller_only_phone_connected_full20_b210a_24_phantom_controller_only_phone_connected/05_2450.000MHz.cfile,complex_int16_interleaved,0.250000,-31.009736,0.028152257,0.27899882,4.4559827e-06,-95.173382,-105.153065,9.979683,0.923749,0.182861
p07,p07_phantom_controller_only_phone_connected_full20,p07_phantom_controller_only_phone_connected_full20_b210a_24,p07_phantom_controller_only_phone_connected_full20_b210a_24_phantom_controller_only_phone_connected,phantom_controller_only_phone_connected,0,1,2.4,b210a_24,6,2460000000,20000000,2.000,raw_iq_followup/p07_phantom_controller_only_phone_connected_full20_b210a_24/p07_phantom_controller_only_phone_connected_full20_b210a_24_phantom_controller_only_phone_connected/06_2460.000MHz.cfile,complex_int16_interleaved,0.250000,-33.483221,0.021175757,0.24461557,2.2677471e-06,-96.286693,-108.293165,12.006472,0.937634,0.066895
p07,p07_phantom_controller_only_phone_connected_full20,p07_phantom_controller_only_phone_connected_full20_b210a_24,p07_phantom_controller_only_phone_connected_full20_b210a_24_phantom_controller_only_phone_connected,phantom_controller_only_phone_connected,0,1,2.4,b210a_24,7,2470000000,20000000,2.000,raw_iq_followup/p07_phantom_controller_only_phone_connected_full20_b210a_24/p07_phantom_controller_only_phone_connected_full20_b210a_24_phantom_controller_only_phone_connected/07_2470.000MHz.cfile,complex_int16_interleaved,0.250000,-43.821138,0.0064408486,0.085242867,4.0932418e-05,-105.609132,-120.000000,14.390868,0.937880,0.105469
p07,p07_phantom_controller_only_phone_connected_full20,p07_phantom_controller_only_phone_connected_full20_b210a_24,p07_phantom_controller_only_phone_connected_full20_b210a_24_phantom_controller_only_phone_connected,phantom_controller_only_phone_connected,0,1,2.4,b210a_24,8,2480000000,20000000,2.000,raw_iq_followup/p07_phantom_controller_only_phone_connected_full20_b210a_24/p07_phantom_controller_only_phone_connected_full20_b210a_24_phantom_controller_only_phone_connected/08_2480.000MHz.cfile,complex_int16_interleaved,0.250000,-55.043554,0.0017693845,0.022841852,0.0014103297,-101.301015,-120.000000,18.698985,0.990468,0.000732
p07,p07_phantom_controller_only_phone_connected_full20,p07_phantom_controller_only_phone_connected_full20_b210b_58,p07_phantom_controller_only_phone_connected_full20_b210b_58_phantom_controller_only_phone_connected,phantom_controller_only_phone_connected,0,1,5.8,b210b_58,1,5735000000,20000000,2.000,raw_iq_followup/p07_phantom_controller_only_phone_connected_full20_b210b_58/p07_phantom_controller_only_phone_connected_full20_b210b_58_phantom_controller_only_phone_connected/01_5735.000MHz.cfile,complex_int16_interleaved,0.250000,-46.996891,0.0044684351,0.0538061,0.00018023774,-100.445853,-120.000000,19.554147,0.886708,0.009277
p07,p07_phantom_controller_only_phone_connected_full20,p07_phantom_controller_only_phone_connected_full20_b210b_58,p07_phantom_controller_only_phone_connected_full20_b210b_58_phantom_controller_only_phone_connected,phantom_controller_only_phone_connected,0,1,5.8,b210b_58,2,5745000000,20000000,2.000,raw_iq_followup/p07_phantom_controller_only_phone_connected_full20_b210b_58/p07_phantom_controller_only_phone_connected_full20_b210b_58_phantom_controller_only_phone_connected/02_5745.000MHz.cfile,complex_int16_interleaved,0.250000,-45.229958,0.0054764872,0.055870585,5.1426063e-05,-97.328018,-120.000000,22.671982,0.875640,0.005859
p07,p07_phantom_controller_only_phone_connected_full20,p07_phantom_controller_only_phone_connected_full20_b210b_58,p07_phantom_controller_only_phone_connected_full20_b210b_58_phantom_controller_only_phone_connected,phantom_controller_only_phone_connected,0,1,5.8,b210b_58,3,5755000000,20000000,2.000,raw_iq_followup/p07_phantom_controller_only_phone_connected_full20_b210b_58/p07_phantom_controller_only_phone_connected_full20_b210b_58_phantom_controller_only_phone_connected/03_5755.000MHz.cfile,complex_int16_interleaved,0.250000,-45.348848,0.0054020373,0.06014619,3.3680642e-05,-98.396097,-120.000000,21.603903,0.877516,0.008057
p07,p07_phantom_controller_only_phone_connected_full20,p07_phantom_controller_only_phone_connected_full20_b210b_58,p07_phantom_controller_only_phone_connected_full20_b210b_58_phantom_controller_only_phone_connected,phantom_controller_only_phone_connected,0,1,5.8,b210b_58,4,5765000000,20000000,2.000,raw_iq_followup/p07_phantom_controller_only_phone_connected_full20_b210b_58/p07_phantom_controller_only_phone_connected_full20_b210b_58_phantom_controller_only_phone_connected/04_5765.000MHz.cfile,complex_int16_interleaved,0.250000,-47.369931,0.0042805882,0.040909369,0.00012621855,-100.547483,-120.000000,19.452517,0.917491,0.007568
p07,p07_phantom_controller_only_phone_connected_full20,p07_phantom_controller_only_phone_connected_full20_b210b_58,p07_phantom_controller_only_phone_connected_full20_b210b_58_phantom_controller_only_phone_connected,phantom_controller_only_phone_connected,0,1,5.8,b210b_58,5,5775000000,20000000,2.000,raw_iq_followup/p07_phantom_controller_only_phone_connected_full20_b210b_58/p07_phantom_controller_only_phone_connected_full20_b210b_58_phantom_controller_only_phone_connected/05_5775.000MHz.cfile,complex_int16_interleaved,0.250000,-45.227161,0.0054782513,0.054817472,4.0242166e-05,-98.864017,-120.000000,21.135983,0.875790,0.011475
p07,p07_phantom_controller_only_phone_connected_full20,p07_phantom_controller_only_phone_connected_full20_b210b_58,p07_phantom_controller_only_phone_connected_full20_b210b_58_phantom_controller_only_phone_connected,phantom_controller_only_phone_connected,0,1,5.8,b210b_58,6,5785000000,20000000,2.000,raw_iq_followup/p07_phantom_controller_only_phone_connected_full20_b210b_58/p07_phantom_controller_only_phone_connected_full20_b210b_58_phantom_controller_only_phone_connected/06_5785.000MHz.cfile,complex_int16_interleaved,0.250000,-45.401617,0.0053693182,0.055062998,7.6718218e-05,-99.529823,-120.000000,20.470177,0.880647,0.010498
p07,p07_phantom_controller_only_phone_connected_full20,p07_phantom_controller_only_phone_connected_full20_b210b_58,p07_phantom_controller_only_phone_connected_full20_b210b_58_phantom_controller_only_phone_connected,phantom_controller_only_phone_connected,0,1,5.8,b210b_58,7,5795000000,20000000,2.000,raw_iq_followup/p07_phantom_controller_only_phone_connected_full20_b210b_58/p07_phantom_controller_only_phone_connected_full20_b210b_58_phantom_controller_only_phone_connected/07_5795.000MHz.cfile,complex_int16_interleaved,0.250000,-47.385055,0.0042731412,0.044640779,0.00010272249,-100.791722,-120.000000,19.208278,0.920358,0.010254
p07,p07_phantom_controller_only_phone_connected_full20,p07_phantom_controller_only_phone_connected_full20_b210b_58,p07_phantom_controller_only_phone_connected_full20_b210b_58_phantom_controller_only_phone_connected,phantom_controller_only_phone_connected,0,1,5.8,b210b_58,8,5805000000,20000000,2.000,raw_iq_followup/p07_phantom_controller_only_phone_connected_full20_b210b_58/p07_phantom_controller_only_phone_connected_full20_b210b_58_phantom_controller_only_phone_connected/08_5805.000MHz.cfile,complex_int16_interleaved,0.250000,-48.069461,0.0039493621,0.03940117,3.9519629e-05,-102.889084,-120.000000,17.110916,0.933180,0.013672
p07,p07_phantom_controller_only_phone_connected_full20,p07_phantom_controller_only_phone_connected_full20_b210b_58,p07_phantom_controller_only_phone_connected_full20_b210b_58_phantom_controller_only_phone_connected,phantom_controller_only_phone_connected,0,1,5.8,b210b_58,9,5815000000,20000000,2.000,raw_iq_followup/p07_phantom_controller_only_phone_connected_full20_b210b_58/p07_phantom_controller_only_phone_connected_full20_b210b_58_phantom_controller_only_phone_connected/09_5815.000MHz.cfile,complex_int16_interleaved,0.250000,-50.361551,0.0030333494,0.037104681,0.00018541006,-103.256867,-120.000000,16.743133,0.954296,0.007568
p07,p07_phantom_controller_only_phone_connected_full20,p07_phantom_controller_only_phone_connected_full20_b210b_58,p07_phantom_controller_only_phone_connected_full20_b210b_58_phantom_controller_only_phone_connected,phantom_controller_only_phone_connected,0,1,5.8,b210b_58,10,5825000000,20000000,2.000,raw_iq_followup/p07_phantom_controller_only_phone_connected_full20_b210b_58/p07_phantom_controller_only_phone_connected_full20_b210b_58_phantom_controller_only_phone_connected/10_5825.000MHz.cfile,complex_int16_interleaved,0.250000,-58.174994,0.0012338153,0.012198522,0.00041545413,-109.119087,-120.000000,10.880913,0.999270,0.000732
p07,p07_phantom_controller_only_phone_connected_full20,p07_phantom_controller_only_phone_connected_full20_b210b_58,p07_phantom_controller_only_phone_connected_full20_b210b_58_phantom_controller_only_phone_connected,phantom_controller_only_phone_connected,0,1,5.8,b210b_58,11,5835000000,20000000,2.000,raw_iq_followup/p07_phantom_controller_only_phone_connected_full20_b210b_58/p07_phantom_controller_only_phone_connected_full20_b210b_58_phantom_controller_only_phone_connected/11_5835.000MHz.cfile,complex_int16_interleaved,0.250000,-57.678261,0.0013064321,0.015168188,0.0011923863,-104.724148,-120.000000,15.275852,0.996766,0.000732
p07,p07_phantom_controller_only_phone_connected_full20,p07_phantom_controller_only_phone_connected_full20_b210b_58,p07_phantom_controller_only_phone_connected_full20_b210b_58_phantom_controller_only_phone_connected,phantom_controller_only_phone_connected,0,1,5.8,b210b_58,12,5845000000,20000000,2.000,raw_iq_followup/p07_phantom_controller_only_phone_connected_full20_b210b_58/p07_phantom_controller_only_phone_connected_full20_b210b_58_phantom_controller_only_phone_connected/12_5845.000MHz.cfile,complex_int16_interleaved,0.250000,-58.011370,0.0012572781,0.011698427,0.00070773874,-107.131301,-120.000000,12.868699,0.998534,0.000732
p07,p07_phantom_linked_phone_connected_full20,p07_phantom_linked_phone_connected_full20_b210a_24,p07_phantom_linked_phone_connected_full20_b210a_24_phantom_linked_phone_connected,phantom_linked_phone_connected,1,0,2.4,b210a_24,1,2410000000,20000000,2.000,raw_iq_followup/p07_phantom_linked_phone_connected_full20_b210a_24/p07_phantom_linked_phone_connected_full20_b210a_24_phantom_linked_phone_connected/01_2410.000MHz.cfile,complex_int16_interleaved,0.250000,-50.894474,0.0028528324,0.025592042,0.00040087136,-103.096542,-120.000000,16.903458,0.994030,0.000732
p07,p07_phantom_linked_phone_connected_full20,p07_phantom_linked_phone_connected_full20_b210a_24,p07_phantom_linked_phone_connected_full20_b210a_24_phantom_linked_phone_connected,phantom_linked_phone_connected,1,0,2.4,b210a_24,2,2420000000,20000000,2.000,raw_iq_followup/p07_phantom_linked_phone_connected_full20_b210a_24/p07_phantom_linked_phone_connected_full20_b210a_24_phantom_linked_phone_connected/02_2420.000MHz.cfile,complex_int16_interleaved,0.250000,-49.758194,0.0032515488,0.024005368,0.00020372349,-104.647731,-120.000000,15.352269,0.994681,0.000732
p07,p07_phantom_linked_phone_connected_full20,p07_phantom_linked_phone_connected_full20_b210a_24,p07_phantom_linked_phone_connected_full20_b210a_24_phantom_linked_phone_connected,phantom_linked_phone_connected,1,0,2.4,b210a_24,3,2430000000,20000000,2.000,raw_iq_followup/p07_phantom_linked_phone_connected_full20_b210a_24/p07_phantom_linked_phone_connected_full20_b210a_24_phantom_linked_phone_connected/03_2430.000MHz.cfile,complex_int16_interleaved,0.250000,-51.810462,0.0025673014,0.024241043,0.00054432177,-102.522897,-120.000000,17.477103,0.992680,0.000732
p07,p07_phantom_linked_phone_connected_full20,p07_phantom_linked_phone_connected_full20_b210a_24,p07_phantom_linked_phone_connected_full20_b210a_24_phantom_linked_phone_connected,phantom_linked_phone_connected,1,0,2.4,b210a_24,4,2440000000,20000000,2.000,raw_iq_followup/p07_phantom_linked_phone_connected_full20_b210a_24/p07_phantom_linked_phone_connected_full20_b210a_24_phantom_linked_phone_connected/04_2440.000MHz.cfile,complex_int16_interleaved,0.250000,-36.405301,0.015126379,0.20086624,1.3132279e-05,-93.298762,-120.000000,26.701238,0.767516,0.028564
p07,p07_phantom_linked_phone_connected_full20,p07_phantom_linked_phone_connected_full20_b210a_24,p07_phantom_linked_phone_connected_full20_b210a_24_phantom_linked_phone_connected,phantom_linked_phone_connected,1,0,2.4,b210a_24,5,2450000000,20000000,2.000,raw_iq_followup/p07_phantom_linked_phone_connected_full20_b210a_24/p07_phantom_linked_phone_connected_full20_b210a_24_phantom_linked_phone_connected/05_2450.000MHz.cfile,complex_int16_interleaved,0.250000,-28.617664,0.037078044,0.40292746,2.6465813e-06,-91.189523,-101.892689,10.703166,0.923443,0.059326
p07,p07_phantom_linked_phone_connected_full20,p07_phantom_linked_phone_connected_full20_b210a_24,p07_phantom_linked_phone_connected_full20_b210a_24_phantom_linked_phone_connected,phantom_linked_phone_connected,1,0,2.4,b210a_24,6,2460000000,20000000,2.000,raw_iq_followup/p07_phantom_linked_phone_connected_full20_b210a_24/p07_phantom_linked_phone_connected_full20_b210a_24_phantom_linked_phone_connected/06_2460.000MHz.cfile,complex_int16_interleaved,0.250000,-28.443508,0.037828977,0.51057887,2.8760064e-06,-92.145030,-101.723430,9.578400,0.954596,0.069580
p07,p07_phantom_linked_phone_connected_full20,p07_phantom_linked_phone_connected_full20_b210a_24,p07_phantom_linked_phone_connected_full20_b210a_24_phantom_linked_phone_connected,phantom_linked_phone_connected,1,0,2.4,b210a_24,7,2470000000,20000000,2.000,raw_iq_followup/p07_phantom_linked_phone_connected_full20_b210a_24/p07_phantom_linked_phone_connected_full20_b210a_24_phantom_linked_phone_connected/07_2470.000MHz.cfile,complex_int16_interleaved,0.250000,-34.558649,0.01870973,0.25728503,6.0744148e-06,-94.908645,-120.000000,25.091355,0.862633,0.040283
p07,p07_phantom_linked_phone_connected_full20,p07_phantom_linked_phone_connected_full20_b210a_24,p07_phantom_linked_phone_connected_full20_b210a_24_phantom_linked_phone_connected,phantom_linked_phone_connected,1,0,2.4,b210a_24,8,2480000000,20000000,2.000,raw_iq_followup/p07_phantom_linked_phone_connected_full20_b210a_24/p07_phantom_linked_phone_connected_full20_b210a_24_phantom_linked_phone_connected/08_2480.000MHz.cfile,complex_int16_interleaved,0.250000,-53.531082,0.0021059393,0.028980341,0.0014666762,-99.590208,-120.000000,20.409792,0.981991,0.000732
p07,p07_phantom_linked_phone_connected_full20,p07_phantom_linked_phone_connected_full20_b210b_58,p07_phantom_linked_phone_connected_full20_b210b_58_phantom_linked_phone_connected,phantom_linked_phone_connected,1,0,5.8,b210b_58,1,5735000000,20000000,2.000,raw_iq_followup/p07_phantom_linked_phone_connected_full20_b210b_58/p07_phantom_linked_phone_connected_full20_b210b_58_phantom_linked_phone_connected/01_5735.000MHz.cfile,complex_int16_interleaved,0.250000,-46.582345,0.0046868681,0.05563435,0.00019247351,-98.510021,-120.000000,21.489979,0.874529,0.007324
p07,p07_phantom_linked_phone_connected_full20,p07_phantom_linked_phone_connected_full20_b210b_58,p07_phantom_linked_phone_connected_full20_b210b_58_phantom_linked_phone_connected,phantom_linked_phone_connected,1,0,5.8,b210b_58,2,5745000000,20000000,2.000,raw_iq_followup/p07_phantom_linked_phone_connected_full20_b210b_58/p07_phantom_linked_phone_connected_full20_b210b_58_phantom_linked_phone_connected/02_5745.000MHz.cfile,complex_int16_interleaved,0.250000,-44.357129,0.0060554096,0.062389873,3.4082096e-05,-97.680197,-120.000000,22.319803,0.859228,0.009521
p07,p07_phantom_linked_phone_connected_full20,p07_phantom_linked_phone_connected_full20_b210b_58,p07_phantom_linked_phone_connected_full20_b210b_58_phantom_linked_phone_connected,phantom_linked_phone_connected,1,0,5.8,b210b_58,3,5755000000,20000000,2.000,raw_iq_followup/p07_phantom_linked_phone_connected_full20_b210b_58/p07_phantom_linked_phone_connected_full20_b210b_58_phantom_linked_phone_connected/03_5755.000MHz.cfile,complex_int16_interleaved,0.250000,-45.521437,0.0052957584,0.056577731,6.4781817e-05,-99.218221,-120.000000,20.781779,0.881010,0.008057
p07,p07_phantom_linked_phone_connected_full20,p07_phantom_linked_phone_connected_full20_b210b_58,p07_phantom_linked_phone_connected_full20_b210b_58_phantom_linked_phone_connected,phantom_linked_phone_connected,1,0,5.8,b210b_58,4,5765000000,20000000,2.000,raw_iq_followup/p07_phantom_linked_phone_connected_full20_b210b_58/p07_phantom_linked_phone_connected_full20_b210b_58_phantom_linked_phone_connected/04_5765.000MHz.cfile,complex_int16_interleaved,0.250000,-47.048024,0.0044422072,0.043980055,0.00012583557,-101.811493,-120.000000,18.188507,0.914389,0.012695
p07,p07_phantom_linked_phone_connected_full20,p07_phantom_linked_phone_connected_full20_b210b_58,p07_phantom_linked_phone_connected_full20_b210b_58_phantom_linked_phone_connected,phantom_linked_phone_connected,1,0,5.8,b210b_58,5,5775000000,20000000,2.000,raw_iq_followup/p07_phantom_linked_phone_connected_full20_b210b_58/p07_phantom_linked_phone_connected_full20_b210b_58_phantom_linked_phone_connected/05_5775.000MHz.cfile,complex_int16_interleaved,0.250000,-46.397300,0.0047877889,0.048558187,0.00013389386,-98.892505,-120.000000,21.107495,0.897203,0.006348
p07,p07_phantom_linked_phone_connected_full20,p07_phantom_linked_phone_connected_full20_b210b_58,p07_phantom_linked_phone_connected_full20_b210b_58_phantom_linked_phone_connected,phantom_linked_phone_connected,1,0,5.8,b210b_58,6,5785000000,20000000,2.000,raw_iq_followup/p07_phantom_linked_phone_connected_full20_b210b_58/p07_phantom_linked_phone_connected_full20_b210b_58_phantom_linked_phone_connected/06_5785.000MHz.cfile,complex_int16_interleaved,0.250000,-46.250042,0.0048696516,0.046422012,0.00016284576,-100.462108,-120.000000,19.537892,0.896314,0.011230
p07,p07_phantom_linked_phone_connected_full20,p07_phantom_linked_phone_connected_full20_b210b_58,p07_phantom_linked_phone_connected_full20_b210b_58_phantom_linked_phone_connected,phantom_linked_phone_connected,1,0,5.8,b210b_58,7,5795000000,20000000,2.000,raw_iq_followup/p07_phantom_linked_phone_connected_full20_b210b_58/p07_phantom_linked_phone_connected_full20_b210b_58_phantom_linked_phone_connected/07_5795.000MHz.cfile,complex_int16_interleaved,0.250000,-47.238036,0.0043460846,0.041043431,0.0001346396,-100.330130,-120.000000,19.669870,0.913810,0.009277
p07,p07_phantom_linked_phone_connected_full20,p07_phantom_linked_phone_connected_full20_b210b_58,p07_phantom_linked_phone_connected_full20_b210b_58_phantom_linked_phone_connected,phantom_linked_phone_connected,1,0,5.8,b210b_58,8,5805000000,20000000,2.000,raw_iq_followup/p07_phantom_linked_phone_connected_full20_b210b_58/p07_phantom_linked_phone_connected_full20_b210b_58_phantom_linked_phone_connected/08_5805.000MHz.cfile,complex_int16_interleaved,0.250000,-48.515486,0.0037516791,0.034881607,9.6291646e-05,-103.586854,-120.000000,16.413146,0.940081,0.013184
p07,p07_phantom_linked_phone_connected_full20,p07_phantom_linked_phone_connected_full20_b210b_58,p07_phantom_linked_phone_connected_full20_b210b_58_phantom_linked_phone_connected,phantom_linked_phone_connected,1,0,5.8,b210b_58,9,5815000000,20000000,2.000,raw_iq_followup/p07_phantom_linked_phone_connected_full20_b210b_58/p07_phantom_linked_phone_connected_full20_b210b_58_phantom_linked_phone_connected/09_5815.000MHz.cfile,complex_int16_interleaved,0.250000,-50.620139,0.0029443743,0.035988558,0.00011777642,-102.156911,-120.000000,17.843089,0.954158,0.005371
p07,p07_phantom_linked_phone_connected_full20,p07_phantom_linked_phone_connected_full20_b210b_58,p07_phantom_linked_phone_connected_full20_b210b_58_phantom_linked_phone_connected,phantom_linked_phone_connected,1,0,5.8,b210b_58,10,5825000000,20000000,2.000,raw_iq_followup/p07_phantom_linked_phone_connected_full20_b210b_58/p07_phantom_linked_phone_connected_full20_b210b_58_phantom_linked_phone_connected/10_5825.000MHz.cfile,complex_int16_interleaved,0.250000,-57.805712,0.0012874023,0.01719516,0.00094514086,-105.460138,-120.000000,14.539862,0.997448,0.000732
p07,p07_phantom_linked_phone_connected_full20,p07_phantom_linked_phone_connected_full20_b210b_58,p07_phantom_linked_phone_connected_full20_b210b_58_phantom_linked_phone_connected,phantom_linked_phone_connected,1,0,5.8,b210b_58,11,5835000000,20000000,2.000,raw_iq_followup/p07_phantom_linked_phone_connected_full20_b210b_58/p07_phantom_linked_phone_connected_full20_b210b_58_phantom_linked_phone_connected/11_5835.000MHz.cfile,complex_int16_interleaved,0.250000,-57.418235,0.0013461335,0.017584905,0.001435359,-103.339759,-120.000000,16.660241,0.994996,0.000732
p07,p07_phantom_linked_phone_connected_full20,p07_phantom_linked_phone_connected_full20_b210b_58,p07_phantom_linked_phone_connected_full20_b210b_58_phantom_linked_phone_connected,phantom_linked_phone_connected,1,0,5.8,b210b_58,12,5845000000,20000000,2.000,raw_iq_followup/p07_phantom_linked_phone_connected_full20_b210b_58/p07_phantom_linked_phone_connected_full20_b210b_58_phantom_linked_phone_connected/12_5845.000MHz.cfile,complex_int16_interleaved,0.250000,-57.826351,0.0012843468,0.014193791,0.00099066885,-105.665548,-120.000000,14.334452,0.997614,0.000732
p08,p08_phantom_controller_only_phone_connected_full20,p08_phantom_controller_only_phone_connected_full20_b210a_24,p08_phantom_controller_only_phone_connected_full20_b210a_24_phantom_controller_only_phone_connected,phantom_controller_only_phone_connected,0,1,2.4,b210a_24,1,2410000000,20000000,2.000,raw_iq_followup/p08_phantom_controller_only_phone_connected_full20_b210a_24/p08_phantom_controller_only_phone_connected_full20_b210a_24_phantom_controller_only_phone_connected/01_2410.000MHz.cfile,complex_int16_interleaved,0.250000,-50.513208,0.0029808462,0.028593196,0.00040968958,-102.598585,-120.000000,17.401415,0.992873,0.000732
p08,p08_phantom_controller_only_phone_connected_full20,p08_phantom_controller_only_phone_connected_full20_b210a_24,p08_phantom_controller_only_phone_connected_full20_b210a_24_phantom_controller_only_phone_connected,phantom_controller_only_phone_connected,0,1,2.4,b210a_24,2,2420000000,20000000,2.000,raw_iq_followup/p08_phantom_controller_only_phone_connected_full20_b210a_24/p08_phantom_controller_only_phone_connected_full20_b210a_24_phantom_controller_only_phone_connected/02_2420.000MHz.cfile,complex_int16_interleaved,0.250000,-49.033976,0.0035342819,0.025402378,6.5946544e-05,-108.685996,-120.000000,11.314004,0.993323,0.000977
p08,p08_phantom_controller_only_phone_connected_full20,p08_phantom_controller_only_phone_connected_full20_b210a_24,p08_phantom_controller_only_phone_connected_full20_b210a_24_phantom_controller_only_phone_connected,phantom_controller_only_phone_connected,0,1,2.4,b210a_24,3,2430000000,20000000,2.000,raw_iq_followup/p08_phantom_controller_only_phone_connected_full20_b210a_24/p08_phantom_controller_only_phone_connected_full20_b210a_24_phantom_controller_only_phone_connected/03_2430.000MHz.cfile,complex_int16_interleaved,0.250000,-42.748569,0.0072873826,0.044178177,0.00010389736,-100.478347,-119.182964,18.704617,0.947763,0.000732
p08,p08_phantom_controller_only_phone_connected_full20,p08_phantom_controller_only_phone_connected_full20_b210a_24,p08_phantom_controller_only_phone_connected_full20_b210a_24_phantom_controller_only_phone_connected,phantom_controller_only_phone_connected,0,1,2.4,b210a_24,4,2440000000,20000000,2.000,raw_iq_followup/p08_phantom_controller_only_phone_connected_full20_b210a_24/p08_phantom_controller_only_phone_connected_full20_b210a_24_phantom_controller_only_phone_connected/04_2440.000MHz.cfile,complex_int16_interleaved,0.250000,-33.699069,0.020656016,0.21813415,5.1806221e-06,-91.830002,-119.806596,27.976594,0.757757,0.053711
p08,p08_phantom_controller_only_phone_connected_full20,p08_phantom_controller_only_phone_connected_full20_b210a_24,p08_phantom_controller_only_phone_connected_full20_b210a_24_phantom_controller_only_phone_connected,phantom_controller_only_phone_connected,0,1,2.4,b210a_24,5,2450000000,20000000,2.000,raw_iq_followup/p08_phantom_controller_only_phone_connected_full20_b210a_24/p08_phantom_controller_only_phone_connected_full20_b210a_24_phantom_controller_only_phone_connected/05_2450.000MHz.cfile,complex_int16_interleaved,0.250000,-23.255883,0.06873942,0.66872382,8.2035189e-07,-87.592202,-96.382186,8.789984,0.927879,0.196289
p08,p08_phantom_controller_only_phone_connected_full20,p08_phantom_controller_only_phone_connected_full20_b210a_24,p08_phantom_controller_only_phone_connected_full20_b210a_24_phantom_controller_only_phone_connected,phantom_controller_only_phone_connected,0,1,2.4,b210a_24,6,2460000000,20000000,2.000,raw_iq_followup/p08_phantom_controller_only_phone_connected_full20_b210a_24/p08_phantom_controller_only_phone_connected_full20_b210a_24_phantom_controller_only_phone_connected/06_2460.000MHz.cfile,complex_int16_interleaved,0.250000,-22.813160,0.072333922,0.76281577,1.0073299e-06,-88.831887,-95.899660,7.067773,0.959475,0.355713
p08,p08_phantom_controller_only_phone_connected_full20,p08_phantom_controller_only_phone_connected_full20_b210a_24,p08_phantom_controller_only_phone_connected_full20_b210a_24_phantom_controller_only_phone_connected,phantom_controller_only_phone_connected,0,1,2.4,b210a_24,7,2470000000,20000000,2.000,raw_iq_followup/p08_phantom_controller_only_phone_connected_full20_b210a_24/p08_phantom_controller_only_phone_connected_full20_b210a_24_phantom_controller_only_phone_connected/07_2470.000MHz.cfile,complex_int16_interleaved,0.250000,-28.784287,0.036373546,0.39600289,2.9983183e-06,-91.375934,-120.000000,28.624066,0.852621,0.177979
p08,p08_phantom_controller_only_phone_connected_full20,p08_phantom_controller_only_phone_connected_full20_b210a_24,p08_phantom_controller_only_phone_connected_full20_b210a_24_phantom_controller_only_phone_connected,phantom_controller_only_phone_connected,0,1,2.4,b210a_24,8,2480000000,20000000,2.000,raw_iq_followup/p08_phantom_controller_only_phone_connected_full20_b210a_24/p08_phantom_controller_only_phone_connected_full20_b210a_24_phantom_controller_only_phone_connected/08_2480.000MHz.cfile,complex_int16_interleaved,0.250000,-54.432271,0.0018983942,0.022107873,0.00061095608,-104.290931,-120.000000,15.709069,0.994043,0.000732
p08,p08_phantom_controller_only_phone_connected_full20,p08_phantom_controller_only_phone_connected_full20_b210b_58,p08_phantom_controller_only_phone_connected_full20_b210b_58_phantom_controller_only_phone_connected,phantom_controller_only_phone_connected,0,1,5.8,b210b_58,1,5735000000,20000000,2.000,raw_iq_followup/p08_phantom_controller_only_phone_connected_full20_b210b_58/p08_phantom_controller_only_phone_connected_full20_b210b_58_phantom_controller_only_phone_connected/01_5735.000MHz.cfile,complex_int16_interleaved,0.250000,-49.586035,0.0033166391,0.045417089,0.00052380504,-100.061097,-120.000000,19.938903,0.935919,0.005371
p08,p08_phantom_controller_only_phone_connected_full20,p08_phantom_controller_only_phone_connected_full20_b210b_58,p08_phantom_controller_only_phone_connected_full20_b210b_58_phantom_controller_only_phone_connected,phantom_controller_only_phone_connected,0,1,5.8,b210b_58,2,5745000000,20000000,2.000,raw_iq_followup/p08_phantom_controller_only_phone_connected_full20_b210b_58/p08_phantom_controller_only_phone_connected_full20_b210b_58_phantom_controller_only_phone_connected/02_5745.000MHz.cfile,complex_int16_interleaved,0.250000,-47.562129,0.0041869094,0.041524477,0.00013347594,-101.007570,-120.000000,18.992430,0.919133,0.008057
p08,p08_phantom_controller_only_phone_connected_full20,p08_phantom_controller_only_phone_connected_full20_b210b_58,p08_phantom_controller_only_phone_connected_full20_b210b_58_phantom_controller_only_phone_connected,phantom_controller_only_phone_connected,0,1,5.8,b210b_58,3,5755000000,20000000,2.000,raw_iq_followup/p08_phantom_controller_only_phone_connected_full20_b210b_58/p08_phantom_controller_only_phone_connected_full20_b210b_58_phantom_controller_only_phone_connected/03_5755.000MHz.cfile,complex_int16_interleaved,0.250000,-48.986110,0.0035538122,0.032349929,0.00022812183,-102.119308,-120.000000,17.880692,0.945109,0.006836
p08,p08_phantom_controller_only_phone_connected_full20,p08_phantom_controller_only_phone_connected_full20_b210b_58,p08_phantom_controller_only_phone_connected_full20_b210b_58_phantom_controller_only_phone_connected,phantom_controller_only_phone_connected,0,1,5.8,b210b_58,4,5765000000,20000000,2.000,raw_iq_followup/p08_phantom_controller_only_phone_connected_full20_b210b_58/p08_phantom_controller_only_phone_connected_full20_b210b_58_phantom_controller_only_phone_connected/04_5765.000MHz.cfile,complex_int16_interleaved,0.250000,-48.382662,0.0038094905,0.041555956,0.00024736329,-102.113377,-120.000000,17.886623,0.937134,0.010254
p08,p08_phantom_controller_only_phone_connected_full20,p08_phantom_controller_only_phone_connected_full20_b210b_58,p08_phantom_controller_only_phone_connected_full20_b210b_58_phantom_controller_only_phone_connected,phantom_controller_only_phone_connected,0,1,5.8,b210b_58,5,5775000000,20000000,2.000,raw_iq_followup/p08_phantom_controller_only_phone_connected_full20_b210b_58/p08_phantom_controller_only_phone_connected_full20_b210b_58_phantom_controller_only_phone_connected/05_5775.000MHz.cfile,complex_int16_interleaved,0.250000,-47.084683,0.0044234982,0.041881647,0.00026932948,-100.465337,-120.000000,19.534663,0.911826,0.008301
p08,p08_phantom_controller_only_phone_connected_full20,p08_phantom_controller_only_phone_connected_full20_b210b_58,p08_phantom_controller_only_phone_connected_full20_b210b_58_phantom_controller_only_phone_connected,phantom_controller_only_phone_connected,0,1,5.8,b210b_58,6,5785000000,20000000,2.000,raw_iq_followup/p08_phantom_controller_only_phone_connected_full20_b210b_58/p08_phantom_controller_only_phone_connected_full20_b210b_58_phantom_controller_only_phone_connected/06_5785.000MHz.cfile,complex_int16_interleaved,0.250000,-47.610690,0.0041635662,0.041581966,0.00021775779,-101.447279,-120.000000,18.552721,0.922508,0.010254
p08,p08_phantom_controller_only_phone_connected_full20,p08_phantom_controller_only_phone_connected_full20_b210b_58,p08_phantom_controller_only_phone_connected_full20_b210b_58_phantom_controller_only_phone_connected,phantom_controller_only_phone_connected,0,1,5.8,b210b_58,7,5795000000,20000000,2.000,raw_iq_followup/p08_phantom_controller_only_phone_connected_full20_b210b_58/p08_phantom_controller_only_phone_connected_full20_b210b_58_phantom_controller_only_phone_connected/07_5795.000MHz.cfile,complex_int16_interleaved,0.250000,-48.998886,0.0035485887,0.037095342,6.1829472e-05,-102.583688,-120.000000,17.416312,0.947685,0.009521
p08,p08_phantom_controller_only_phone_connected_full20,p08_phantom_controller_only_phone_connected_full20_b210b_58,p08_phantom_controller_only_phone_connected_full20_b210b_58_phantom_controller_only_phone_connected,phantom_controller_only_phone_connected,0,1,5.8,b210b_58,8,5805000000,20000000,2.000,raw_iq_followup/p08_phantom_controller_only_phone_connected_full20_b210b_58/p08_phantom_controller_only_phone_connected_full20_b210b_58_phantom_controller_only_phone_connected/08_5805.000MHz.cfile,complex_int16_interleaved,0.250000,-50.710637,0.0029138563,0.029298989,0.00018225739,-104.197640,-120.000000,15.802360,0.967957,0.007324
p08,p08_phantom_controller_only_phone_connected_full20,p08_phantom_controller_only_phone_connected_full20_b210b_58,p08_phantom_controller_only_phone_connected_full20_b210b_58_phantom_controller_only_phone_connected,phantom_controller_only_phone_connected,0,1,5.8,b210b_58,9,5815000000,20000000,2.000,raw_iq_followup/p08_phantom_controller_only_phone_connected_full20_b210b_58/p08_phantom_controller_only_phone_connected_full20_b210b_58_phantom_controller_only_phone_connected/09_5815.000MHz.cfile,complex_int16_interleaved,0.250000,-54.001140,0.0019950002,0.024217367,0.00052838935,-104.266264,-120.000000,15.733736,0.988472,0.002441
p08,p08_phantom_controller_only_phone_connected_full20,p08_phantom_controller_only_phone_connected_full20_b210b_58,p08_phantom_controller_only_phone_connected_full20_b210b_58_phantom_controller_only_phone_connected,phantom_controller_only_phone_connected,0,1,5.8,b210b_58,10,5825000000,20000000,2.000,raw_iq_followup/p08_phantom_controller_only_phone_connected_full20_b210b_58/p08_phantom_controller_only_phone_connected_full20_b210b_58_phantom_controller_only_phone_connected/10_5825.000MHz.cfile,complex_int16_interleaved,0.250000,-57.856495,0.0012798973,0.013219713,0.00093572762,-105.891858,-120.000000,14.108142,0.997790,0.000732
p08,p08_phantom_controller_only_phone_connected_full20,p08_phantom_controller_only_phone_connected_full20_b210b_58,p08_phantom_controller_only_phone_connected_full20_b210b_58_phantom_controller_only_phone_connected,phantom_controller_only_phone_connected,0,1,5.8,b210b_58,11,5835000000,20000000,2.000,raw_iq_followup/p08_phantom_controller_only_phone_connected_full20_b210b_58/p08_phantom_controller_only_phone_connected_full20_b210b_58_phantom_controller_only_phone_connected/11_5835.000MHz.cfile,complex_int16_interleaved,0.250000,-57.675321,0.0013068743,0.015207433,0.0011726804,-104.743541,-120.000000,15.256459,0.996781,0.000732
p08,p08_phantom_controller_only_phone_connected_full20,p08_phantom_controller_only_phone_connected_full20_b210b_58,p08_phantom_controller_only_phone_connected_full20_b210b_58_phantom_controller_only_phone_connected,phantom_controller_only_phone_connected,0,1,5.8,b210b_58,12,5845000000,20000000,2.000,raw_iq_followup/p08_phantom_controller_only_phone_connected_full20_b210b_58/p08_phantom_controller_only_phone_connected_full20_b210b_58_phantom_controller_only_phone_connected/12_5845.000MHz.cfile,complex_int16_interleaved,0.250000,-57.986836,0.0012608345,0.011728918,0.00072321697,-106.937438,-120.000000,13.062562,0.998432,0.000732
p08,p08_phantom_linked_phone_connected_full20,p08_phantom_linked_phone_connected_full20_b210a_24,p08_phantom_linked_phone_connected_full20_b210a_24_phantom_linked_phone_connected,phantom_linked_phone_connected,1,0,2.4,b210a_24,1,2410000000,20000000,2.000,raw_iq_followup/p08_phantom_linked_phone_connected_full20_b210a_24/p08_phantom_linked_phone_connected_full20_b210a_24_phantom_linked_phone_connected/01_2410.000MHz.cfile,complex_int16_interleaved,0.250000,-21.848132,0.080833873,0.78581643,2.7924256e-07,-84.172551,-95.614299,11.441748,0.913217,0.059082
p08,p08_phantom_linked_phone_connected_full20,p08_phantom_linked_phone_connected_full20_b210a_24,p08_phantom_linked_phone_connected_full20_b210a_24_phantom_linked_phone_connected,phantom_linked_phone_connected,1,0,2.4,b210a_24,2,2420000000,20000000,2.000,raw_iq_followup/p08_phantom_linked_phone_connected_full20_b210a_24/p08_phantom_linked_phone_connected_full20_b210a_24_phantom_linked_phone_connected/02_2420.000MHz.cfile,complex_int16_interleaved,0.250000,-20.398428,0.095516544,0.96614426,2.3041119e-07,-83.316109,-93.757289,10.441180,0.949398,0.046875
p08,p08_phantom_linked_phone_connected_full20,p08_phantom_linked_phone_connected_full20_b210a_24,p08_phantom_linked_phone_connected_full20_b210a_24_phantom_linked_phone_connected,phantom_linked_phone_connected,1,0,2.4,b210a_24,3,2430000000,20000000,2.000,raw_iq_followup/p08_phantom_linked_phone_connected_full20_b210a_24/p08_phantom_linked_phone_connected_full20_b210a_24_phantom_linked_phone_connected/03_2430.000MHz.cfile,complex_int16_interleaved,0.250000,-26.331243,0.048243393,0.53006816,2.4900546e-06,-85.376008,-117.232390,31.856382,0.838338,0.022217
p08,p08_phantom_linked_phone_connected_full20,p08_phantom_linked_phone_connected_full20_b210a_24,p08_phantom_linked_phone_connected_full20_b210a_24_phantom_linked_phone_connected,phantom_linked_phone_connected,1,0,2.4,b210a_24,4,2440000000,20000000,2.000,raw_iq_followup/p08_phantom_linked_phone_connected_full20_b210a_24/p08_phantom_linked_phone_connected_full20_b210a_24_phantom_linked_phone_connected/04_2440.000MHz.cfile,complex_int16_interleaved,0.250000,-45.056709,0.0055868185,0.048694313,0.00012455087,-102.084458,-120.000000,17.915542,0.966154,0.000732
p08,p08_phantom_linked_phone_connected_full20,p08_phantom_linked_phone_connected_full20_b210a_24,p08_phantom_linked_phone_connected_full20_b210a_24_phantom_linked_phone_connected,phantom_linked_phone_connected,1,0,2.4,b210a_24,5,2450000000,20000000,2.000,raw_iq_followup/p08_phantom_linked_phone_connected_full20_b210a_24/p08_phantom_linked_phone_connected_full20_b210a_24_phantom_linked_phone_connected/05_2450.000MHz.cfile,complex_int16_interleaved,0.250000,-46.895017,0.0045211522,0.043132957,0.00017202015,-102.418772,-120.000000,17.581228,0.974683,0.000732
p08,p08_phantom_linked_phone_connected_full20,p08_phantom_linked_phone_connected_full20_b210a_24,p08_phantom_linked_phone_connected_full20_b210a_24_phantom_linked_phone_connected,phantom_linked_phone_connected,1,0,2.4,b210a_24,6,2460000000,20000000,2.000,raw_iq_followup/p08_phantom_linked_phone_connected_full20_b210a_24/p08_phantom_linked_phone_connected_full20_b210a_24_phantom_linked_phone_connected/06_2460.000MHz.cfile,complex_int16_interleaved,0.250000,-43.567863,0.0066314244,0.045676824,9.6632878e-05,-101.429941,-120.000000,18.570059,0.953327,0.000732
p08,p08_phantom_linked_phone_connected_full20,p08_phantom_linked_phone_connected_full20_b210a_24,p08_phantom_linked_phone_connected_full20_b210a_24_phantom_linked_phone_connected,phantom_linked_phone_connected,1,0,2.4,b210a_24,7,2470000000,20000000,2.000,raw_iq_followup/p08_phantom_linked_phone_connected_full20_b210a_24/p08_phantom_linked_phone_connected_full20_b210a_24_phantom_linked_phone_connected/07_2470.000MHz.cfile,complex_int16_interleaved,0.250000,-55.408988,0.001696487,0.019044949,0.00056636784,-105.951032,-120.000000,14.048968,0.997875,0.000732
p08,p08_phantom_linked_phone_connected_full20,p08_phantom_linked_phone_connected_full20_b210a_24,p08_phantom_linked_phone_connected_full20_b210a_24_phantom_linked_phone_connected,phantom_linked_phone_connected,1,0,2.4,b210a_24,8,2480000000,20000000,2.000,raw_iq_followup/p08_phantom_linked_phone_connected_full20_b210a_24/p08_phantom_linked_phone_connected_full20_b210a_24_phantom_linked_phone_connected/08_2480.000MHz.cfile,complex_int16_interleaved,0.250000,-55.442191,0.0016900142,0.017693037,0.0010099298,-103.087678,-120.000000,16.912322,0.994279,0.000732
p08,p08_phantom_linked_phone_connected_full20,p08_phantom_linked_phone_connected_full20_b210b_58,p08_phantom_linked_phone_connected_full20_b210b_58_phantom_linked_phone_connected,phantom_linked_phone_connected,1,0,5.8,b210b_58,1,5735000000,20000000,2.000,raw_iq_followup/p08_phantom_linked_phone_connected_full20_b210b_58/p08_phantom_linked_phone_connected_full20_b210b_58_phantom_linked_phone_connected/01_5735.000MHz.cfile,complex_int16_interleaved,0.250000,-49.440879,0.0033725315,0.047412582,0.00026644489,-101.412132,-120.000000,18.587868,0.934878,0.006104
p08,p08_phantom_linked_phone_connected_full20,p08_phantom_linked_phone_connected_full20_b210b_58,p08_phantom_linked_phone_connected_full20_b210b_58_phantom_linked_phone_connected,phantom_linked_phone_connected,1,0,5.8,b210b_58,2,5745000000,20000000,2.000,raw_iq_followup/p08_phantom_linked_phone_connected_full20_b210b_58/p08_phantom_linked_phone_connected_full20_b210b_58_phantom_linked_phone_connected/02_5745.000MHz.cfile,complex_int16_interleaved,0.250000,-47.188438,0.0043709727,0.043431241,0.00012647047,-100.810760,-120.000000,19.189240,0.913669,0.009277
p08,p08_phantom_linked_phone_connected_full20,p08_phantom_linked_phone_connected_full20_b210b_58,p08_phantom_linked_phone_connected_full20_b210b_58_phantom_linked_phone_connected,phantom_linked_phone_connected,1,0,5.8,b210b_58,3,5755000000,20000000,2.000,raw_iq_followup/p08_phantom_linked_phone_connected_full20_b210b_58/p08_phantom_linked_phone_connected_full20_b210b_58_phantom_linked_phone_connected/03_5755.000MHz.cfile,complex_int16_interleaved,0.250000,-48.248556,0.0038687634,0.036229007,5.4091453e-05,-103.166303,-120.000000,16.833697,0.937217,0.013672
p08,p08_phantom_linked_phone_connected_full20,p08_phantom_linked_phone_connected_full20_b210b_58,p08_phantom_linked_phone_connected_full20_b210b_58_phantom_linked_phone_connected,phantom_linked_phone_connected,1,0,5.8,b210b_58,4,5765000000,20000000,2.000,raw_iq_followup/p08_phantom_linked_phone_connected_full20_b210b_58/p08_phantom_linked_phone_connected_full20_b210b_58_phantom_linked_phone_connected/04_5765.000MHz.cfile,complex_int16_interleaved,0.250000,-46.828240,0.0045560447,0.044673119,0.00010840324,-101.404775,-120.000000,18.595225,0.910157,0.012207
p08,p08_phantom_linked_phone_connected_full20,p08_phantom_linked_phone_connected_full20_b210b_58,p08_phantom_linked_phone_connected_full20_b210b_58_phantom_linked_phone_connected,phantom_linked_phone_connected,1,0,5.8,b210b_58,5,5775000000,20000000,2.000,raw_iq_followup/p08_phantom_linked_phone_connected_full20_b210b_58/p08_phantom_linked_phone_connected_full20_b210b_58_phantom_linked_phone_connected/05_5775.000MHz.cfile,complex_int16_interleaved,0.250000,-46.357578,0.0048097342,0.046912912,0.00011214072,-100.810772,-120.000000,19.189228,0.904484,0.012695
p08,p08_phantom_linked_phone_connected_full20,p08_phantom_linked_phone_connected_full20_b210b_58,p08_phantom_linked_phone_connected_full20_b210b_58_phantom_linked_phone_connected,phantom_linked_phone_connected,1,0,5.8,b210b_58,6,5785000000,20000000,2.000,raw_iq_followup/p08_phantom_linked_phone_connected_full20_b210b_58/p08_phantom_linked_phone_connected_full20_b210b_58_phantom_linked_phone_connected/06_5785.000MHz.cfile,complex_int16_interleaved,0.250000,-47.108297,0.0044114885,0.042400602,0.0002429315,-100.867946,-120.000000,19.132054,0.915634,0.011230
p08,p08_phantom_linked_phone_connected_full20,p08_phantom_linked_phone_connected_full20_b210b_58,p08_phantom_linked_phone_connected_full20_b210b_58_phantom_linked_phone_connected,phantom_linked_phone_connected,1,0,5.8,b210b_58,7,5795000000,20000000,2.000,raw_iq_followup/p08_phantom_linked_phone_connected_full20_b210b_58/p08_phantom_linked_phone_connected_full20_b210b_58_phantom_linked_phone_connected/07_5795.000MHz.cfile,complex_int16_interleaved,0.250000,-48.079998,0.0039445738,0.038103197,0.00010026945,-102.881275,-120.000000,17.118725,0.932058,0.011475
p08,p08_phantom_linked_phone_connected_full20,p08_phantom_linked_phone_connected_full20_b210b_58,p08_phantom_linked_phone_connected_full20_b210b_58_phantom_linked_phone_connected,phantom_linked_phone_connected,1,0,5.8,b210b_58,8,5805000000,20000000,2.000,raw_iq_followup/p08_phantom_linked_phone_connected_full20_b210b_58/p08_phantom_linked_phone_connected_full20_b210b_58_phantom_linked_phone_connected/08_5805.000MHz.cfile,complex_int16_interleaved,0.250000,-51.208584,0.0027515078,0.030821063,0.00018375936,-105.140332,-120.000000,14.859668,0.974373,0.008301
p08,p08_phantom_linked_phone_connected_full20,p08_phantom_linked_phone_connected_full20_b210b_58,p08_phantom_linked_phone_connected_full20_b210b_58_phantom_linked_phone_connected,phantom_linked_phone_connected,1,0,5.8,b210b_58,9,5815000000,20000000,2.000,raw_iq_followup/p08_phantom_linked_phone_connected_full20_b210b_58/p08_phantom_linked_phone_connected_full20_b210b_58_phantom_linked_phone_connected/09_5815.000MHz.cfile,complex_int16_interleaved,0.250000,-53.086318,0.0022165833,0.02488867,0.00069405428,-102.221399,-120.000000,17.778601,0.980651,0.001953
p08,p08_phantom_linked_phone_connected_full20,p08_phantom_linked_phone_connected_full20_b210b_58,p08_phantom_linked_phone_connected_full20_b210b_58_phantom_linked_phone_connected,phantom_linked_phone_connected,1,0,5.8,b210b_58,10,5825000000,20000000,2.000,raw_iq_followup/p08_phantom_linked_phone_connected_full20_b210b_58/p08_phantom_linked_phone_connected_full20_b210b_58_phantom_linked_phone_connected/10_5825.000MHz.cfile,complex_int16_interleaved,0.250000,-57.810557,0.0012866844,0.013671875,0.00089698076,-105.557394,-120.000000,14.442606,0.997528,0.000732
p08,p08_phantom_linked_phone_connected_full20,p08_phantom_linked_phone_connected_full20_b210b_58,p08_phantom_linked_phone_connected_full20_b210b_58_phantom_linked_phone_connected,phantom_linked_phone_connected,1,0,5.8,b210b_58,11,5835000000,20000000,2.000,raw_iq_followup/p08_phantom_linked_phone_connected_full20_b210b_58/p08_phantom_linked_phone_connected_full20_b210b_58_phantom_linked_phone_connected/11_5835.000MHz.cfile,complex_int16_interleaved,0.250000,-57.772647,0.0012923125,0.013810679,0.00088480062,-105.267369,-120.000000,14.732631,0.997282,0.000732
p08,p08_phantom_linked_phone_connected_full20,p08_phantom_linked_phone_connected_full20_b210b_58,p08_phantom_linked_phone_connected_full20_b210b_58_phantom_linked_phone_connected,phantom_linked_phone_connected,1,0,5.8,b210b_58,12,5845000000,20000000,2.000,raw_iq_followup/p08_phantom_linked_phone_connected_full20_b210b_58/p08_phantom_linked_phone_connected_full20_b210b_58_phantom_linked_phone_connected/12_5845.000MHz.cfile,complex_int16_interleaved,0.250000,-57.876785,0.0012769109,0.013162136,0.0008629575,-106.029599,-120.000000,13.970401,0.997883,0.000732
p09,p09_phantom_controller_only_phone_connected_full20,p09_phantom_controller_only_phone_connected_full20_b210a_24,p09_phantom_controller_only_phone_connected_full20_b210a_24_phantom_controller_only_phone_connected,phantom_controller_only_phone_connected,0,1,2.4,b210a_24,1,2410000000,20000000,2.000,raw_iq_followup/p09_phantom_controller_only_phone_connected_full20_b210a_24/p09_phantom_controller_only_phone_connected_full20_b210a_24_phantom_controller_only_phone_connected/01_2410.000MHz.cfile,complex_int16_interleaved,0.250000,-25.148273,0.05528233,0.6850577,6.8678755e-07,-88.902465,-98.728550,9.826085,0.925157,0.153320
p09,p09_phantom_controller_only_phone_connected_full20,p09_phantom_controller_only_phone_connected_full20_b210a_24,p09_phantom_controller_only_phone_connected_full20_b210a_24_phantom_controller_only_phone_connected,phantom_controller_only_phone_connected,0,1,2.4,b210a_24,2,2420000000,20000000,2.000,raw_iq_followup/p09_phantom_controller_only_phone_connected_full20_b210a_24/p09_phantom_controller_only_phone_connected_full20_b210a_24_phantom_controller_only_phone_connected/02_2420.000MHz.cfile,complex_int16_interleaved,0.250000,-22.386320,0.075977325,0.80426931,4.9630348e-08,-87.384549,-95.655705,8.271155,0.955850,0.223389
p09,p09_phantom_controller_only_phone_connected_full20,p09_phantom_controller_only_phone_connected_full20_b210a_24,p09_phantom_controller_only_phone_connected_full20_b210a_24_phantom_controller_only_phone_connected,phantom_controller_only_phone_connected,0,1,2.4,b210a_24,3,2430000000,20000000,2.000,raw_iq_followup/p09_phantom_controller_only_phone_connected_full20_b210a_24/p09_phantom_controller_only_phone_connected_full20_b210a_24_phantom_controller_only_phone_connected/03_2430.000MHz.cfile,complex_int16_interleaved,0.250000,-27.403857,0.042639014,0.44718328,1.9955186e-07,-90.055996,-116.137160,26.081164,0.853496,0.180176
p09,p09_phantom_controller_only_phone_connected_full20,p09_phantom_controller_only_phone_connected_full20_b210a_24,p09_phantom_controller_only_phone_connected_full20_b210a_24_phantom_controller_only_phone_connected,phantom_controller_only_phone_connected,0,1,2.4,b210a_24,4,2440000000,20000000,2.000,raw_iq_followup/p09_phantom_controller_only_phone_connected_full20_b210a_24/p09_phantom_controller_only_phone_connected_full20_b210a_24_phantom_controller_only_phone_connected/04_2440.000MHz.cfile,complex_int16_interleaved,0.250000,-48.768624,0.0036439196,0.029710535,0.00023073865,-103.072915,-120.000000,16.927085,0.986651,0.000732
p09,p09_phantom_controller_only_phone_connected_full20,p09_phantom_controller_only_phone_connected_full20_b210a_24,p09_phantom_controller_only_phone_connected_full20_b210a_24_phantom_controller_only_phone_connected,phantom_controller_only_phone_connected,0,1,2.4,b210a_24,5,2450000000,20000000,2.000,raw_iq_followup/p09_phantom_controller_only_phone_connected_full20_b210a_24/p09_phantom_controller_only_phone_connected_full20_b210a_24_phantom_controller_only_phone_connected/05_2450.000MHz.cfile,complex_int16_interleaved,0.250000,-46.933641,0.0045010924,0.050008506,8.6538594e-05,-105.674837,-120.000000,14.325163,0.976813,0.000732
p09,p09_phantom_controller_only_phone_connected_full20,p09_phantom_controller_only_phone_connected_full20_b210a_24,p09_phantom_controller_only_phone_connected_full20_b210a_24_phantom_controller_only_phone_connected,phantom_controller_only_phone_connected,0,1,2.4,b210a_24,6,2460000000,20000000,2.000,raw_iq_followup/p09_phantom_controller_only_phone_connected_full20_b210a_24/p09_phantom_controller_only_phone_connected_full20_b210a_24_phantom_controller_only_phone_connected/06_2460.000MHz.cfile,complex_int16_interleaved,0.250000,-42.384039,0.0075997276,0.048535518,1.0355863e-05,-107.502820,-120.000000,12.497180,0.945050,0.258057
p09,p09_phantom_controller_only_phone_connected_full20,p09_phantom_controller_only_phone_connected_full20_b210a_24,p09_phantom_controller_only_phone_connected_full20_b210a_24_phantom_controller_only_phone_connected,phantom_controller_only_phone_connected,0,1,2.4,b210a_24,7,2470000000,20000000,2.000,raw_iq_followup/p09_phantom_controller_only_phone_connected_full20_b210a_24/p09_phantom_controller_only_phone_connected_full20_b210a_24_phantom_controller_only_phone_connected/07_2470.000MHz.cfile,complex_int16_interleaved,0.250000,-54.131854,0.0019652022,0.023150917,0.0013900256,-100.530116,-120.000000,19.469884,0.988442,0.000732
p09,p09_phantom_controller_only_phone_connected_full20,p09_phantom_controller_only_phone_connected_full20_b210a_24,p09_phantom_controller_only_phone_connected_full20_b210a_24_phantom_controller_only_phone_connected,phantom_controller_only_phone_connected,0,1,2.4,b210a_24,8,2480000000,20000000,2.000,raw_iq_followup/p09_phantom_controller_only_phone_connected_full20_b210a_24/p09_phantom_controller_only_phone_connected_full20_b210a_24_phantom_controller_only_phone_connected/08_2480.000MHz.cfile,complex_int16_interleaved,0.250000,-54.674899,0.001846099,0.020298962,0.0012456421,-101.614926,-120.000000,18.385074,0.990833,0.000732
p09,p09_phantom_controller_only_phone_connected_full20,p09_phantom_controller_only_phone_connected_full20_b210b_58,p09_phantom_controller_only_phone_connected_full20_b210b_58_phantom_controller_only_phone_connected,phantom_controller_only_phone_connected,0,1,5.8,b210b_58,1,5735000000,20000000,2.000,raw_iq_followup/p09_phantom_controller_only_phone_connected_full20_b210b_58/p09_phantom_controller_only_phone_connected_full20_b210b_58_phantom_controller_only_phone_connected/01_5735.000MHz.cfile,complex_int16_interleaved,0.250000,-45.508645,0.0053035632,0.073382974,8.7108982e-05,-96.592692,-120.000000,23.407308,0.848271,0.004639
p09,p09_phantom_controller_only_phone_connected_full20,p09_phantom_controller_only_phone_connected_full20_b210b_58,p09_phantom_controller_only_phone_connected_full20_b210b_58_phantom_controller_only_phone_connected,phantom_controller_only_phone_connected,0,1,5.8,b210b_58,2,5745000000,20000000,2.000,raw_iq_followup/p09_phantom_controller_only_phone_connected_full20_b210b_58/p09_phantom_controller_only_phone_connected_full20_b210b_58_phantom_controller_only_phone_connected/02_5745.000MHz.cfile,complex_int16_interleaved,0.250000,-42.441436,0.0075496743,0.081526734,3.7822881e-05,-95.466692,-120.000000,24.533308,0.821059,0.008789
p09,p09_phantom_controller_only_phone_connected_full20,p09_phantom_controller_only_phone_connected_full20_b210b_58,p09_phantom_controller_only_phone_connected_full20_b210b_58_phantom_controller_only_phone_connected,phantom_controller_only_phone_connected,0,1,5.8,b210b_58,3,5755000000,20000000,2.000,raw_iq_followup/p09_phantom_controller_only_phone_connected_full20_b210b_58/p09_phantom_controller_only_phone_connected_full20_b210b_58_phantom_controller_only_phone_connected/03_5755.000MHz.cfile,complex_int16_interleaved,0.250000,-42.662035,0.0073603464,0.069190696,4.5805846e-05,-96.268769,-120.000000,23.731231,0.830379,0.009766
p09,p09_phantom_controller_only_phone_connected_full20,p09_phantom_controller_only_phone_connected_full20_b210b_58,p09_phantom_controller_only_phone_connected_full20_b210b_58_phantom_controller_only_phone_connected,phantom_controller_only_phone_connected,0,1,5.8,b210b_58,4,5765000000,20000000,2.000,raw_iq_followup/p09_phantom_controller_only_phone_connected_full20_b210b_58/p09_phantom_controller_only_phone_connected_full20_b210b_58_phantom_controller_only_phone_connected/04_5765.000MHz.cfile,complex_int16_interleaved,0.250000,-43.141417,0.0069651288,0.065951452,5.7889599e-05,-98.082882,-120.000000,21.917118,0.844004,0.014893
p09,p09_phantom_controller_only_phone_connected_full20,p09_phantom_controller_only_phone_connected_full20_b210b_58,p09_phantom_controller_only_phone_connected_full20_b210b_58_phantom_controller_only_phone_connected,phantom_controller_only_phone_connected,0,1,5.8,b210b_58,5,5775000000,20000000,2.000,raw_iq_followup/p09_phantom_controller_only_phone_connected_full20_b210b_58/p09_phantom_controller_only_phone_connected_full20_b210b_58_phantom_controller_only_phone_connected/05_5775.000MHz.cfile,complex_int16_interleaved,0.250000,-43.671050,0.0065531106,0.065912388,5.7918889e-05,-97.648526,-120.000000,22.351474,0.851663,0.011719
p09,p09_phantom_controller_only_phone_connected_full20,p09_phantom_controller_only_phone_connected_full20_b210b_58,p09_phantom_controller_only_phone_connected_full20_b210b_58_phantom_controller_only_phone_connected,phantom_controller_only_phone_connected,0,1,5.8,b210b_58,6,5785000000,20000000,2.000,raw_iq_followup/p09_phantom_controller_only_phone_connected_full20_b210b_58/p09_phantom_controller_only_phone_connected_full20_b210b_58_phantom_controller_only_phone_connected/06_5785.000MHz.cfile,complex_int16_interleaved,0.250000,-44.252615,0.0061287124,0.057575177,6.840965e-05,-98.150635,-120.000000,21.849365,0.861469,0.010254
p09,p09_phantom_controller_only_phone_connected_full20,p09_phantom_controller_only_phone_connected_full20_b210b_58,p09_phantom_controller_only_phone_connected_full20_b210b_58_phantom_controller_only_phone_connected,phantom_controller_only_phone_connected,0,1,5.8,b210b_58,7,5795000000,20000000,2.000,raw_iq_followup/p09_phantom_controller_only_phone_connected_full20_b210b_58/p09_phantom_controller_only_phone_connected_full20_b210b_58_phantom_controller_only_phone_connected/07_5795.000MHz.cfile,complex_int16_interleaved,0.250000,-44.382683,0.0060376207,0.061610244,3.0754941e-05,-98.535117,-120.000000,21.464883,0.864559,0.011230
p09,p09_phantom_controller_only_phone_connected_full20,p09_phantom_controller_only_phone_connected_full20_b210b_58,p09_phantom_controller_only_phone_connected_full20_b210b_58_phantom_controller_only_phone_connected,phantom_controller_only_phone_connected,0,1,5.8,b210b_58,8,5805000000,20000000,2.000,raw_iq_followup/p09_phantom_controller_only_phone_connected_full20_b210b_58/p09_phantom_controller_only_phone_connected_full20_b210b_58_phantom_controller_only_phone_connected/08_5805.000MHz.cfile,complex_int16_interleaved,0.250000,-45.046998,0.0055930682,0.054547217,6.4460266e-05,-100.191987,-120.000000,19.808013,0.877462,0.015381
p09,p09_phantom_controller_only_phone_connected_full20,p09_phantom_controller_only_phone_connected_full20_b210b_58,p09_phantom_controller_only_phone_connected_full20_b210b_58_phantom_controller_only_phone_connected,phantom_controller_only_phone_connected,0,1,5.8,b210b_58,9,5815000000,20000000,2.000,raw_iq_followup/p09_phantom_controller_only_phone_connected_full20_b210b_58/p09_phantom_controller_only_phone_connected_full20_b210b_58_phantom_controller_only_phone_connected/09_5815.000MHz.cfile,complex_int16_interleaved,0.250000,-48.069961,0.0039491346,0.047955632,0.00014883177,-100.143906,-120.000000,19.856094,0.908290,0.007568
p09,p09_phantom_controller_only_phone_connected_full20,p09_phantom_controller_only_phone_connected_full20_b210b_58,p09_phantom_controller_only_phone_connected_full20_b210b_58_phantom_controller_only_phone_connected,phantom_controller_only_phone_connected,0,1,5.8,b210b_58,10,5825000000,20000000,2.000,raw_iq_followup/p09_phantom_controller_only_phone_connected_full20_b210b_58/p09_phantom_controller_only_phone_connected_full20_b210b_58_phantom_controller_only_phone_connected/10_5825.000MHz.cfile,complex_int16_interleaved,0.250000,-58.119306,0.0012417511,0.018330805,0.00044503781,-108.775088,-120.000000,11.224912,0.999171,0.000732
p09,p09_phantom_controller_only_phone_connected_full20,p09_phantom_controller_only_phone_connected_full20_b210b_58,p09_phantom_controller_only_phone_connected_full20_b210b_58_phantom_controller_only_phone_connected,phantom_controller_only_phone_connected,0,1,5.8,b210b_58,11,5835000000,20000000,2.000,raw_iq_followup/p09_phantom_controller_only_phone_connected_full20_b210b_58/p09_phantom_controller_only_phone_connected_full20_b210b_58_phantom_controller_only_phone_connected/11_5835.000MHz.cfile,complex_int16_interleaved,0.250000,-57.630849,0.0013135826,0.016120678,0.0013186676,-104.372999,-120.000000,15.627001,0.996381,0.000732
p09,p09_phantom_controller_only_phone_connected_full20,p09_phantom_controller_only_phone_connected_full20_b210b_58,p09_phantom_controller_only_phone_connected_full20_b210b_58_phantom_controller_only_phone_connected,phantom_controller_only_phone_connected,0,1,5.8,b210b_58,12,5845000000,20000000,2.000,raw_iq_followup/p09_phantom_controller_only_phone_connected_full20_b210b_58/p09_phantom_controller_only_phone_connected_full20_b210b_58_phantom_controller_only_phone_connected/12_5845.000MHz.cfile,complex_int16_interleaved,0.250000,-57.422075,0.0013455385,0.017263349,0.0015324613,-103.311272,-120.000000,16.688728,0.994962,0.000732
p09,p09_phantom_linked_phone_connected_full20,p09_phantom_linked_phone_connected_full20_b210a_24,p09_phantom_linked_phone_connected_full20_b210a_24_phantom_linked_phone_connected,phantom_linked_phone_connected,1,0,2.4,b210a_24,1,2410000000,20000000,2.000,raw_iq_followup/p09_phantom_linked_phone_connected_full20_b210a_24/p09_phantom_linked_phone_connected_full20_b210a_24_phantom_linked_phone_connected/01_2410.000MHz.cfile,complex_int16_interleaved,0.250000,-23.597376,0.066089305,0.71577245,4.3618415e-07,-85.422889,-97.331883,11.908994,0.913413,0.044922
p09,p09_phantom_linked_phone_connected_full20,p09_phantom_linked_phone_connected_full20_b210a_24,p09_phantom_linked_phone_connected_full20_b210a_24_phantom_linked_phone_connected,phantom_linked_phone_connected,1,0,2.4,b210a_24,2,2420000000,20000000,2.000,raw_iq_followup/p09_phantom_linked_phone_connected_full20_b210a_24/p09_phantom_linked_phone_connected_full20_b210a_24_phantom_linked_phone_connected/02_2420.000MHz.cfile,complex_int16_interleaved,0.250000,-21.687217,0.082345361,0.96737307,3.0668798e-07,-83.828914,-95.354033,11.525120,0.946745,0.033936
p09,p09_phantom_linked_phone_connected_full20,p09_phantom_linked_phone_connected_full20_b210a_24,p09_phantom_linked_phone_connected_full20_b210a_24_phantom_linked_phone_connected,phantom_linked_phone_connected,1,0,2.4,b210a_24,3,2430000000,20000000,2.000,raw_iq_followup/p09_phantom_linked_phone_connected_full20_b210a_24/p09_phantom_linked_phone_connected_full20_b210a_24_phantom_linked_phone_connected/03_2430.000MHz.cfile,complex_int16_interleaved,0.250000,-27.431092,0.042505524,0.48037449,1.724214e-06,-86.400724,-117.337210,30.936486,0.840239,0.022461
p09,p09_phantom_linked_phone_connected_full20,p09_phantom_linked_phone_connected_full20_b210a_24,p09_phantom_linked_phone_connected_full20_b210a_24_phantom_linked_phone_connected,phantom_linked_phone_connected,1,0,2.4,b210a_24,4,2440000000,20000000,2.000,raw_iq_followup/p09_phantom_linked_phone_connected_full20_b210a_24/p09_phantom_linked_phone_connected_full20_b210a_24_phantom_linked_phone_connected/04_2440.000MHz.cfile,complex_int16_interleaved,0.250000,-49.754246,0.0032530273,0.038255375,0.0002159418,-104.501544,-120.000000,15.498456,0.993719,0.000732
p09,p09_phantom_linked_phone_connected_full20,p09_phantom_linked_phone_connected_full20_b210a_24,p09_phantom_linked_phone_connected_full20_b210a_24_phantom_linked_phone_connected,phantom_linked_phone_connected,1,0,2.4,b210a_24,5,2450000000,20000000,2.000,raw_iq_followup/p09_phantom_linked_phone_connected_full20_b210a_24/p09_phantom_linked_phone_connected_full20_b210a_24_phantom_linked_phone_connected/05_2450.000MHz.cfile,complex_int16_interleaved,0.250000,-41.675590,0.0082455663,0.054558329,5.6286948e-05,-102.153091,-120.000000,17.846909,0.930080,0.038330
p09,p09_phantom_linked_phone_connected_full20,p09_phantom_linked_phone_connected_full20_b210a_24,p09_phantom_linked_phone_connected_full20_b210a_24_phantom_linked_phone_connected,phantom_linked_phone_connected,1,0,2.4,b210a_24,6,2460000000,20000000,2.000,raw_iq_followup/p09_phantom_linked_phone_connected_full20_b210a_24/p09_phantom_linked_phone_connected_full20_b210a_24_phantom_linked_phone_connected/06_2460.000MHz.cfile,complex_int16_interleaved,0.250000,-44.735606,0.0057972189,0.054562032,8.3211047e-05,-103.473619,-120.000000,16.526381,0.961371,0.001465
p09,p09_phantom_linked_phone_connected_full20,p09_phantom_linked_phone_connected_full20_b210a_24,p09_phantom_linked_phone_connected_full20_b210a_24_phantom_linked_phone_connected,phantom_linked_phone_connected,1,0,2.4,b210a_24,7,2470000000,20000000,2.000,raw_iq_followup/p09_phantom_linked_phone_connected_full20_b210a_24/p09_phantom_linked_phone_connected_full20_b210a_24_phantom_linked_phone_connected/07_2470.000MHz.cfile,complex_int16_interleaved,0.250000,-54.846618,0.0018099602,0.014874557,0.00061435933,-105.210078,-120.000000,14.789922,0.997288,0.000732
p09,p09_phantom_linked_phone_connected_full20,p09_phantom_linked_phone_connected_full20_b210a_24,p09_phantom_linked_phone_connected_full20_b210a_24_phantom_linked_phone_connected,phantom_linked_phone_connected,1,0,2.4,b210a_24,8,2480000000,20000000,2.000,raw_iq_followup/p09_phantom_linked_phone_connected_full20_b210a_24/p09_phantom_linked_phone_connected_full20_b210a_24_phantom_linked_phone_connected/08_2480.000MHz.cfile,complex_int16_interleaved,0.250000,-55.227876,0.0017322322,0.017727561,0.00055224735,-105.789057,-120.000000,14.210943,0.996764,0.000732
p09,p09_phantom_linked_phone_connected_full20,p09_phantom_linked_phone_connected_full20_b210b_58,p09_phantom_linked_phone_connected_full20_b210b_58_phantom_linked_phone_connected,phantom_linked_phone_connected,1,0,5.8,b210b_58,1,5735000000,20000000,2.000,raw_iq_followup/p09_phantom_linked_phone_connected_full20_b210b_58/p09_phantom_linked_phone_connected_full20_b210b_58_phantom_linked_phone_connected/01_5735.000MHz.cfile,complex_int16_interleaved,0.250000,-45.727348,0.0051716915,0.069777854,0.00013085822,-97.080001,-120.000000,22.919999,0.856829,0.006348
p09,p09_phantom_linked_phone_connected_full20,p09_phantom_linked_phone_connected_full20_b210b_58,p09_phantom_linked_phone_connected_full20_b210b_58_phantom_linked_phone_connected,phantom_linked_phone_connected,1,0,5.8,b210b_58,2,5745000000,20000000,2.000,raw_iq_followup/p09_phantom_linked_phone_connected_full20_b210b_58/p09_phantom_linked_phone_connected_full20_b210b_58_phantom_linked_phone_connected/02_5745.000MHz.cfile,complex_int16_interleaved,0.250000,-42.119737,0.0078345338,0.075592346,3.9699481e-05,-96.171738,-120.000000,23.828262,0.820339,0.011475
p09,p09_phantom_linked_phone_connected_full20,p09_phantom_linked_phone_connected_full20_b210b_58,p09_phantom_linked_phone_connected_full20_b210b_58_phantom_linked_phone_connected,phantom_linked_phone_connected,1,0,5.8,b210b_58,3,5755000000,20000000,2.000,raw_iq_followup/p09_phantom_linked_phone_connected_full20_b210b_58/p09_phantom_linked_phone_connected_full20_b210b_58_phantom_linked_phone_connected/03_5755.000MHz.cfile,complex_int16_interleaved,0.250000,-42.677017,0.0073476615,0.073514208,3.5989978e-05,-95.075086,-120.000000,24.924914,0.828485,0.006104
p09,p09_phantom_linked_phone_connected_full20,p09_phantom_linked_phone_connected_full20_b210b_58,p09_phantom_linked_phone_connected_full20_b210b_58_phantom_linked_phone_connected,phantom_linked_phone_connected,1,0,5.8,b210b_58,4,5765000000,20000000,2.000,raw_iq_followup/p09_phantom_linked_phone_connected_full20_b210b_58/p09_phantom_linked_phone_connected_full20_b210b_58_phantom_linked_phone_connected/04_5765.000MHz.cfile,complex_int16_interleaved,0.250000,-42.931405,0.0071355873,0.066885151,1.4367791e-05,-94.753621,-120.000000,25.246379,0.835582,0.004639
p09,p09_phantom_linked_phone_connected_full20,p09_phantom_linked_phone_connected_full20_b210b_58,p09_phantom_linked_phone_connected_full20_b210b_58_phantom_linked_phone_connected,phantom_linked_phone_connected,1,0,5.8,b210b_58,5,5775000000,20000000,2.000,raw_iq_followup/p09_phantom_linked_phone_connected_full20_b210b_58/p09_phantom_linked_phone_connected_full20_b210b_58_phantom_linked_phone_connected/05_5775.000MHz.cfile,complex_int16_interleaved,0.250000,-43.134333,0.0069708116,0.075213373,6.0721207e-05,-97.524799,-120.000000,22.475201,0.843976,0.012451
p09,p09_phantom_linked_phone_connected_full20,p09_phantom_linked_phone_connected_full20_b210b_58,p09_phantom_linked_phone_connected_full20_b210b_58_phantom_linked_phone_connected,phantom_linked_phone_connected,1,0,5.8,b210b_58,6,5785000000,20000000,2.000,raw_iq_followup/p09_phantom_linked_phone_connected_full20_b210b_58/p09_phantom_linked_phone_connected_full20_b210b_58_phantom_linked_phone_connected/06_5785.000MHz.cfile,complex_int16_interleaved,0.250000,-44.725407,0.0058040302,0.056598887,0.00010735235,-98.820790,-120.000000,21.179210,0.872303,0.010010
p09,p09_phantom_linked_phone_connected_full20,p09_phantom_linked_phone_connected_full20_b210b_58,p09_phantom_linked_phone_connected_full20_b210b_58_phantom_linked_phone_connected,phantom_linked_phone_connected,1,0,5.8,b210b_58,7,5795000000,20000000,2.000,raw_iq_followup/p09_phantom_linked_phone_connected_full20_b210b_58/p09_phantom_linked_phone_connected_full20_b210b_58_phantom_linked_phone_connected/07_5795.000MHz.cfile,complex_int16_interleaved,0.250000,-44.369364,0.006046886,0.057899207,6.2000659e-05,-96.778204,-120.000000,23.221796,0.860220,0.005371
p09,p09_phantom_linked_phone_connected_full20,p09_phantom_linked_phone_connected_full20_b210b_58,p09_phantom_linked_phone_connected_full20_b210b_58_phantom_linked_phone_connected,phantom_linked_phone_connected,1,0,5.8,b210b_58,8,5805000000,20000000,2.000,raw_iq_followup/p09_phantom_linked_phone_connected_full20_b210b_58/p09_phantom_linked_phone_connected_full20_b210b_58_phantom_linked_phone_connected/08_5805.000MHz.cfile,complex_int16_interleaved,0.250000,-45.905896,0.0050664664,0.051899813,0.00010458985,-99.843602,-120.000000,20.156398,0.894001,0.011230
p09,p09_phantom_linked_phone_connected_full20,p09_phantom_linked_phone_connected_full20_b210b_58,p09_phantom_linked_phone_connected_full20_b210b_58_phantom_linked_phone_connected,phantom_linked_phone_connected,1,0,5.8,b210b_58,9,5815000000,20000000,2.000,raw_iq_followup/p09_phantom_linked_phone_connected_full20_b210b_58/p09_phantom_linked_phone_connected_full20_b210b_58_phantom_linked_phone_connected/09_5815.000MHz.cfile,complex_int16_interleaved,0.250000,-48.397246,0.0038030994,0.045426939,0.00025459711,-100.695180,-120.000000,19.304820,0.914725,0.006592
p09,p09_phantom_linked_phone_connected_full20,p09_phantom_linked_phone_connected_full20_b210b_58,p09_phantom_linked_phone_connected_full20_b210b_58_phantom_linked_phone_connected,phantom_linked_phone_connected,1,0,5.8,b210b_58,10,5825000000,20000000,2.000,raw_iq_followup/p09_phantom_linked_phone_connected_full20_b210b_58/p09_phantom_linked_phone_connected_full20_b210b_58_phantom_linked_phone_connected/10_5825.000MHz.cfile,complex_int16_interleaved,0.250000,-58.051232,0.0012515213,0.017494986,0.00052869255,-107.623550,-120.000000,12.376450,0.998758,0.000732
p09,p09_phantom_linked_phone_connected_full20,p09_phantom_linked_phone_connected_full20_b210b_58,p09_phantom_linked_phone_connected_full20_b210b_58_phantom_linked_phone_connected,phantom_linked_phone_connected,1,0,5.8,b210b_58,11,5835000000,20000000,2.000,raw_iq_followup/p09_phantom_linked_phone_connected_full20_b210b_58/p09_phantom_linked_phone_connected_full20_b210b_58_phantom_linked_phone_connected/11_5835.000MHz.cfile,complex_int16_interleaved,0.250000,-57.509990,0.0013319882,0.016780118,0.0012503918,-103.800425,-120.000000,16.199575,0.995663,0.000732
p09,p09_phantom_linked_phone_connected_full20,p09_phantom_linked_phone_connected_full20_b210b_58,p09_phantom_linked_phone_connected_full20_b210b_58_phantom_linked_phone_connected,phantom_linked_phone_connected,1,0,5.8,b210b_58,12,5845000000,20000000,2.000,raw_iq_followup/p09_phantom_linked_phone_connected_full20_b210b_58/p09_phantom_linked_phone_connected_full20_b210b_58_phantom_linked_phone_connected/12_5845.000MHz.cfile,complex_int16_interleaved,0.250000,-57.488980,0.0013352139,0.016635664,0.0014240319,-103.753689,-120.000000,16.246311,0.995603,0.000732
p10,p10_phantom_controller_only_phone_connected_full20,p10_phantom_controller_only_phone_connected_full20_b210a_24,p10_phantom_controller_only_phone_connected_full20_b210a_24_phantom_controller_only_phone_connected,phantom_controller_only_phone_connected,0,1,2.4,b210a_24,1,2410000000,20000000,2.000,raw_iq_followup/p10_phantom_controller_only_phone_connected_full20_b210a_24/p10_phantom_controller_only_phone_connected_full20_b210a_24_phantom_controller_only_phone_connected/01_2410.000MHz.cfile,complex_int16_interleaved,0.250000,-23.941810,0.063519856,0.71215153,4.856911e-07,-88.017550,-97.377128,9.359578,0.925122,0.178467
p10,p10_phantom_controller_only_phone_connected_full20,p10_phantom_controller_only_phone_connected_full20_b210a_24,p10_phantom_controller_only_phone_connected_full20_b210a_24_phantom_controller_only_phone_connected,phantom_controller_only_phone_connected,0,1,2.4,b210a_24,2,2420000000,20000000,2.000,raw_iq_followup/p10_phantom_controller_only_phone_connected_full20_b210a_24/p10_phantom_controller_only_phone_connected_full20_b210a_24_phantom_controller_only_phone_connected/02_2420.000MHz.cfile,complex_int16_interleaved,0.250000,-22.503253,0.074961339,0.87895912,5.7940636e-07,-87.326616,-95.641119,8.314503,0.959277,0.186279
p10,p10_phantom_controller_only_phone_connected_full20,p10_phantom_controller_only_phone_connected_full20_b210a_24,p10_phantom_controller_only_phone_connected_full20_b210a_24_phantom_controller_only_phone_connected,phantom_controller_only_phone_connected,0,1,2.4,b210a_24,3,2430000000,20000000,2.000,raw_iq_followup/p10_phantom_controller_only_phone_connected_full20_b210a_24/p10_phantom_controller_only_phone_connected_full20_b210a_24_phantom_controller_only_phone_connected/03_2430.000MHz.cfile,complex_int16_interleaved,0.250000,-27.866596,0.040426878,0.53386545,8.6406168e-07,-89.592289,-117.446659,27.854370,0.853260,0.125000
p10,p10_phantom_controller_only_phone_connected_full20,p10_phantom_controller_only_phone_connected_full20_b210a_24,p10_phantom_controller_only_phone_connected_full20_b210a_24_phantom_controller_only_phone_connected,phantom_controller_only_phone_connected,0,1,2.4,b210a_24,4,2440000000,20000000,2.000,raw_iq_followup/p10_phantom_controller_only_phone_connected_full20_b210a_24/p10_phantom_controller_only_phone_connected_full20_b210a_24_phantom_controller_only_phone_connected/04_2440.000MHz.cfile,complex_int16_interleaved,0.250000,-49.502005,0.0033488811,0.032823086,0.00026988989,-103.393850,-120.000000,16.606150,0.992209,0.000732
p10,p10_phantom_controller_only_phone_connected_full20,p10_phantom_controller_only_phone_connected_full20_b210a_24,p10_phantom_controller_only_phone_connected_full20_b210a_24_phantom_controller_only_phone_connected,phantom_controller_only_phone_connected,0,1,2.4,b210a_24,5,2450000000,20000000,2.000,raw_iq_followup/p10_phantom_controller_only_phone_connected_full20_b210a_24/p10_phantom_controller_only_phone_connected_full20_b210a_24_phantom_controller_only_phone_connected/05_2450.000MHz.cfile,complex_int16_interleaved,0.250000,-45.755689,0.0051548439,0.05323625,0.00012721957,-102.923103,-120.000000,17.076897,0.964949,0.000732
p10,p10_phantom_controller_only_phone_connected_full20,p10_phantom_controller_only_phone_connected_full20_b210a_24,p10_phantom_controller_only_phone_connected_full20_b210a_24_phantom_controller_only_phone_connected,phantom_controller_only_phone_connected,0,1,2.4,b210a_24,6,2460000000,20000000,2.000,raw_iq_followup/p10_phantom_controller_only_phone_connected_full20_b210a_24/p10_phantom_controller_only_phone_connected_full20_b210a_24_phantom_controller_only_phone_connected/06_2460.000MHz.cfile,complex_int16_interleaved,0.250000,-45.022601,0.0056087999,0.048294555,0.00010723555,-102.375661,-120.000000,17.624339,0.965497,0.000732
p10,p10_phantom_controller_only_phone_connected_full20,p10_phantom_controller_only_phone_connected_full20_b210a_24,p10_phantom_controller_only_phone_connected_full20_b210a_24_phantom_controller_only_phone_connected,phantom_controller_only_phone_connected,0,1,2.4,b210a_24,7,2470000000,20000000,2.000,raw_iq_followup/p10_phantom_controller_only_phone_connected_full20_b210a_24/p10_phantom_controller_only_phone_connected_full20_b210a_24_phantom_controller_only_phone_connected/07_2470.000MHz.cfile,complex_int16_interleaved,0.250000,-55.146951,0.0017484466,0.016836856,0.00086302861,-103.962022,-120.000000,16.037978,0.995946,0.000732
p10,p10_phantom_controller_only_phone_connected_full20,p10_phantom_controller_only_phone_connected_full20_b210a_24,p10_phantom_controller_only_phone_connected_full20_b210a_24_phantom_controller_only_phone_connected,phantom_controller_only_phone_connected,0,1,2.4,b210a_24,8,2480000000,20000000,2.000,raw_iq_followup/p10_phantom_controller_only_phone_connected_full20_b210a_24/p10_phantom_controller_only_phone_connected_full20_b210a_24_phantom_controller_only_phone_connected/08_2480.000MHz.cfile,complex_int16_interleaved,0.250000,-55.095908,0.0017587517,0.01501716,0.00066207005,-104.762453,-120.000000,15.237547,0.995840,0.000732
p10,p10_phantom_controller_only_phone_connected_full20,p10_phantom_controller_only_phone_connected_full20_b210b_58,p10_phantom_controller_only_phone_connected_full20_b210b_58_phantom_controller_only_phone_connected,phantom_controller_only_phone_connected,0,1,5.8,b210b_58,1,5735000000,20000000,2.000,raw_iq_followup/p10_phantom_controller_only_phone_connected_full20_b210b_58/p10_phantom_controller_only_phone_connected_full20_b210b_58_phantom_controller_only_phone_connected/01_5735.000MHz.cfile,complex_int16_interleaved,0.250000,-45.982228,0.0050221373,0.067026339,0.00013312615,-97.725559,-120.000000,22.274441,0.861035,0.006836
p10,p10_phantom_controller_only_phone_connected_full20,p10_phantom_controller_only_phone_connected_full20_b210b_58,p10_phantom_controller_only_phone_connected_full20_b210b_58_phantom_controller_only_phone_connected,phantom_controller_only_phone_connected,0,1,5.8,b210b_58,2,5745000000,20000000,2.000,raw_iq_followup/p10_phantom_controller_only_phone_connected_full20_b210b_58/p10_phantom_controller_only_phone_connected_full20_b210b_58_phantom_controller_only_phone_connected/02_5745.000MHz.cfile,complex_int16_interleaved,0.250000,-42.604438,0.0074093159,0.071968965,8.901158e-05,-96.481635,-120.000000,23.518365,0.832132,0.011475
p10,p10_phantom_controller_only_phone_connected_full20,p10_phantom_controller_only_phone_connected_full20_b210b_58,p10_phantom_controller_only_phone_connected_full20_b210b_58_phantom_controller_only_phone_connected,phantom_controller_only_phone_connected,0,1,5.8,b210b_58,3,5755000000,20000000,2.000,raw_iq_followup/p10_phantom_controller_only_phone_connected_full20_b210b_58/p10_phantom_controller_only_phone_connected_full20_b210b_58_phantom_controller_only_phone_connected/03_5755.000MHz.cfile,complex_int16_interleaved,0.250000,-42.899300,0.0071620111,0.066894539,6.3921093e-05,-97.317328,-120.000000,22.682672,0.837097,0.013916
p10,p10_phantom_controller_only_phone_connected_full20,p10_phantom_controller_only_phone_connected_full20_b210b_58,p10_phantom_controller_only_phone_connected_full20_b210b_58_phantom_controller_only_phone_connected,phantom_controller_only_phone_connected,0,1,5.8,b210b_58,4,5765000000,20000000,2.000,raw_iq_followup/p10_phantom_controller_only_phone_connected_full20_b210b_58/p10_phantom_controller_only_phone_connected_full20_b210b_58_phantom_controller_only_phone_connected/04_5765.000MHz.cfile,complex_int16_interleaved,0.250000,-43.753586,0.0064911362,0.065415025,4.9324649e-05,-96.501659,-120.000000,23.498341,0.851869,0.005127
p10,p10_phantom_controller_only_phone_connected_full20,p10_phantom_controller_only_phone_connected_full20_b210b_58,p10_phantom_controller_only_phone_connected_full20_b210b_58_phantom_controller_only_phone_connected,phantom_controller_only_phone_connected,0,1,5.8,b210b_58,5,5775000000,20000000,2.000,raw_iq_followup/p10_phantom_controller_only_phone_connected_full20_b210b_58/p10_phantom_controller_only_phone_connected_full20_b210b_58_phantom_controller_only_phone_connected/05_5775.000MHz.cfile,complex_int16_interleaved,0.250000,-43.691736,0.0065375228,0.06589222,5.5109143e-05,-96.464443,-120.000000,23.535557,0.851070,0.006836
p10,p10_phantom_controller_only_phone_connected_full20,p10_phantom_controller_only_phone_connected_full20_b210b_58,p10_phantom_controller_only_phone_connected_full20_b210b_58_phantom_controller_only_phone_connected,phantom_controller_only_phone_connected,0,1,5.8,b210b_58,6,5785000000,20000000,2.000,raw_iq_followup/p10_phantom_controller_only_phone_connected_full20_b210b_58/p10_phantom_controller_only_phone_connected_full20_b210b_58_phantom_controller_only_phone_connected/06_5785.000MHz.cfile,complex_int16_interleaved,0.250000,-43.913913,0.006372419,0.056834128,2.0365929e-05,-97.767173,-120.000000,22.232827,0.853861,0.009277
p10,p10_phantom_controller_only_phone_connected_full20,p10_phantom_controller_only_phone_connected_full20_b210b_58,p10_phantom_controller_only_phone_connected_full20_b210b_58_phantom_controller_only_phone_connected,phantom_controller_only_phone_connected,0,1,5.8,b210b_58,7,5795000000,20000000,2.000,raw_iq_followup/p10_phantom_controller_only_phone_connected_full20_b210b_58/p10_phantom_controller_only_phone_connected_full20_b210b_58_phantom_controller_only_phone_connected/07_5795.000MHz.cfile,complex_int16_interleaved,0.250000,-44.654317,0.0058517282,0.05762139,4.2077325e-05,-98.534636,-120.000000,21.465364,0.869793,0.010010
p10,p10_phantom_controller_only_phone_connected_full20,p10_phantom_controller_only_phone_connected_full20_b210b_58,p10_phantom_controller_only_phone_connected_full20_b210b_58_phantom_controller_only_phone_connected,phantom_controller_only_phone_connected,0,1,5.8,b210b_58,8,5805000000,20000000,2.000,raw_iq_followup/p10_phantom_controller_only_phone_connected_full20_b210b_58/p10_phantom_controller_only_phone_connected_full20_b210b_58_phantom_controller_only_phone_connected/08_5805.000MHz.cfile,complex_int16_interleaved,0.250000,-45.357180,0.0053968579,0.052130356,6.7726213e-05,-99.014931,-120.000000,20.985069,0.881239,0.009521
p10,p10_phantom_controller_only_phone_connected_full20,p10_phantom_controller_only_phone_connected_full20_b210b_58,p10_phantom_controller_only_phone_connected_full20_b210b_58_phantom_controller_only_phone_connected,phantom_controller_only_phone_connected,0,1,5.8,b210b_58,9,5815000000,20000000,2.000,raw_iq_followup/p10_phantom_controller_only_phone_connected_full20_b210b_58/p10_phantom_controller_only_phone_connected_full20_b210b_58_phantom_controller_only_phone_connected/09_5815.000MHz.cfile,complex_int16_interleaved,0.250000,-48.398114,0.0038027194,0.047346387,0.00011804316,-99.821017,-120.000000,20.178983,0.914563,0.005127
p10,p10_phantom_controller_only_phone_connected_full20,p10_phantom_controller_only_phone_connected_full20_b210b_58,p10_phantom_controller_only_phone_connected_full20_b210b_58_phantom_controller_only_phone_connected,phantom_controller_only_phone_connected,0,1,5.8,b210b_58,10,5825000000,20000000,2.000,raw_iq_followup/p10_phantom_controller_only_phone_connected_full20_b210b_58/p10_phantom_controller_only_phone_connected_full20_b210b_58_phantom_controller_only_phone_connected/10_5825.000MHz.cfile,complex_int16_interleaved,0.250000,-57.812661,0.0012863727,0.019439792,0.0010169105,-105.498574,-120.000000,14.501426,0.997479,0.000732
p10,p10_phantom_controller_only_phone_connected_full20,p10_phantom_controller_only_phone_connected_full20_b210b_58,p10_phantom_controller_only_phone_connected_full20_b210b_58_phantom_controller_only_phone_connected,phantom_controller_only_phone_connected,0,1,5.8,b210b_58,11,5835000000,20000000,2.000,raw_iq_followup/p10_phantom_controller_only_phone_connected_full20_b210b_58/p10_phantom_controller_only_phone_connected_full20_b210b_58_phantom_controller_only_phone_connected/11_5835.000MHz.cfile,complex_int16_interleaved,0.250000,-58.043110,0.0012526922,0.010438261,0.00064550628,-107.589925,-120.000000,12.410075,0.998747,0.000732
p10,p10_phantom_controller_only_phone_connected_full20,p10_phantom_controller_only_phone_connected_full20_b210b_58,p10_phantom_controller_only_phone_connected_full20_b210b_58_phantom_controller_only_phone_connected,phantom_controller_only_phone_connected,0,1,5.8,b210b_58,12,5845000000,20000000,2.000,raw_iq_followup/p10_phantom_controller_only_phone_connected_full20_b210b_58/p10_phantom_controller_only_phone_connected_full20_b210b_58_phantom_controller_only_phone_connected/12_5845.000MHz.cfile,complex_int16_interleaved,0.250000,-57.662616,0.0013087873,0.015231941,0.001212989,-104.686560,-120.000000,15.313440,0.996727,0.000732
p10,p10_phantom_linked_phone_connected_full20,p10_phantom_linked_phone_connected_full20_b210a_24,p10_phantom_linked_phone_connected_full20_b210a_24_phantom_linked_phone_connected,phantom_linked_phone_connected,1,0,2.4,b210a_24,1,2410000000,20000000,2.000,raw_iq_followup/p10_phantom_linked_phone_connected_full20_b210a_24/p10_phantom_linked_phone_connected_full20_b210a_24_phantom_linked_phone_connected/01_2410.000MHz.cfile,complex_int16_interleaved,0.250000,-23.266495,0.068655486,0.89428377,3.4020647e-07,-84.987855,-96.795968,11.808113,0.915098,0.038086
p10,p10_phantom_linked_phone_connected_full20,p10_phantom_linked_phone_connected_full20_b210a_24,p10_phantom_linked_phone_connected_full20_b210a_24_phantom_linked_phone_connected,phantom_linked_phone_connected,1,0,2.4,b210a_24,2,2420000000,20000000,2.000,raw_iq_followup/p10_phantom_linked_phone_connected_full20_b210a_24/p10_phantom_linked_phone_connected_full20_b210a_24_phantom_linked_phone_connected/02_2420.000MHz.cfile,complex_int16_interleaved,0.250000,-22.009465,0.079346313,0.79612672,3.4942543e-07,-84.649773,-95.584572,10.934799,0.948426,0.041504
p10,p10_phantom_linked_phone_connected_full20,p10_phantom_linked_phone_connected_full20_b210a_24,p10_phantom_linked_phone_connected_full20_b210a_24_phantom_linked_phone_connected,phantom_linked_phone_connected,1,0,2.4,b210a_24,3,2430000000,20000000,2.000,raw_iq_followup/p10_phantom_linked_phone_connected_full20_b210a_24/p10_phantom_linked_phone_connected_full20_b210a_24_phantom_linked_phone_connected/03_2430.000MHz.cfile,complex_int16_interleaved,0.250000,-27.214888,0.043576827,0.54725349,2.2732094e-07,-86.291813,-117.640105,31.348292,0.843792,0.019531
p10,p10_phantom_linked_phone_connected_full20,p10_phantom_linked_phone_connected_full20_b210a_24,p10_phantom_linked_phone_connected_full20_b210a_24_phantom_linked_phone_connected,phantom_linked_phone_connected,1,0,2.4,b210a_24,4,2440000000,20000000,2.000,raw_iq_followup/p10_phantom_linked_phone_connected_full20_b210a_24/p10_phantom_linked_phone_connected_full20_b210a_24_phantom_linked_phone_connected/04_2440.000MHz.cfile,complex_int16_interleaved,0.250000,-47.777650,0.0040842984,0.035181686,0.00021535869,-102.362991,-120.000000,17.637009,0.983764,0.000732
p10,p10_phantom_linked_phone_connected_full20,p10_phantom_linked_phone_connected_full20_b210a_24,p10_phantom_linked_phone_connected_full20_b210a_24_phantom_linked_phone_connected,phantom_linked_phone_connected,1,0,2.4,b210a_24,5,2450000000,20000000,2.000,raw_iq_followup/p10_phantom_linked_phone_connected_full20_b210a_24/p10_phantom_linked_phone_connected_full20_b210a_24_phantom_linked_phone_connected/05_2450.000MHz.cfile,complex_int16_interleaved,0.250000,-46.489797,0.0047370734,0.048939578,7.729012e-05,-105.872357,-120.000000,14.127643,0.972347,0.010498
p10,p10_phantom_linked_phone_connected_full20,p10_phantom_linked_phone_connected_full20_b210a_24,p10_phantom_linked_phone_connected_full20_b210a_24_phantom_linked_phone_connected,phantom_linked_phone_connected,1,0,2.4,b210a_24,6,2460000000,20000000,2.000,raw_iq_followup/p10_phantom_linked_phone_connected_full20_b210a_24/p10_phantom_linked_phone_connected_full20_b210a_24_phantom_linked_phone_connected/06_2460.000MHz.cfile,complex_int16_interleaved,0.250000,-45.351932,0.0054001197,0.049307652,0.000132645,-102.091560,-120.000000,17.908440,0.965178,0.000732
p10,p10_phantom_linked_phone_connected_full20,p10_phantom_linked_phone_connected_full20_b210a_24,p10_phantom_linked_phone_connected_full20_b210a_24_phantom_linked_phone_connected,phantom_linked_phone_connected,1,0,2.4,b210a_24,7,2470000000,20000000,2.000,raw_iq_followup/p10_phantom_linked_phone_connected_full20_b210a_24/p10_phantom_linked_phone_connected_full20_b210a_24_phantom_linked_phone_connected/07_2470.000MHz.cfile,complex_int16_interleaved,0.250000,-54.928203,0.0017930391,0.017125772,0.00059809561,-105.560240,-120.000000,14.439760,0.997580,0.000732
p10,p10_phantom_linked_phone_connected_full20,p10_phantom_linked_phone_connected_full20_b210a_24,p10_phantom_linked_phone_connected_full20_b210a_24_phantom_linked_phone_connected,phantom_linked_phone_connected,1,0,2.4,b210a_24,8,2480000000,20000000,2.000,raw_iq_followup/p10_phantom_linked_phone_connected_full20_b210a_24/p10_phantom_linked_phone_connected_full20_b210a_24_phantom_linked_phone_connected/08_2480.000MHz.cfile,complex_int16_interleaved,0.250000,-54.413880,0.001902418,0.025178481,0.0017774186,-99.678991,-120.000000,20.321009,0.984601,0.000732
p10,p10_phantom_linked_phone_connected_full20,p10_phantom_linked_phone_connected_full20_b210b_58,p10_phantom_linked_phone_connected_full20_b210b_58_phantom_linked_phone_connected,phantom_linked_phone_connected,1,0,5.8,b210b_58,1,5735000000,20000000,2.000,raw_iq_followup/p10_phantom_linked_phone_connected_full20_b210b_58/p10_phantom_linked_phone_connected_full20_b210b_58_phantom_linked_phone_connected/01_5735.000MHz.cfile,complex_int16_interleaved,0.250000,-45.911637,0.0050631194,0.067266181,0.00013389289,-98.178710,-120.000000,21.821290,0.860447,0.007080
p10,p10_phantom_linked_phone_connected_full20,p10_phantom_linked_phone_connected_full20_b210b_58,p10_phantom_linked_phone_connected_full20_b210b_58_phantom_linked_phone_connected,phantom_linked_phone_connected,1,0,5.8,b210b_58,2,5745000000,20000000,2.000,raw_iq_followup/p10_phantom_linked_phone_connected_full20_b210b_58/p10_phantom_linked_phone_connected_full20_b210b_58_phantom_linked_phone_connected/02_5745.000MHz.cfile,complex_int16_interleaved,0.250000,-42.353968,0.0076260841,0.074142665,3.6100976e-05,-94.774006,-120.000000,25.225994,0.821766,0.006348
p10,p10_phantom_linked_phone_connected_full20,p10_phantom_linked_phone_connected_full20_b210b_58,p10_phantom_linked_phone_connected_full20_b210b_58_phantom_linked_phone_connected,phantom_linked_phone_connected,1,0,5.8,b210b_58,3,5755000000,20000000,2.000,raw_iq_followup/p10_phantom_linked_phone_connected_full20_b210b_58/p10_phantom_linked_phone_connected_full20_b210b_58_phantom_linked_phone_connected/03_5755.000MHz.cfile,complex_int16_interleaved,0.250000,-42.422424,0.0075662169,0.069885254,6.5010733e-05,-95.629204,-120.000000,24.370796,0.824825,0.008545
p10,p10_phantom_linked_phone_connected_full20,p10_phantom_linked_phone_connected_full20_b210b_58,p10_phantom_linked_phone_connected_full20_b210b_58_phantom_linked_phone_connected,phantom_linked_phone_connected,1,0,5.8,b210b_58,4,5765000000,20000000,2.000,raw_iq_followup/p10_phantom_linked_phone_connected_full20_b210b_58/p10_phantom_linked_phone_connected_full20_b210b_58_phantom_linked_phone_connected/04_5765.000MHz.cfile,complex_int16_interleaved,0.250000,-43.111872,0.0069888611,0.067074791,4.7670401e-05,-97.469823,-120.000000,22.530177,0.840914,0.012695
p10,p10_phantom_linked_phone_connected_full20,p10_phantom_linked_phone_connected_full20_b210b_58,p10_phantom_linked_phone_connected_full20_b210b_58_phantom_linked_phone_connected,phantom_linked_phone_connected,1,0,5.8,b210b_58,5,5775000000,20000000,2.000,raw_iq_followup/p10_phantom_linked_phone_connected_full20_b210b_58/p10_phantom_linked_phone_connected_full20_b210b_58_phantom_linked_phone_connected/05_5775.000MHz.cfile,complex_int16_interleaved,0.250000,-43.178928,0.0069351141,0.066641405,4.4135422e-05,-98.091768,-120.000000,21.908232,0.845800,0.015869
p10,p10_phantom_linked_phone_connected_full20,p10_phantom_linked_phone_connected_full20_b210b_58,p10_phantom_linked_phone_connected_full20_b210b_58_phantom_linked_phone_connected,phantom_linked_phone_connected,1,0,5.8,b210b_58,6,5785000000,20000000,2.000,raw_iq_followup/p10_phantom_linked_phone_connected_full20_b210b_58/p10_phantom_linked_phone_connected_full20_b210b_58_phantom_linked_phone_connected/06_5785.000MHz.cfile,complex_int16_interleaved,0.250000,-43.936095,0.006356166,0.056424651,3.2069054e-05,-97.814888,-120.000000,22.185112,0.855765,0.009521
p10,p10_phantom_linked_phone_connected_full20,p10_phantom_linked_phone_connected_full20_b210b_58,p10_phantom_linked_phone_connected_full20_b210b_58_phantom_linked_phone_connected,phantom_linked_phone_connected,1,0,5.8,b210b_58,7,5795000000,20000000,2.000,raw_iq_followup/p10_phantom_linked_phone_connected_full20_b210b_58/p10_phantom_linked_phone_connected_full20_b210b_58_phantom_linked_phone_connected/07_5795.000MHz.cfile,complex_int16_interleaved,0.250000,-44.036270,0.0062832809,0.05773513,5.5410734e-05,-97.675878,-120.000000,22.324122,0.854811,0.009033
p10,p10_phantom_linked_phone_connected_full20,p10_phantom_linked_phone_connected_full20_b210b_58,p10_phantom_linked_phone_connected_full20_b210b_58_phantom_linked_phone_connected,phantom_linked_phone_connected,1,0,5.8,b210b_58,8,5805000000,20000000,2.000,raw_iq_followup/p10_phantom_linked_phone_connected_full20_b210b_58/p10_phantom_linked_phone_connected_full20_b210b_58_phantom_linked_phone_connected/08_5805.000MHz.cfile,complex_int16_interleaved,0.250000,-46.006143,0.0050083289,0.052069999,0.00012581793,-99.790966,-120.000000,20.209034,0.895905,0.011230
p10,p10_phantom_linked_phone_connected_full20,p10_phantom_linked_phone_connected_full20_b210b_58,p10_phantom_linked_phone_connected_full20_b210b_58_phantom_linked_phone_connected,phantom_linked_phone_connected,1,0,5.8,b210b_58,9,5815000000,20000000,2.000,raw_iq_followup/p10_phantom_linked_phone_connected_full20_b210b_58/p10_phantom_linked_phone_connected_full20_b210b_58_phantom_linked_phone_connected/09_5815.000MHz.cfile,complex_int16_interleaved,0.250000,-48.633366,0.0037011074,0.044424631,9.6035933e-05,-101.364683,-120.000000,18.635317,0.922407,0.008301
p10,p10_phantom_linked_phone_connected_full20,p10_phantom_linked_phone_connected_full20_b210b_58,p10_phantom_linked_phone_connected_full20_b210b_58_phantom_linked_phone_connected,phantom_linked_phone_connected,1,0,5.8,b210b_58,10,5825000000,20000000,2.000,raw_iq_followup/p10_phantom_linked_phone_connected_full20_b210b_58/p10_phantom_linked_phone_connected_full20_b210b_58_phantom_linked_phone_connected/10_5825.000MHz.cfile,complex_int16_interleaved,0.250000,-57.899209,0.0012736187,0.020062331,0.00084066825,-106.195674,-120.000000,13.804326,0.998000,0.000732
p10,p10_phantom_linked_phone_connected_full20,p10_phantom_linked_phone_connected_full20_b210b_58,p10_phantom_linked_phone_connected_full20_b210b_58_phantom_linked_phone_connected,phantom_linked_phone_connected,1,0,5.8,b210b_58,11,5835000000,20000000,2.000,raw_iq_followup/p10_phantom_linked_phone_connected_full20_b210b_58/p10_phantom_linked_phone_connected_full20_b210b_58_phantom_linked_phone_connected/11_5835.000MHz.cfile,complex_int16_interleaved,0.250000,-57.809851,0.0012867889,0.014160156,0.00097106746,-105.538819,-120.000000,14.461181,0.997518,0.000732
p10,p10_phantom_linked_phone_connected_full20,p10_phantom_linked_phone_connected_full20_b210b_58,p10_phantom_linked_phone_connected_full20_b210b_58_phantom_linked_phone_connected,phantom_linked_phone_connected,1,0,5.8,b210b_58,12,5845000000,20000000,2.000,raw_iq_followup/p10_phantom_linked_phone_connected_full20_b210b_58/p10_phantom_linked_phone_connected_full20_b210b_58_phantom_linked_phone_connected/12_5845.000MHz.cfile,complex_int16_interleaved,0.250000,-57.944603,0.0012669798,0.012215612,0.00080825652,-106.640671,-120.000000,13.359329,0.998273,0.000732
h01,h01_hubsan_controller_only_full20,h01_hubsan_controller_only_full20_b210a_24,h01_hubsan_controller_only_full20_b210a_24_hubsan_controller_only,hubsan_controller_only,0,1,2.4,b210a_24,1,2410000000,20000000,2.000,raw_iq_followup/h01_hubsan_controller_only_full20_b210a_24/h01_hubsan_controller_only_full20_b210a_24_hubsan_controller_only/01_2410.000MHz.cfile,complex_int16_interleaved,0.250000,-50.527637,0.0029758986,0.03000671,0.00020886189,-105.738918,-120.000000,14.261082,0.996015,0.000732
h01,h01_hubsan_controller_only_full20,h01_hubsan_controller_only_full20_b210a_24,h01_hubsan_controller_only_full20_b210a_24_hubsan_controller_only,hubsan_controller_only,0,1,2.4,b210a_24,2,2420000000,20000000,2.000,raw_iq_followup/h01_hubsan_controller_only_full20_b210a_24/h01_hubsan_controller_only_full20_b210a_24_hubsan_controller_only/02_2420.000MHz.cfile,complex_int16_interleaved,0.250000,-25.360788,0.053946169,0.15767302,1.0890857e-06,-70.401880,-120.000000,49.598120,0.418561,0.001709
h01,h01_hubsan_controller_only_full20,h01_hubsan_controller_only_full20_b210a_24,h01_hubsan_controller_only_full20_b210a_24_hubsan_controller_only,hubsan_controller_only,0,1,2.4,b210a_24,3,2430000000,20000000,2.000,raw_iq_followup/h01_hubsan_controller_only_full20_b210a_24/h01_hubsan_controller_only_full20_b210a_24_hubsan_controller_only/03_2430.000MHz.cfile,complex_int16_interleaved,0.250000,-25.340663,0.054071308,0.15984613,8.4467091e-07,-70.350635,-120.000000,49.649365,0.421300,0.001709
h01,h01_hubsan_controller_only_full20,h01_hubsan_controller_only_full20_b210a_24,h01_hubsan_controller_only_full20_b210a_24_hubsan_controller_only,hubsan_controller_only,0,1,2.4,b210a_24,4,2440000000,20000000,2.000,raw_iq_followup/h01_hubsan_controller_only_full20_b210a_24/h01_hubsan_controller_only_full20_b210a_24_hubsan_controller_only/04_2440.000MHz.cfile,complex_int16_interleaved,0.250000,-48.238376,0.0038733007,0.036903638,0.00012833016,-105.210937,-120.000000,14.789063,0.981613,0.000732
h01,h01_hubsan_controller_only_full20,h01_hubsan_controller_only_full20_b210a_24,h01_hubsan_controller_only_full20_b210a_24_hubsan_controller_only,hubsan_controller_only,0,1,2.4,b210a_24,5,2450000000,20000000,2.000,raw_iq_followup/h01_hubsan_controller_only_full20_b210a_24/h01_hubsan_controller_only_full20_b210a_24_hubsan_controller_only/05_2450.000MHz.cfile,complex_int16_interleaved,0.250000,-46.508191,0.0047270528,0.043297302,0.00013407574,-103.337643,-120.000000,16.662357,0.970402,0.000732
h01,h01_hubsan_controller_only_full20,h01_hubsan_controller_only_full20_b210a_24,h01_hubsan_controller_only_full20_b210a_24_hubsan_controller_only,hubsan_controller_only,0,1,2.4,b210a_24,6,2460000000,20000000,2.000,raw_iq_followup/h01_hubsan_controller_only_full20_b210a_24/h01_hubsan_controller_only_full20_b210a_24_hubsan_controller_only/06_2460.000MHz.cfile,complex_int16_interleaved,0.250000,-47.153601,0.0043885386,0.038036633,6.6381616e-05,-106.742448,-120.000000,13.257552,0.981344,0.002686
h01,h01_hubsan_controller_only_full20,h01_hubsan_controller_only_full20_b210a_24,h01_hubsan_controller_only_full20_b210a_24_hubsan_controller_only,hubsan_controller_only,0,1,2.4,b210a_24,7,2470000000,20000000,2.000,raw_iq_followup/h01_hubsan_controller_only_full20_b210a_24/h01_hubsan_controller_only_full20_b210a_24_hubsan_controller_only/07_2470.000MHz.cfile,complex_int16_interleaved,0.250000,-55.423049,0.0016937428,0.014048465,0.00061848499,-105.688571,-120.000000,14.311429,0.997681,0.000732
h01,h01_hubsan_controller_only_full20,h01_hubsan_controller_only_full20_b210a_24,h01_hubsan_controller_only_full20_b210a_24_hubsan_controller_only,hubsan_controller_only,0,1,2.4,b210a_24,8,2480000000,20000000,2.000,raw_iq_followup/h01_hubsan_controller_only_full20_b210a_24/h01_hubsan_controller_only_full20_b210a_24_hubsan_controller_only/08_2480.000MHz.cfile,complex_int16_interleaved,0.250000,-56.103116,0.0015661888,0.015746597,0.00089402776,-104.616629,-120.000000,15.383371,0.996599,0.000732
h01,h01_hubsan_controller_only_full20,h01_hubsan_controller_only_full20_b210b_58,h01_hubsan_controller_only_full20_b210b_58_hubsan_controller_only,hubsan_controller_only,0,1,5.8,b210b_58,1,5735000000,20000000,2.000,raw_iq_followup/h01_hubsan_controller_only_full20_b210b_58/h01_hubsan_controller_only_full20_b210b_58_hubsan_controller_only/01_5735.000MHz.cfile,complex_int16_interleaved,0.250000,-57.374696,0.0013528981,0.016943634,0.0011743989,-104.226783,-120.000000,15.773217,0.996211,0.000732
h01,h01_hubsan_controller_only_full20,h01_hubsan_controller_only_full20_b210b_58,h01_hubsan_controller_only_full20_b210b_58_hubsan_controller_only,hubsan_controller_only,0,1,5.8,b210b_58,2,5745000000,20000000,2.000,raw_iq_followup/h01_hubsan_controller_only_full20_b210b_58/h01_hubsan_controller_only_full20_b210b_58_hubsan_controller_only/02_5745.000MHz.cfile,complex_int16_interleaved,0.250000,-56.713038,0.0014599837,0.019067992,0.0015628042,-102.397383,-120.000000,17.602617,0.993329,0.000732
h01,h01_hubsan_controller_only_full20,h01_hubsan_controller_only_full20_b210b_58,h01_hubsan_controller_only_full20_b210b_58_hubsan_controller_only,hubsan_controller_only,0,1,5.8,b210b_58,3,5755000000,20000000,2.000,raw_iq_followup/h01_hubsan_controller_only_full20_b210b_58/h01_hubsan_controller_only_full20_b210b_58_hubsan_controller_only/03_5755.000MHz.cfile,complex_int16_interleaved,0.250000,-56.842929,0.0014383131,0.021459414,0.0017494599,-101.936884,-120.000000,18.063116,0.992338,0.000732
h01,h01_hubsan_controller_only_full20,h01_hubsan_controller_only_full20_b210b_58,h01_hubsan_controller_only_full20_b210b_58_hubsan_controller_only,hubsan_controller_only,0,1,5.8,b210b_58,4,5765000000,20000000,2.000,raw_iq_followup/h01_hubsan_controller_only_full20_b210b_58/h01_hubsan_controller_only_full20_b210b_58_hubsan_controller_only/04_5765.000MHz.cfile,complex_int16_interleaved,0.250000,-57.339158,0.0013584448,0.018062308,0.00156401,-102.910661,-120.000000,17.089339,0.994305,0.000732
h01,h01_hubsan_controller_only_full20,h01_hubsan_controller_only_full20_b210b_58,h01_hubsan_controller_only_full20_b210b_58_hubsan_controller_only,hubsan_controller_only,0,1,5.8,b210b_58,5,5775000000,20000000,2.000,raw_iq_followup/h01_hubsan_controller_only_full20_b210b_58/h01_hubsan_controller_only_full20_b210b_58_hubsan_controller_only/05_5775.000MHz.cfile,complex_int16_interleaved,0.250000,-57.526506,0.0013294579,0.016149336,0.0012525702,-104.183192,-120.000000,15.816808,0.996167,0.000732
h01,h01_hubsan_controller_only_full20,h01_hubsan_controller_only_full20_b210b_58,h01_hubsan_controller_only_full20_b210b_58_hubsan_controller_only,hubsan_controller_only,0,1,5.8,b210b_58,6,5785000000,20000000,2.000,raw_iq_followup/h01_hubsan_controller_only_full20_b210b_58/h01_hubsan_controller_only_full20_b210b_58_hubsan_controller_only/06_5785.000MHz.cfile,complex_int16_interleaved,0.250000,-57.485344,0.0013357731,0.015602125,0.0012469444,-104.445593,-120.000000,15.554407,0.996470,0.000732
h01,h01_hubsan_controller_only_full20,h01_hubsan_controller_only_full20_b210b_58,h01_hubsan_controller_only_full20_b210b_58_hubsan_controller_only,hubsan_controller_only,0,1,5.8,b210b_58,7,5795000000,20000000,2.000,raw_iq_followup/h01_hubsan_controller_only_full20_b210b_58/h01_hubsan_controller_only_full20_b210b_58_hubsan_controller_only/07_5795.000MHz.cfile,complex_int16_interleaved,0.250000,-57.690109,0.0013046513,0.013650093,0.00099648721,-105.316654,-120.000000,14.683346,0.997325,0.000732
h01,h01_hubsan_controller_only_full20,h01_hubsan_controller_only_full20_b210b_58,h01_hubsan_controller_only_full20_b210b_58_hubsan_controller_only,hubsan_controller_only,0,1,5.8,b210b_58,8,5805000000,20000000,2.000,raw_iq_followup/h01_hubsan_controller_only_full20_b210b_58/h01_hubsan_controller_only_full20_b210b_58_hubsan_controller_only/08_5805.000MHz.cfile,complex_int16_interleaved,0.250000,-57.933632,0.0012685811,0.01121059,0.00071963205,-107.313999,-120.000000,12.686001,0.998625,0.000732
h01,h01_hubsan_controller_only_full20,h01_hubsan_controller_only_full20_b210b_58,h01_hubsan_controller_only_full20_b210b_58_hubsan_controller_only,hubsan_controller_only,0,1,5.8,b210b_58,9,5815000000,20000000,2.000,raw_iq_followup/h01_hubsan_controller_only_full20_b210b_58/h01_hubsan_controller_only_full20_b210b_58_hubsan_controller_only/09_5815.000MHz.cfile,complex_int16_interleaved,0.250000,-57.864720,0.0012786858,0.013671875,0.00088451009,-106.220137,-120.000000,13.779863,0.998008,0.000732
h01,h01_hubsan_controller_only_full20,h01_hubsan_controller_only_full20_b210b_58,h01_hubsan_controller_only_full20_b210b_58_hubsan_controller_only,hubsan_controller_only,0,1,5.8,b210b_58,10,5825000000,20000000,2.000,raw_iq_followup/h01_hubsan_controller_only_full20_b210b_58/h01_hubsan_controller_only_full20_b210b_58_hubsan_controller_only/10_5825.000MHz.cfile,complex_int16_interleaved,0.250000,-57.849505,0.0012809277,0.013671875,0.0008603029,-105.744660,-120.000000,14.255340,0.997673,0.000732
h01,h01_hubsan_controller_only_full20,h01_hubsan_controller_only_full20_b210b_58,h01_hubsan_controller_only_full20_b210b_58_hubsan_controller_only,hubsan_controller_only,0,1,5.8,b210b_58,11,5835000000,20000000,2.000,raw_iq_followup/h01_hubsan_controller_only_full20_b210b_58/h01_hubsan_controller_only_full20_b210b_58_hubsan_controller_only/11_5835.000MHz.cfile,complex_int16_interleaved,0.250000,-57.233987,0.0013749931,0.018784555,0.001671343,-102.529711,-120.000000,17.470289,0.993587,0.000732
h01,h01_hubsan_controller_only_full20,h01_hubsan_controller_only_full20_b210b_58,h01_hubsan_controller_only_full20_b210b_58_hubsan_controller_only,hubsan_controller_only,0,1,5.8,b210b_58,12,5845000000,20000000,2.000,raw_iq_followup/h01_hubsan_controller_only_full20_b210b_58/h01_hubsan_controller_only_full20_b210b_58_hubsan_controller_only/12_5845.000MHz.cfile,complex_int16_interleaved,0.250000,-57.700653,0.0013030685,0.014850494,0.001181146,-104.888900,-120.000000,15.111100,0.996927,0.000732
h01,h01_hubsan_controller_only_ranked8s,h01_hubsan_controller_only_ranked8s_b210a_24,h01_hubsan_controller_only_ranked8s_b210a_24_hubsan_controller_only,hubsan_controller_only,0,1,2.4,b210a_24,1,2420000000,20000000,2.000,raw_iq_followup/h01_hubsan_controller_only_ranked8s_b210a_24/h01_hubsan_controller_only_ranked8s_b210a_24_hubsan_controller_only/01_2420.000MHz.cfile,complex_int16_interleaved,0.250000,-26.219778,0.048866483,0.15030363,1.0694078e-06,-70.890650,-120.000000,49.109350,0.423029,0.001465
h01,h01_hubsan_controller_only_ranked8s,h01_hubsan_controller_only_ranked8s_b210a_24,h01_hubsan_controller_only_ranked8s_b210a_24_hubsan_controller_only,hubsan_controller_only,0,1,2.4,b210a_24,2,2480000000,20000000,2.000,raw_iq_followup/h01_hubsan_controller_only_ranked8s_b210a_24/h01_hubsan_controller_only_ranked8s_b210a_24_hubsan_controller_only/02_2480.000MHz.cfile,complex_int16_interleaved,0.250000,-56.119723,0.0015631972,0.013192633,0.00024681584,-109.758027,-120.000000,10.241973,0.999208,0.000732
h01,h01_hubsan_controller_only_ranked8s,h01_hubsan_controller_only_ranked8s_b210a_24,h01_hubsan_controller_only_ranked8s_b210a_24_hubsan_controller_only,hubsan_controller_only,0,1,2.4,b210a_24,3,2470000000,20000000,2.000,raw_iq_followup/h01_hubsan_controller_only_ranked8s_b210a_24/h01_hubsan_controller_only_ranked8s_b210a_24_hubsan_controller_only/03_2470.000MHz.cfile,complex_int16_interleaved,0.250000,-54.642136,0.0018530756,0.023825923,0.00062283631,-104.847832,-120.000000,15.152168,0.996949,0.000732
h01,h01_hubsan_controller_only_ranked8s,h01_hubsan_controller_only_ranked8s_b210a_24,h01_hubsan_controller_only_ranked8s_b210a_24_hubsan_controller_only,hubsan_controller_only,0,1,2.4,b210a_24,4,2450000000,20000000,2.000,raw_iq_followup/h01_hubsan_controller_only_ranked8s_b210a_24/h01_hubsan_controller_only_ranked8s_b210a_24_hubsan_controller_only/04_2450.000MHz.cfile,complex_int16_interleaved,0.250000,-45.803113,0.0051267759,0.036203433,0.00016136255,-101.812590,-120.000000,18.187410,0.962508,0.000732
h01,h01_hubsan_controller_only_ranked8s,h01_hubsan_controller_only_ranked8s_b210b_58,h01_hubsan_controller_only_ranked8s_b210b_58_hubsan_controller_only,hubsan_controller_only,0,1,5.8,b210b_58,1,5775000000,20000000,2.000,raw_iq_followup/h01_hubsan_controller_only_ranked8s_b210b_58/h01_hubsan_controller_only_ranked8s_b210b_58_hubsan_controller_only/01_5775.000MHz.cfile,complex_int16_interleaved,0.250000,-57.251894,0.0013721614,0.018095277,0.0016359053,-102.842176,-120.000000,17.157824,0.994190,0.000732
h01,h01_hubsan_controller_only_ranked8s,h01_hubsan_controller_only_ranked8s_b210b_58,h01_hubsan_controller_only_ranked8s_b210b_58_hubsan_controller_only,hubsan_controller_only,0,1,5.8,b210b_58,2,5735000000,20000000,2.000,raw_iq_followup/h01_hubsan_controller_only_ranked8s_b210b_58/h01_hubsan_controller_only_ranked8s_b210b_58_hubsan_controller_only/02_5735.000MHz.cfile,complex_int16_interleaved,0.250000,-57.394549,0.0013498094,0.016146597,0.0011687695,-104.304837,-120.000000,15.695163,0.996307,0.000732
h01,h01_hubsan_controller_only_ranked8s,h01_hubsan_controller_only_ranked8s_b210b_58,h01_hubsan_controller_only_ranked8s_b210b_58_hubsan_controller_only,hubsan_controller_only,0,1,5.8,b210b_58,3,5755000000,20000000,2.000,raw_iq_followup/h01_hubsan_controller_only_ranked8s_b210b_58/h01_hubsan_controller_only_ranked8s_b210b_58_hubsan_controller_only/03_5755.000MHz.cfile,complex_int16_interleaved,0.250000,-56.956140,0.001419688,0.018614847,0.0015165383,-102.821028,-120.000000,17.178972,0.994132,0.000732
h01,h01_hubsan_controller_only_ranked8s,h01_hubsan_controller_only_ranked8s_b210b_58,h01_hubsan_controller_only_ranked8s_b210b_58_hubsan_controller_only,hubsan_controller_only,0,1,5.8,b210b_58,4,5745000000,20000000,2.000,raw_iq_followup/h01_hubsan_controller_only_ranked8s_b210b_58/h01_hubsan_controller_only_ranked8s_b210b_58_hubsan_controller_only/04_5745.000MHz.cfile,complex_int16_interleaved,0.250000,-56.905980,0.0014279103,0.017066313,0.0011928367,-103.693101,-120.000000,16.306899,0.995532,0.000732
h01,h01_hubsan_linked_full20,h01_hubsan_linked_full20_b210a_24,h01_hubsan_linked_full20_b210a_24_hubsan_linked,hubsan_linked,1,0,2.4,b210a_24,1,2410000000,20000000,2.000,raw_iq_followup/h01_hubsan_linked_full20_b210a_24/h01_hubsan_linked_full20_b210a_24_hubsan_linked/01_2410.000MHz.cfile,complex_int16_interleaved,0.250000,-50.157017,0.0031056259,0.036834728,0.00049183159,-101.068895,-120.000000,18.931105,0.988613,0.000732
h01,h01_hubsan_linked_full20,h01_hubsan_linked_full20_b210a_24,h01_hubsan_linked_full20_b210a_24_hubsan_linked,hubsan_linked,1,0,2.4,b210a_24,2,2420000000,20000000,2.000,raw_iq_followup/h01_hubsan_linked_full20_b210a_24/h01_hubsan_linked_full20_b210a_24_hubsan_linked/02_2420.000MHz.cfile,complex_int16_interleaved,0.250000,-25.026670,0.05606173,0.15088725,5.6544003e-07,-69.308369,-120.000000,50.691631,0.416484,0.001221
h01,h01_hubsan_linked_full20,h01_hubsan_linked_full20_b210a_24,h01_hubsan_linked_full20_b210a_24_hubsan_linked,hubsan_linked,1,0,2.4,b210a_24,3,2430000000,20000000,2.000,raw_iq_followup/h01_hubsan_linked_full20_b210a_24/h01_hubsan_linked_full20_b210a_24_hubsan_linked/03_2430.000MHz.cfile,complex_int16_interleaved,0.250000,-25.003609,0.056210774,0.15228301,1.0831925e-06,-69.297731,-120.000000,50.702269,0.418084,0.001221
h01,h01_hubsan_linked_full20,h01_hubsan_linked_full20_b210a_24,h01_hubsan_linked_full20_b210a_24_hubsan_linked,hubsan_linked,1,0,2.4,b210a_24,4,2440000000,20000000,2.000,raw_iq_followup/h01_hubsan_linked_full20_b210a_24/h01_hubsan_linked_full20_b210a_24_hubsan_linked/04_2440.000MHz.cfile,complex_int16_interleaved,0.250000,-46.178064,0.0049101732,0.040882826,0.00016704057,-101.946318,-120.000000,18.053682,0.968093,0.000732
h01,h01_hubsan_linked_full20,h01_hubsan_linked_full20_b210a_24,h01_hubsan_linked_full20_b210a_24_hubsan_linked,hubsan_linked,1,0,2.4,b210a_24,5,2450000000,20000000,2.000,raw_iq_followup/h01_hubsan_linked_full20_b210a_24/h01_hubsan_linked_full20_b210a_24_hubsan_linked/05_2450.000MHz.cfile,complex_int16_interleaved,0.250000,-48.874170,0.0035999087,0.025220484,0.00025583998,-102.653262,-120.000000,17.346738,0.984959,0.000732
h01,h01_hubsan_linked_full20,h01_hubsan_linked_full20_b210a_24,h01_hubsan_linked_full20_b210a_24_hubsan_linked,hubsan_linked,1,0,2.4,b210a_24,6,2460000000,20000000,2.000,raw_iq_followup/h01_hubsan_linked_full20_b210a_24/h01_hubsan_linked_full20_b210a_24_hubsan_linked/06_2460.000MHz.cfile,complex_int16_interleaved,0.250000,-47.520127,0.0042072047,0.036399093,0.00012214104,-104.551403,-120.000000,15.448597,0.978693,0.000732
h01,h01_hubsan_linked_full20,h01_hubsan_linked_full20_b210a_24,h01_hubsan_linked_full20_b210a_24_hubsan_linked,hubsan_linked,1,0,2.4,b210a_24,7,2470000000,20000000,2.000,raw_iq_followup/h01_hubsan_linked_full20_b210a_24/h01_hubsan_linked_full20_b210a_24_hubsan_linked/07_2470.000MHz.cfile,complex_int16_interleaved,0.250000,-55.063983,0.001765228,0.014686028,0.00038764939,-107.680918,-120.000000,12.319082,0.998823,0.000732
h01,h01_hubsan_linked_full20,h01_hubsan_linked_full20_b210a_24,h01_hubsan_linked_full20_b210a_24_hubsan_linked,hubsan_linked,1,0,2.4,b210a_24,8,2480000000,20000000,2.000,raw_iq_followup/h01_hubsan_linked_full20_b210a_24/h01_hubsan_linked_full20_b210a_24_hubsan_linked/08_2480.000MHz.cfile,complex_int16_interleaved,0.250000,-55.510397,0.0016767954,0.016413804,0.00079391165,-104.251682,-120.000000,15.748318,0.996039,0.000732
h01,h01_hubsan_linked_full20,h01_hubsan_linked_full20_b210b_58,h01_hubsan_linked_full20_b210b_58_hubsan_linked,hubsan_linked,1,0,5.8,b210b_58,1,5735000000,20000000,2.000,raw_iq_followup/h01_hubsan_linked_full20_b210b_58/h01_hubsan_linked_full20_b210b_58_hubsan_linked/01_5735.000MHz.cfile,complex_int16_interleaved,0.250000,-56.967635,0.0014178104,0.019598298,0.0016486867,-102.403204,-120.000000,17.596796,0.993353,0.000732
h01,h01_hubsan_linked_full20,h01_hubsan_linked_full20_b210b_58,h01_hubsan_linked_full20_b210b_58_hubsan_linked,hubsan_linked,1,0,5.8,b210b_58,2,5745000000,20000000,2.000,raw_iq_followup/h01_hubsan_linked_full20_b210b_58/h01_hubsan_linked_full20_b210b_58_hubsan_linked/02_5745.000MHz.cfile,complex_int16_interleaved,0.250000,-56.397519,0.0015139933,0.021169281,0.0017698944,-101.420185,-120.000000,18.579815,0.991054,0.000732
h01,h01_hubsan_linked_full20,h01_hubsan_linked_full20_b210b_58,h01_hubsan_linked_full20_b210b_58_hubsan_linked,hubsan_linked,1,0,5.8,b210b_58,3,5755000000,20000000,2.000,raw_iq_followup/h01_hubsan_linked_full20_b210b_58/h01_hubsan_linked_full20_b210b_58_hubsan_linked/03_5755.000MHz.cfile,complex_int16_interleaved,0.250000,-56.808846,0.001443968,0.020237204,0.0016272574,-102.127379,-120.000000,17.872621,0.992756,0.000732
h01,h01_hubsan_linked_full20,h01_hubsan_linked_full20_b210b_58,h01_hubsan_linked_full20_b210b_58_hubsan_linked,hubsan_linked,1,0,5.8,b210b_58,4,5765000000,20000000,2.000,raw_iq_followup/h01_hubsan_linked_full20_b210b_58/h01_hubsan_linked_full20_b210b_58_hubsan_linked/04_5765.000MHz.cfile,complex_int16_interleaved,0.250000,-39.178518,0.010991934,0.024403093,1.678672e-05,-92.613240,-120.000000,27.386760,0.816765,0.004639
h01,h01_hubsan_linked_full20,h01_hubsan_linked_full20_b210b_58,h01_hubsan_linked_full20_b210b_58_hubsan_linked,hubsan_linked,1,0,5.8,b210b_58,5,5775000000,20000000,2.000,raw_iq_followup/h01_hubsan_linked_full20_b210b_58/h01_hubsan_linked_full20_b210b_58_hubsan_linked/05_5775.000MHz.cfile,complex_int16_interleaved,0.250000,-38.406402,0.012013786,0.029895546,2.2730278e-05,-91.992767,-120.000000,28.007233,0.820073,0.004395
h01,h01_hubsan_linked_full20,h01_hubsan_linked_full20_b210b_58,h01_hubsan_linked_full20_b210b_58_hubsan_linked,hubsan_linked,1,0,5.8,b210b_58,6,5785000000,20000000,2.000,raw_iq_followup/h01_hubsan_linked_full20_b210b_58/h01_hubsan_linked_full20_b210b_58_hubsan_linked/06_5785.000MHz.cfile,complex_int16_interleaved,0.250000,-56.877447,0.0014326085,0.013556985,0.0005122089,-107.230057,-120.000000,12.769943,0.998588,0.000732
h01,h01_hubsan_linked_full20,h01_hubsan_linked_full20_b210b_58,h01_hubsan_linked_full20_b210b_58_hubsan_linked,hubsan_linked,1,0,5.8,b210b_58,7,5795000000,20000000,2.000,raw_iq_followup/h01_hubsan_linked_full20_b210b_58/h01_hubsan_linked_full20_b210b_58_hubsan_linked/07_5795.000MHz.cfile,complex_int16_interleaved,0.250000,-57.574216,0.0013221754,0.014460051,0.00098743198,-105.135121,-120.000000,14.864879,0.997166,0.000732
h01,h01_hubsan_linked_full20,h01_hubsan_linked_full20_b210b_58,h01_hubsan_linked_full20_b210b_58_hubsan_linked,hubsan_linked,1,0,5.8,b210b_58,8,5805000000,20000000,2.000,raw_iq_followup/h01_hubsan_linked_full20_b210b_58/h01_hubsan_linked_full20_b210b_58_hubsan_linked/08_5805.000MHz.cfile,complex_int16_interleaved,0.250000,-58.031066,0.0012544304,0.010300304,0.0006341715,-108.049594,-120.000000,11.950406,0.998933,0.000732
h01,h01_hubsan_linked_full20,h01_hubsan_linked_full20_b210b_58,h01_hubsan_linked_full20_b210b_58_hubsan_linked,hubsan_linked,1,0,5.8,b210b_58,9,5815000000,20000000,2.000,raw_iq_followup/h01_hubsan_linked_full20_b210b_58/h01_hubsan_linked_full20_b210b_58_hubsan_linked/09_5815.000MHz.cfile,complex_int16_interleaved,0.250000,-58.060573,0.0012501762,0.0098748775,0.00057298835,-107.985822,-120.000000,12.014178,0.998907,0.000732
h01,h01_hubsan_linked_full20,h01_hubsan_linked_full20_b210b_58,h01_hubsan_linked_full20_b210b_58_hubsan_linked,hubsan_linked,1,0,5.8,b210b_58,10,5825000000,20000000,2.000,raw_iq_followup/h01_hubsan_linked_full20_b210b_58/h01_hubsan_linked_full20_b210b_58_hubsan_linked/10_5825.000MHz.cfile,complex_int16_interleaved,0.250000,-58.031109,0.0012544242,0.011272848,0.00063893309,-107.350966,-120.000000,12.649034,0.998639,0.000732
h01,h01_hubsan_linked_full20,h01_hubsan_linked_full20_b210b_58,h01_hubsan_linked_full20_b210b_58_hubsan_linked,hubsan_linked,1,0,5.8,b210b_58,11,5835000000,20000000,2.000,raw_iq_followup/h01_hubsan_linked_full20_b210b_58/h01_hubsan_linked_full20_b210b_58_hubsan_linked/11_5835.000MHz.cfile,complex_int16_interleaved,0.250000,-57.433513,0.0013437677,0.017122103,0.0014778624,-103.404748,-120.000000,16.595252,0.995107,0.000732
h01,h01_hubsan_linked_full20,h01_hubsan_linked_full20_b210b_58,h01_hubsan_linked_full20_b210b_58_hubsan_linked,hubsan_linked,1,0,5.8,b210b_58,12,5845000000,20000000,2.000,raw_iq_followup/h01_hubsan_linked_full20_b210b_58/h01_hubsan_linked_full20_b210b_58_hubsan_linked/12_5845.000MHz.cfile,complex_int16_interleaved,0.250000,-57.993781,0.0012598267,0.011809948,0.00070166458,-107.031851,-120.000000,12.968149,0.998482,0.000732
h01,h01_hubsan_linked_ranked8s,h01_hubsan_linked_ranked8s_b210a_24,h01_hubsan_linked_ranked8s_b210a_24_hubsan_linked,hubsan_linked,1,0,2.4,b210a_24,1,2420000000,20000000,2.000,raw_iq_followup/h01_hubsan_linked_ranked8s_b210a_24/h01_hubsan_linked_ranked8s_b210a_24_hubsan_linked/01_2420.000MHz.cfile,complex_int16_interleaved,0.250000,-25.344335,0.054048449,0.14361565,1.01412e-06,-69.805652,-118.500340,48.694689,0.430291,0.001709
h01,h01_hubsan_linked_ranked8s,h01_hubsan_linked_ranked8s_b210a_24,h01_hubsan_linked_ranked8s_b210a_24_hubsan_linked,hubsan_linked,1,0,2.4,b210a_24,2,2480000000,20000000,2.000,raw_iq_followup/h01_hubsan_linked_ranked8s_b210a_24/h01_hubsan_linked_ranked8s_b210a_24_hubsan_linked/02_2480.000MHz.cfile,complex_int16_interleaved,0.250000,-55.633589,0.0016531812,0.015748519,0.00084278223,-104.142122,-120.000000,15.857878,0.996001,0.000732
h01,h01_hubsan_linked_ranked8s,h01_hubsan_linked_ranked8s_b210a_24,h01_hubsan_linked_ranked8s_b210a_24_hubsan_linked,hubsan_linked,1,0,2.4,b210a_24,3,2470000000,20000000,2.000,raw_iq_followup/h01_hubsan_linked_ranked8s_b210a_24/h01_hubsan_linked_ranked8s_b210a_24_hubsan_linked/03_2470.000MHz.cfile,complex_int16_interleaved,0.250000,-55.266283,0.0017245897,0.012669243,0.00035154131,-108.014631,-120.000000,11.985369,0.998961,0.000732
h01,h01_hubsan_linked_ranked8s,h01_hubsan_linked_ranked8s_b210a_24,h01_hubsan_linked_ranked8s_b210a_24_hubsan_linked,hubsan_linked,1,0,2.4,b210a_24,4,2450000000,20000000,2.000,raw_iq_followup/h01_hubsan_linked_ranked8s_b210a_24/h01_hubsan_linked_ranked8s_b210a_24_hubsan_linked/04_2450.000MHz.cfile,complex_int16_interleaved,0.250000,-49.687272,0.0032782069,0.029784936,0.00032984273,-102.614741,-120.000000,17.385259,0.990899,0.000732
h01,h01_hubsan_linked_ranked8s,h01_hubsan_linked_ranked8s_b210b_58,h01_hubsan_linked_ranked8s_b210b_58_hubsan_linked,hubsan_linked,1,0,5.8,b210b_58,1,5775000000,20000000,2.000,raw_iq_followup/h01_hubsan_linked_ranked8s_b210b_58/h01_hubsan_linked_ranked8s_b210b_58_hubsan_linked/01_5775.000MHz.cfile,complex_int16_interleaved,0.250000,-39.322380,0.010811377,0.02672589,2.4058869e-05,-93.497155,-120.000000,26.502845,0.828937,0.005127
h01,h01_hubsan_linked_ranked8s,h01_hubsan_linked_ranked8s_b210b_58,h01_hubsan_linked_ranked8s_b210b_58_hubsan_linked,hubsan_linked,1,0,5.8,b210b_58,2,5735000000,20000000,2.000,raw_iq_followup/h01_hubsan_linked_ranked8s_b210b_58/h01_hubsan_linked_ranked8s_b210b_58_hubsan_linked/02_5735.000MHz.cfile,complex_int16_interleaved,0.250000,-57.001512,0.0014122913,0.01858037,0.0015833254,-102.701199,-120.000000,17.298801,0.993925,0.000732
h01,h01_hubsan_linked_ranked8s,h01_hubsan_linked_ranked8s_b210b_58,h01_hubsan_linked_ranked8s_b210b_58_hubsan_linked,hubsan_linked,1,0,5.8,b210b_58,3,5755000000,20000000,2.000,raw_iq_followup/h01_hubsan_linked_ranked8s_b210b_58/h01_hubsan_linked_ranked8s_b210b_58_hubsan_linked/03_5755.000MHz.cfile,complex_int16_interleaved,0.250000,-56.995304,0.001413301,0.019066453,0.0015862723,-102.790857,-120.000000,17.209143,0.994088,0.000732
h01,h01_hubsan_linked_ranked8s,h01_hubsan_linked_ranked8s_b210b_58,h01_hubsan_linked_ranked8s_b210b_58_hubsan_linked,hubsan_linked,1,0,5.8,b210b_58,4,5745000000,20000000,2.000,raw_iq_followup/h01_hubsan_linked_ranked8s_b210b_58/h01_hubsan_linked_ranked8s_b210b_58_hubsan_linked/04_5745.000MHz.cfile,complex_int16_interleaved,0.250000,-57.101647,0.0013961032,0.014820393,0.0010176855,-104.673614,-120.000000,15.326386,0.996703,0.000732
h01,h01_mavic_controller_only_full20,h01_mavic_controller_only_full20_b210a_24,h01_mavic_controller_only_full20_b210a_24_mavic_controller_only,mavic_controller_only,0,1,2.4,b210a_24,1,2410000000,20000000,2.000,raw_iq_followup/h01_mavic_controller_only_full20_b210a_24/h01_mavic_controller_only_full20_b210a_24_mavic_controller_only/01_2410.000MHz.cfile,complex_int16_interleaved,0.250000,-48.744458,0.0036540721,0.022848517,0.00027673108,-102.458290,-120.000000,17.541710,0.985547,0.000732
h01,h01_mavic_controller_only_full20,h01_mavic_controller_only_full20_b210a_24,h01_mavic_controller_only_full20_b210a_24_mavic_controller_only,mavic_controller_only,0,1,2.4,b210a_24,2,2420000000,20000000,2.000,raw_iq_followup/h01_mavic_controller_only_full20_b210a_24/h01_mavic_controller_only_full20_b210a_24_mavic_controller_only/02_2420.000MHz.cfile,complex_int16_interleaved,0.250000,-39.927737,0.010083543,0.11040844,3.918596e-05,-101.607410,-114.965737,13.358327,0.949488,0.005371
h01,h01_mavic_controller_only_full20,h01_mavic_controller_only_full20_b210a_24,h01_mavic_controller_only_full20_b210a_24_mavic_controller_only,mavic_controller_only,0,1,2.4,b210a_24,3,2430000000,20000000,2.000,raw_iq_followup/h01_mavic_controller_only_full20_b210a_24/h01_mavic_controller_only_full20_b210a_24_mavic_controller_only/03_2430.000MHz.cfile,complex_int16_interleaved,0.250000,-46.814681,0.0045631625,0.036906604,0.00015630852,-103.105108,-120.000000,16.894892,0.974405,0.000732
h01,h01_mavic_controller_only_full20,h01_mavic_controller_only_full20_b210a_24,h01_mavic_controller_only_full20_b210a_24_mavic_controller_only,mavic_controller_only,0,1,2.4,b210a_24,4,2440000000,20000000,2.000,raw_iq_followup/h01_mavic_controller_only_full20_b210a_24/h01_mavic_controller_only_full20_b210a_24_mavic_controller_only/04_2440.000MHz.cfile,complex_int16_interleaved,0.250000,-46.673182,0.0046381085,0.039919067,0.00019670206,-101.583197,-120.000000,18.416803,0.971182,0.000732
h01,h01_mavic_controller_only_full20,h01_mavic_controller_only_full20_b210a_24,h01_mavic_controller_only_full20_b210a_24_mavic_controller_only,mavic_controller_only,0,1,2.4,b210a_24,5,2450000000,20000000,2.000,raw_iq_followup/h01_mavic_controller_only_full20_b210a_24/h01_mavic_controller_only_full20_b210a_24_mavic_controller_only/05_2450.000MHz.cfile,complex_int16_interleaved,0.250000,-42.546724,0.0074587112,0.040487166,3.8669107e-05,-105.063792,-120.000000,14.936208,0.930024,0.145752
h01,h01_mavic_controller_only_full20,h01_mavic_controller_only_full20_b210a_24,h01_mavic_controller_only_full20_b210a_24_mavic_controller_only,mavic_controller_only,0,1,2.4,b210a_24,6,2460000000,20000000,2.000,raw_iq_followup/h01_mavic_controller_only_full20_b210a_24/h01_mavic_controller_only_full20_b210a_24_mavic_controller_only/06_2460.000MHz.cfile,complex_int16_interleaved,0.250000,-46.218324,0.0048874665,0.04151075,0.00013902274,-102.574530,-120.000000,17.425470,0.970300,0.000732
h01,h01_mavic_controller_only_full20,h01_mavic_controller_only_full20_b210a_24,h01_mavic_controller_only_full20_b210a_24_mavic_controller_only,mavic_controller_only,0,1,2.4,b210a_24,7,2470000000,20000000,2.000,raw_iq_followup/h01_mavic_controller_only_full20_b210a_24/h01_mavic_controller_only_full20_b210a_24_mavic_controller_only/07_2470.000MHz.cfile,complex_int16_interleaved,0.250000,-55.409930,0.0016963029,0.013336426,0.00059890049,-105.846041,-120.000000,14.153959,0.997800,0.000732
h01,h01_mavic_controller_only_full20,h01_mavic_controller_only_full20_b210a_24,h01_mavic_controller_only_full20_b210a_24_mavic_controller_only,mavic_controller_only,0,1,2.4,b210a_24,8,2480000000,20000000,2.000,raw_iq_followup/h01_mavic_controller_only_full20_b210a_24/h01_mavic_controller_only_full20_b210a_24_mavic_controller_only/08_2480.000MHz.cfile,complex_int16_interleaved,0.250000,-55.387968,0.0017005975,0.01606141,0.00077620292,-104.124031,-120.000000,15.875969,0.995736,0.000732
h01,h01_mavic_controller_only_full20,h01_mavic_controller_only_full20_b210b_58,h01_mavic_controller_only_full20_b210b_58_mavic_controller_only,mavic_controller_only,0,1,5.8,b210b_58,1,5735000000,20000000,2.000,raw_iq_followup/h01_mavic_controller_only_full20_b210b_58/h01_mavic_controller_only_full20_b210b_58_mavic_controller_only/01_5735.000MHz.cfile,complex_int16_interleaved,0.250000,-57.222991,0.001376735,0.017117722,0.0013131886,-103.593570,-120.000000,16.406430,0.995384,0.000732
h01,h01_mavic_controller_only_full20,h01_mavic_controller_only_full20_b210b_58,h01_mavic_controller_only_full20_b210b_58_mavic_controller_only,mavic_controller_only,0,1,5.8,b210b_58,2,5745000000,20000000,2.000,raw_iq_followup/h01_mavic_controller_only_full20_b210b_58/h01_mavic_controller_only_full20_b210b_58_mavic_controller_only/02_5745.000MHz.cfile,complex_int16_interleaved,0.250000,-56.863230,0.0014349553,0.01663208,0.0010735481,-103.897758,-120.000000,16.102242,0.995800,0.000732
h01,h01_mavic_controller_only_full20,h01_mavic_controller_only_full20_b210b_58,h01_mavic_controller_only_full20_b210b_58_mavic_controller_only,mavic_controller_only,0,1,5.8,b210b_58,3,5755000000,20000000,2.000,raw_iq_followup/h01_mavic_controller_only_full20_b210b_58/h01_mavic_controller_only_full20_b210b_58_mavic_controller_only/03_5755.000MHz.cfile,complex_int16_interleaved,0.250000,-56.785765,0.0014478102,0.019628663,0.0017384188,-102.171436,-120.000000,17.828564,0.992856,0.000732
h01,h01_mavic_controller_only_full20,h01_mavic_controller_only_full20_b210b_58,h01_mavic_controller_only_full20_b210b_58_mavic_controller_only,mavic_controller_only,0,1,5.8,b210b_58,4,5765000000,20000000,2.000,raw_iq_followup/h01_mavic_controller_only_full20_b210b_58/h01_mavic_controller_only_full20_b210b_58_mavic_controller_only/04_5765.000MHz.cfile,complex_int16_interleaved,0.250000,-57.378448,0.0013523138,0.018307317,0.0016062948,-103.056517,-120.000000,16.943483,0.994540,0.000732
h01,h01_mavic_controller_only_full20,h01_mavic_controller_only_full20_b210b_58,h01_mavic_controller_only_full20_b210b_58_mavic_controller_only,mavic_controller_only,0,1,5.8,b210b_58,5,5775000000,20000000,2.000,raw_iq_followup/h01_mavic_controller_only_full20_b210b_58/h01_mavic_controller_only_full20_b210b_58_mavic_controller_only/05_5775.000MHz.cfile,complex_int16_interleaved,0.250000,-57.078747,0.0013997889,0.019506844,0.0017665399,-102.214040,-120.000000,17.785960,0.992951,0.000732
h01,h01_mavic_controller_only_full20,h01_mavic_controller_only_full20_b210b_58,h01_mavic_controller_only_full20_b210b_58_mavic_controller_only,mavic_controller_only,0,1,5.8,b210b_58,6,5785000000,20000000,2.000,raw_iq_followup/h01_mavic_controller_only_full20_b210b_58/h01_mavic_controller_only_full20_b210b_58_mavic_controller_only/06_5785.000MHz.cfile,complex_int16_interleaved,0.250000,-56.991230,0.0014139641,0.0186572,0.0015325025,-102.709555,-120.000000,17.290445,0.993939,0.000732
h01,h01_mavic_controller_only_full20,h01_mavic_controller_only_full20_b210b_58,h01_mavic_controller_only_full20_b210b_58_mavic_controller_only,mavic_controller_only,0,1,5.8,b210b_58,7,5795000000,20000000,2.000,raw_iq_followup/h01_mavic_controller_only_full20_b210b_58/h01_mavic_controller_only_full20_b210b_58_mavic_controller_only/07_5795.000MHz.cfile,complex_int16_interleaved,0.250000,-57.970110,0.0012632647,0.0099590225,0.00051115011,-108.230727,-120.000000,11.769273,0.998998,0.000732
h01,h01_mavic_controller_only_full20,h01_mavic_controller_only_full20_b210b_58,h01_mavic_controller_only_full20_b210b_58_mavic_controller_only,mavic_controller_only,0,1,5.8,b210b_58,8,5805000000,20000000,2.000,raw_iq_followup/h01_mavic_controller_only_full20_b210b_58/h01_mavic_controller_only_full20_b210b_58_mavic_controller_only/08_5805.000MHz.cfile,complex_int16_interleaved,0.250000,-57.619065,0.001315366,0.01490861,0.001139632,-104.722804,-120.000000,15.277196,0.996768,0.000732
h01,h01_mavic_controller_only_full20,h01_mavic_controller_only_full20_b210b_58,h01_mavic_controller_only_full20_b210b_58_mavic_controller_only,mavic_controller_only,0,1,5.8,b210b_58,9,5815000000,20000000,2.000,raw_iq_followup/h01_mavic_controller_only_full20_b210b_58/h01_mavic_controller_only_full20_b210b_58_mavic_controller_only/09_5815.000MHz.cfile,complex_int16_interleaved,0.250000,-57.588564,0.0013199932,0.016149336,0.0012127882,-104.301019,-120.000000,15.698981,0.996298,0.000732
h01,h01_mavic_controller_only_full20,h01_mavic_controller_only_full20_b210b_58,h01_mavic_controller_only_full20_b210b_58_mavic_controller_only,mavic_controller_only,0,1,5.8,b210b_58,10,5825000000,20000000,2.000,raw_iq_followup/h01_mavic_controller_only_full20_b210b_58/h01_mavic_controller_only_full20_b210b_58_mavic_controller_only/10_5825.000MHz.cfile,complex_int16_interleaved,0.250000,-57.166217,0.0013857633,0.019267011,0.0017108499,-102.242102,-120.000000,17.757898,0.993004,0.000732
h01,h01_mavic_controller_only_full20,h01_mavic_controller_only_full20_b210b_58,h01_mavic_controller_only_full20_b210b_58_mavic_controller_only,mavic_controller_only,0,1,5.8,b210b_58,11,5835000000,20000000,2.000,raw_iq_followup/h01_mavic_controller_only_full20_b210b_58/h01_mavic_controller_only_full20_b210b_58_mavic_controller_only/11_5835.000MHz.cfile,complex_int16_interleaved,0.250000,-57.615870,0.00131585,0.015262207,0.0012280346,-104.337618,-120.000000,15.662382,0.996351,0.000732
h01,h01_mavic_controller_only_full20,h01_mavic_controller_only_full20_b210b_58,h01_mavic_controller_only_full20_b210b_58_mavic_controller_only,mavic_controller_only,0,1,5.8,b210b_58,12,5845000000,20000000,2.000,raw_iq_followup/h01_mavic_controller_only_full20_b210b_58/h01_mavic_controller_only_full20_b210b_58_mavic_controller_only/12_5845.000MHz.cfile,complex_int16_interleaved,0.250000,-57.753741,0.0012951283,0.014680954,0.0010999228,-105.184792,-120.000000,14.815208,0.997209,0.000732
h01,h01_mavic_controller_only_ranked8s,h01_mavic_controller_only_ranked8s_b210a_24,h01_mavic_controller_only_ranked8s_b210a_24_mavic_controller_only,mavic_controller_only,0,1,2.4,b210a_24,1,2420000000,20000000,2.000,raw_iq_followup/h01_mavic_controller_only_ranked8s_b210a_24/h01_mavic_controller_only_ranked8s_b210a_24_mavic_controller_only/01_2420.000MHz.cfile,complex_int16_interleaved,0.250000,-49.129432,0.0034956536,0.024890991,0.00025083202,-102.983255,-120.000000,17.016745,0.990989,0.000732
h01,h01_mavic_controller_only_ranked8s,h01_mavic_controller_only_ranked8s_b210a_24,h01_mavic_controller_only_ranked8s_b210a_24_mavic_controller_only,mavic_controller_only,0,1,2.4,b210a_24,2,2480000000,20000000,2.000,raw_iq_followup/h01_mavic_controller_only_ranked8s_b210a_24/h01_mavic_controller_only_ranked8s_b210a_24_mavic_controller_only/02_2480.000MHz.cfile,complex_int16_interleaved,0.250000,-55.052006,0.0017676636,0.016172359,0.00084945741,-103.630212,-120.000000,16.369788,0.994729,0.000732
h01,h01_mavic_controller_only_ranked8s,h01_mavic_controller_only_ranked8s_b210a_24,h01_mavic_controller_only_ranked8s_b210a_24_mavic_controller_only,mavic_controller_only,0,1,2.4,b210a_24,3,2470000000,20000000,2.000,raw_iq_followup/h01_mavic_controller_only_ranked8s_b210a_24/h01_mavic_controller_only_ranked8s_b210a_24_mavic_controller_only/03_2470.000MHz.cfile,complex_int16_interleaved,0.250000,-55.447576,0.0016889668,0.015081489,0.00077901393,-104.649124,-120.000000,15.350876,0.996740,0.000732
h01,h01_mavic_controller_only_ranked8s,h01_mavic_controller_only_ranked8s_b210a_24,h01_mavic_controller_only_ranked8s_b210a_24_mavic_controller_only,mavic_controller_only,0,1,2.4,b210a_24,4,2450000000,20000000,2.000,raw_iq_followup/h01_mavic_controller_only_ranked8s_b210a_24/h01_mavic_controller_only_ranked8s_b210a_24_mavic_controller_only/04_2450.000MHz.cfile,complex_int16_interleaved,0.250000,-41.299411,0.0086105217,0.040182844,5.6931716e-05,-101.625905,-120.000000,18.374095,0.918159,0.051758
h01,h01_mavic_controller_only_ranked8s,h01_mavic_controller_only_ranked8s_b210b_58,h01_mavic_controller_only_ranked8s_b210b_58_mavic_controller_only,mavic_controller_only,0,1,5.8,b210b_58,1,5775000000,20000000,2.000,raw_iq_followup/h01_mavic_controller_only_ranked8s_b210b_58/h01_mavic_controller_only_ranked8s_b210b_58_mavic_controller_only/01_5775.000MHz.cfile,complex_int16_interleaved,0.250000,-57.585907,0.0013203969,0.014778072,0.0011632686,-104.652759,-120.000000,15.347241,0.996695,0.000732
h01,h01_mavic_controller_only_ranked8s,h01_mavic_controller_only_ranked8s_b210b_58,h01_mavic_controller_only_ranked8s_b210b_58_mavic_controller_only,mavic_controller_only,0,1,5.8,b210b_58,2,5735000000,20000000,2.000,raw_iq_followup/h01_mavic_controller_only_ranked8s_b210b_58/h01_mavic_controller_only_ranked8s_b210b_58_mavic_controller_only/02_5735.000MHz.cfile,complex_int16_interleaved,0.250000,-56.929458,0.0014240558,0.019099226,0.0017497491,-102.402830,-120.000000,17.597170,0.993342,0.000732
h01,h01_mavic_controller_only_ranked8s,h01_mavic_controller_only_ranked8s_b210b_58,h01_mavic_controller_only_ranked8s_b210b_58_mavic_controller_only,mavic_controller_only,0,1,5.8,b210b_58,3,5755000000,20000000,2.000,raw_iq_followup/h01_mavic_controller_only_ranked8s_b210b_58/h01_mavic_controller_only_ranked8s_b210b_58_mavic_controller_only/03_5755.000MHz.cfile,complex_int16_interleaved,0.250000,-57.300734,0.0013644674,0.015693514,0.0010543465,-104.671479,-120.000000,15.328521,0.996712,0.000732
h01,h01_mavic_controller_only_ranked8s,h01_mavic_controller_only_ranked8s_b210b_58,h01_mavic_controller_only_ranked8s_b210b_58_mavic_controller_only,mavic_controller_only,0,1,5.8,b210b_58,4,5745000000,20000000,2.000,raw_iq_followup/h01_mavic_controller_only_ranked8s_b210b_58/h01_mavic_controller_only_ranked8s_b210b_58_mavic_controller_only/04_5745.000MHz.cfile,complex_int16_interleaved,0.250000,-57.149275,0.0013884688,0.013681714,0.00080744215,-105.719242,-120.000000,14.280758,0.997656,0.000732
h01,h01_mavic_linked_full20,h01_mavic_linked_full20_b210a_24,h01_mavic_linked_full20_b210a_24_mavic_linked,mavic_linked,1,0,2.4,b210a_24,1,2410000000,20000000,2.000,raw_iq_followup/h01_mavic_linked_full20_b210a_24/h01_mavic_linked_full20_b210a_24_mavic_linked/01_2410.000MHz.cfile,complex_int16_interleaved,0.250000,-50.560406,0.0029646926,0.02937196,0.0003599566,-103.239185,-120.000000,16.760815,0.993535,0.000732
h01,h01_mavic_linked_full20,h01_mavic_linked_full20_b210a_24,h01_mavic_linked_full20_b210a_24_mavic_linked,mavic_linked,1,0,2.4,b210a_24,2,2420000000,20000000,2.000,raw_iq_followup/h01_mavic_linked_full20_b210a_24/h01_mavic_linked_full20_b210a_24_mavic_linked/02_2420.000MHz.cfile,complex_int16_interleaved,0.250000,-49.197922,0.0034681982,0.035617415,0.0001474391,-105.575121,-120.000000,14.424879,0.993351,0.000732
h01,h01_mavic_linked_full20,h01_mavic_linked_full20_b210a_24,h01_mavic_linked_full20_b210a_24_mavic_linked,mavic_linked,1,0,2.4,b210a_24,3,2430000000,20000000,2.000,raw_iq_followup/h01_mavic_linked_full20_b210a_24/h01_mavic_linked_full20_b210a_24_mavic_linked/03_2430.000MHz.cfile,complex_int16_interleaved,0.250000,-47.147998,0.0043913707,0.038859915,0.00016321862,-103.199437,-120.000000,16.800563,0.981072,0.000732
h01,h01_mavic_linked_full20,h01_mavic_linked_full20_b210a_24,h01_mavic_linked_full20_b210a_24_mavic_linked,mavic_linked,1,0,2.4,b210a_24,4,2440000000,20000000,2.000,raw_iq_followup/h01_mavic_linked_full20_b210a_24/h01_mavic_linked_full20_b210a_24_mavic_linked/04_2440.000MHz.cfile,complex_int16_interleaved,0.250000,-45.824749,0.0051140216,0.040675271,0.00012842606,-102.668888,-120.000000,17.331112,0.969196,0.000732
h01,h01_mavic_linked_full20,h01_mavic_linked_full20_b210a_24,h01_mavic_linked_full20_b210a_24_mavic_linked,mavic_linked,1,0,2.4,b210a_24,5,2450000000,20000000,2.000,raw_iq_followup/h01_mavic_linked_full20_b210a_24/h01_mavic_linked_full20_b210a_24_mavic_linked/05_2450.000MHz.cfile,complex_int16_interleaved,0.250000,-48.673258,0.0036841479,0.033749875,0.00023319372,-102.912834,-120.000000,17.087166,0.986328,0.000732
h01,h01_mavic_linked_full20,h01_mavic_linked_full20_b210a_24,h01_mavic_linked_full20_b210a_24_mavic_linked,mavic_linked,1,0,2.4,b210a_24,6,2460000000,20000000,2.000,raw_iq_followup/h01_mavic_linked_full20_b210a_24/h01_mavic_linked_full20_b210a_24_mavic_linked/06_2460.000MHz.cfile,complex_int16_interleaved,0.250000,-48.211332,0.0038853792,0.037569109,0.00018122229,-103.499352,-120.000000,16.500648,0.985616,0.000732
h01,h01_mavic_linked_full20,h01_mavic_linked_full20_b210a_24,h01_mavic_linked_full20_b210a_24_mavic_linked,mavic_linked,1,0,2.4,b210a_24,7,2470000000,20000000,2.000,raw_iq_followup/h01_mavic_linked_full20_b210a_24/h01_mavic_linked_full20_b210a_24_mavic_linked/07_2470.000MHz.cfile,complex_int16_interleaved,0.250000,-54.609989,0.0018599467,0.015987484,0.00041734476,-106.533964,-120.000000,13.466036,0.998256,0.000732
h01,h01_mavic_linked_full20,h01_mavic_linked_full20_b210a_24,h01_mavic_linked_full20_b210a_24_mavic_linked,mavic_linked,1,0,2.4,b210a_24,8,2480000000,20000000,2.000,raw_iq_followup/h01_mavic_linked_full20_b210a_24/h01_mavic_linked_full20_b210a_24_mavic_linked/08_2480.000MHz.cfile,complex_int16_interleaved,0.250000,-54.697780,0.0018412422,0.024089642,0.0006715179,-104.095396,-120.000000,15.904604,0.994710,0.000732
h01,h01_mavic_linked_full20,h01_mavic_linked_full20_b210b_58,h01_mavic_linked_full20_b210b_58_mavic_linked,mavic_linked,1,0,5.8,b210b_58,1,5735000000,20000000,2.000,raw_iq_followup/h01_mavic_linked_full20_b210b_58/h01_mavic_linked_full20_b210b_58_mavic_linked/01_5735.000MHz.cfile,complex_int16_interleaved,0.250000,-26.729544,0.046081098,0.40674135,1.6055724e-06,-83.813561,-120.000000,36.186439,0.721847,0.038818
h01,h01_mavic_linked_full20,h01_mavic_linked_full20_b210b_58,h01_mavic_linked_full20_b210b_58_mavic_linked,mavic_linked,1,0,5.8,b210b_58,2,5745000000,20000000,2.000,raw_iq_followup/h01_mavic_linked_full20_b210b_58/h01_mavic_linked_full20_b210b_58_mavic_linked/02_5745.000MHz.cfile,complex_int16_interleaved,0.250000,-22.388493,0.075958316,0.45813179,6.2199196e-07,-82.854674,-120.000000,37.145326,0.799892,0.096436
h01,h01_mavic_linked_full20,h01_mavic_linked_full20_b210b_58,h01_mavic_linked_full20_b210b_58_mavic_linked,mavic_linked,1,0,5.8,b210b_58,3,5755000000,20000000,2.000,raw_iq_followup/h01_mavic_linked_full20_b210b_58/h01_mavic_linked_full20_b210b_58_mavic_linked/03_5755.000MHz.cfile,complex_int16_interleaved,0.250000,-28.196129,0.038921857,0.35914344,2.1105639e-06,-84.665216,-120.000000,35.334784,0.722958,0.029297
h01,h01_mavic_linked_full20,h01_mavic_linked_full20_b210b_58,h01_mavic_linked_full20_b210b_58_mavic_linked,mavic_linked,1,0,5.8,b210b_58,4,5765000000,20000000,2.000,raw_iq_followup/h01_mavic_linked_full20_b210b_58/h01_mavic_linked_full20_b210b_58_mavic_linked/04_5765.000MHz.cfile,complex_int16_interleaved,0.250000,-56.671428,0.0014669946,0.019096909,0.0015116529,-102.646742,-120.000000,17.353258,0.993825,0.000732
h01,h01_mavic_linked_full20,h01_mavic_linked_full20_b210b_58,h01_mavic_linked_full20_b210b_58_mavic_linked,mavic_linked,1,0,5.8,b210b_58,5,5775000000,20000000,2.000,raw_iq_followup/h01_mavic_linked_full20_b210b_58/h01_mavic_linked_full20_b210b_58_mavic_linked/05_5775.000MHz.cfile,complex_int16_interleaved,0.250000,-56.367551,0.0015192259,0.017201088,0.00119378,-103.505042,-120.000000,16.494958,0.995259,0.000732
h01,h01_mavic_linked_full20,h01_mavic_linked_full20_b210b_58,h01_mavic_linked_full20_b210b_58_mavic_linked,mavic_linked,1,0,5.8,b210b_58,6,5785000000,20000000,2.000,raw_iq_followup/h01_mavic_linked_full20_b210b_58/h01_mavic_linked_full20_b210b_58_mavic_linked/06_5785.000MHz.cfile,complex_int16_interleaved,0.250000,-56.040331,0.0015775509,0.012695312,0.00054300312,-106.552861,-120.000000,13.447139,0.998216,0.000732
h01,h01_mavic_linked_full20,h01_mavic_linked_full20_b210b_58,h01_mavic_linked_full20_b210b_58_mavic_linked,mavic_linked,1,0,5.8,b210b_58,7,5795000000,20000000,2.000,raw_iq_followup/h01_mavic_linked_full20_b210b_58/h01_mavic_linked_full20_b210b_58_mavic_linked/07_5795.000MHz.cfile,complex_int16_interleaved,0.250000,-56.020521,0.0015811529,0.0083169779,0.00012862153,-111.350356,-120.000000,8.649644,0.999687,0.000732
h01,h01_mavic_linked_full20,h01_mavic_linked_full20_b210b_58,h01_mavic_linked_full20_b210b_58_mavic_linked,mavic_linked,1,0,5.8,b210b_58,8,5805000000,20000000,2.000,raw_iq_followup/h01_mavic_linked_full20_b210b_58/h01_mavic_linked_full20_b210b_58_mavic_linked/08_5805.000MHz.cfile,complex_int16_interleaved,0.250000,-56.734120,0.0014564444,0.009765625,0.00029466123,-109.135944,-120.000000,10.864056,0.999270,0.000732
h01,h01_mavic_linked_full20,h01_mavic_linked_full20_b210b_58,h01_mavic_linked_full20_b210b_58_mavic_linked,mavic_linked,1,0,5.8,b210b_58,9,5815000000,20000000,2.000,raw_iq_followup/h01_mavic_linked_full20_b210b_58/h01_mavic_linked_full20_b210b_58_mavic_linked/09_5815.000MHz.cfile,complex_int16_interleaved,0.250000,-57.309146,0.0013631467,0.014850494,0.0010053079,-104.788862,-120.000000,15.211138,0.996831,0.000732
h01,h01_mavic_linked_full20,h01_mavic_linked_full20_b210b_58,h01_mavic_linked_full20_b210b_58_mavic_linked,mavic_linked,1,0,5.8,b210b_58,10,5825000000,20000000,2.000,raw_iq_followup/h01_mavic_linked_full20_b210b_58/h01_mavic_linked_full20_b210b_58_mavic_linked/10_5825.000MHz.cfile,complex_int16_interleaved,0.250000,-57.654730,0.0013099761,0.013219713,0.00090956766,-105.690332,-120.000000,14.309668,0.997634,0.000732
h01,h01_mavic_linked_full20,h01_mavic_linked_full20_b210b_58,h01_mavic_linked_full20_b210b_58_mavic_linked,mavic_linked,1,0,5.8,b210b_58,11,5835000000,20000000,2.000,raw_iq_followup/h01_mavic_linked_full20_b210b_58/h01_mavic_linked_full20_b210b_58_mavic_linked/11_5835.000MHz.cfile,complex_int16_interleaved,0.250000,-58.028448,0.0012548085,0.0089102965,0.00034834505,-109.350429,-120.000000,10.649571,0.999328,0.000732
h01,h01_mavic_linked_full20,h01_mavic_linked_full20_b210b_58,h01_mavic_linked_full20_b210b_58_mavic_linked,mavic_linked,1,0,5.8,b210b_58,12,5845000000,20000000,2.000,raw_iq_followup/h01_mavic_linked_full20_b210b_58/h01_mavic_linked_full20_b210b_58_mavic_linked/12_5845.000MHz.cfile,complex_int16_interleaved,0.250000,-58.100048,0.0012445073,0.0078732986,0.00036291628,-109.624734,-120.000000,10.375266,0.999393,0.000732
h01,h01_mavic_linked_ranked8s,h01_mavic_linked_ranked8s_b210a_24,h01_mavic_linked_ranked8s_b210a_24_mavic_linked,mavic_linked,1,0,2.4,b210a_24,1,2420000000,20000000,2.000,raw_iq_followup/h01_mavic_linked_ranked8s_b210a_24/h01_mavic_linked_ranked8s_b210a_24_mavic_linked/01_2420.000MHz.cfile,complex_int16_interleaved,0.250000,-50.590002,0.0029546082,0.035964601,0.00013230025,-107.382803,-120.000000,12.617197,0.996973,0.000732
h01,h01_mavic_linked_ranked8s,h01_mavic_linked_ranked8s_b210a_24,h01_mavic_linked_ranked8s_b210a_24_mavic_linked,mavic_linked,1,0,2.4,b210a_24,2,2480000000,20000000,2.000,raw_iq_followup/h01_mavic_linked_ranked8s_b210a_24/h01_mavic_linked_ranked8s_b210a_24_mavic_linked/02_2480.000MHz.cfile,complex_int16_interleaved,0.250000,-54.426474,0.0018996615,0.026430408,0.00073998047,-103.637357,-120.000000,16.362643,0.993498,0.000732
h01,h01_mavic_linked_ranked8s,h01_mavic_linked_ranked8s_b210a_24,h01_mavic_linked_ranked8s_b210a_24_mavic_linked,mavic_linked,1,0,2.4,b210a_24,3,2470000000,20000000,2.000,raw_iq_followup/h01_mavic_linked_ranked8s_b210a_24/h01_mavic_linked_ranked8s_b210a_24_mavic_linked/03_2470.000MHz.cfile,complex_int16_interleaved,0.250000,-55.639240,0.001652106,0.01787989,0.0011321213,-103.050860,-120.000000,16.949140,0.994593,0.000732
h01,h01_mavic_linked_ranked8s,h01_mavic_linked_ranked8s_b210a_24,h01_mavic_linked_ranked8s_b210a_24_mavic_linked,mavic_linked,1,0,2.4,b210a_24,4,2450000000,20000000,2.000,raw_iq_followup/h01_mavic_linked_ranked8s_b210a_24/h01_mavic_linked_ranked8s_b210a_24_mavic_linked/04_2450.000MHz.cfile,complex_int16_interleaved,0.250000,-46.722553,0.0046118197,0.042445771,0.00014436033,-103.219240,-120.000000,16.780760,0.970299,0.000732
h01,h01_mavic_linked_ranked8s,h01_mavic_linked_ranked8s_b210b_58,h01_mavic_linked_ranked8s_b210b_58_mavic_linked,mavic_linked,1,0,5.8,b210b_58,1,5775000000,20000000,2.000,raw_iq_followup/h01_mavic_linked_ranked8s_b210b_58/h01_mavic_linked_ranked8s_b210b_58_mavic_linked/01_5775.000MHz.cfile,complex_int16_interleaved,0.250000,-56.301175,0.00153088,0.020025484,0.0014417339,-102.383074,-120.000000,17.616926,0.993314,0.000732
h01,h01_mavic_linked_ranked8s,h01_mavic_linked_ranked8s_b210b_58,h01_mavic_linked_ranked8s_b210b_58_mavic_linked,mavic_linked,1,0,5.8,b210b_58,2,5735000000,20000000,2.000,raw_iq_followup/h01_mavic_linked_ranked8s_b210b_58/h01_mavic_linked_ranked8s_b210b_58_mavic_linked/02_5735.000MHz.cfile,complex_int16_interleaved,0.250000,-28.012616,0.039752934,0.37228525,2.0637711e-06,-85.510206,-120.000000,34.489794,0.726141,0.047852
h01,h01_mavic_linked_ranked8s,h01_mavic_linked_ranked8s_b210b_58,h01_mavic_linked_ranked8s_b210b_58_mavic_linked,mavic_linked,1,0,5.8,b210b_58,3,5755000000,20000000,2.000,raw_iq_followup/h01_mavic_linked_ranked8s_b210b_58/h01_mavic_linked_ranked8s_b210b_58_mavic_linked/03_5755.000MHz.cfile,complex_int16_interleaved,0.250000,-27.683194,0.041289564,0.34394684,1.105764e-06,-84.320408,-120.000000,35.679592,0.723905,0.032471
h01,h01_mavic_linked_ranked8s,h01_mavic_linked_ranked8s_b210b_58,h01_mavic_linked_ranked8s_b210b_58_mavic_linked,mavic_linked,1,0,5.8,b210b_58,4,5745000000,20000000,2.000,raw_iq_followup/h01_mavic_linked_ranked8s_b210b_58/h01_mavic_linked_ranked8s_b210b_58_mavic_linked/04_5745.000MHz.cfile,complex_int16_interleaved,0.250000,-22.144631,0.078121114,0.55213547,3.6404583e-07,-82.613959,-120.000000,37.386041,0.800289,0.096436
h02,h02_hubsan_controller_only_full20,h02_hubsan_controller_only_full20_b210a_24,h02_hubsan_controller_only_full20_b210a_24_hubsan_controller_only,hubsan_controller_only,0,1,2.4,b210a_24,1,2410000000,20000000,2.000,raw_iq_followup/h02_hubsan_controller_only_full20_b210a_24/h02_hubsan_controller_only_full20_b210a_24_hubsan_controller_only/01_2410.000MHz.cfile,complex_int16_interleaved,0.250000,-50.824336,0.0028759622,0.023845479,0.00039222388,-102.902972,-120.000000,17.097028,0.993954,0.000732
h02,h02_hubsan_controller_only_full20,h02_hubsan_controller_only_full20_b210a_24,h02_hubsan_controller_only_full20_b210a_24_hubsan_controller_only,hubsan_controller_only,0,1,2.4,b210a_24,2,2420000000,20000000,2.000,raw_iq_followup/h02_hubsan_controller_only_full20_b210a_24/h02_hubsan_controller_only_full20_b210a_24_hubsan_controller_only/02_2420.000MHz.cfile,complex_int16_interleaved,0.250000,-30.871593,0.028603578,0.08650095,2.6678598e-06,-75.735308,-120.000000,44.264692,0.441224,0.001465
h02,h02_hubsan_controller_only_full20,h02_hubsan_controller_only_full20_b210a_24,h02_hubsan_controller_only_full20_b210a_24_hubsan_controller_only,hubsan_controller_only,0,1,2.4,b210a_24,3,2430000000,20000000,2.000,raw_iq_followup/h02_hubsan_controller_only_full20_b210a_24/h02_hubsan_controller_only_full20_b210a_24_hubsan_controller_only/03_2430.000MHz.cfile,complex_int16_interleaved,0.250000,-29.925372,0.031895645,0.094423302,2.283504e-06,-74.920803,-120.000000,45.079197,0.436897,0.001465
h02,h02_hubsan_controller_only_full20,h02_hubsan_controller_only_full20_b210a_24,h02_hubsan_controller_only_full20_b210a_24_hubsan_controller_only,hubsan_controller_only,0,1,2.4,b210a_24,4,2440000000,20000000,2.000,raw_iq_followup/h02_hubsan_controller_only_full20_b210a_24/h02_hubsan_controller_only_full20_b210a_24_hubsan_controller_only/04_2440.000MHz.cfile,complex_int16_interleaved,0.250000,-48.487672,0.0037637121,0.02995031,0.00027154132,-102.193759,-120.000000,17.806241,0.983916,0.000732
h02,h02_hubsan_controller_only_full20,h02_hubsan_controller_only_full20_b210a_24,h02_hubsan_controller_only_full20_b210a_24_hubsan_controller_only,hubsan_controller_only,0,1,2.4,b210a_24,5,2450000000,20000000,2.000,raw_iq_followup/h02_hubsan_controller_only_full20_b210a_24/h02_hubsan_controller_only_full20_b210a_24_hubsan_controller_only/05_2450.000MHz.cfile,complex_int16_interleaved,0.250000,-49.836713,0.0032222877,0.023433466,0.00047424234,-101.055697,-120.000000,18.944303,0.987396,0.000732
h02,h02_hubsan_controller_only_full20,h02_hubsan_controller_only_full20_b210a_24,h02_hubsan_controller_only_full20_b210a_24_hubsan_controller_only,hubsan_controller_only,0,1,2.4,b210a_24,6,2460000000,20000000,2.000,raw_iq_followup/h02_hubsan_controller_only_full20_b210a_24/h02_hubsan_controller_only_full20_b210a_24_hubsan_controller_only/06_2460.000MHz.cfile,complex_int16_interleaved,0.250000,-49.481806,0.0033566781,0.027476432,0.00028421438,-102.718866,-120.000000,17.281134,0.992578,0.000732
h02,h02_hubsan_controller_only_full20,h02_hubsan_controller_only_full20_b210a_24,h02_hubsan_controller_only_full20_b210a_24_hubsan_controller_only,hubsan_controller_only,0,1,2.4,b210a_24,7,2470000000,20000000,2.000,raw_iq_followup/h02_hubsan_controller_only_full20_b210a_24/h02_hubsan_controller_only_full20_b210a_24_hubsan_controller_only/07_2470.000MHz.cfile,complex_int16_interleaved,0.250000,-54.214271,0.0019466434,0.024006629,0.0014852653,-100.345831,-120.000000,19.654169,0.987794,0.000732
h02,h02_hubsan_controller_only_full20,h02_hubsan_controller_only_full20_b210a_24,h02_hubsan_controller_only_full20_b210a_24_hubsan_controller_only,hubsan_controller_only,0,1,2.4,b210a_24,8,2480000000,20000000,2.000,raw_iq_followup/h02_hubsan_controller_only_full20_b210a_24/h02_hubsan_controller_only_full20_b210a_24_hubsan_controller_only/08_2480.000MHz.cfile,complex_int16_interleaved,0.250000,-54.382461,0.0019093119,0.02334898,0.00099993713,-102.155809,-120.000000,17.844191,0.991150,0.000732
h02,h02_hubsan_controller_only_full20,h02_hubsan_controller_only_full20_b210b_58,h02_hubsan_controller_only_full20_b210b_58_hubsan_controller_only,hubsan_controller_only,0,1,5.8,b210b_58,1,5735000000,20000000,2.000,raw_iq_followup/h02_hubsan_controller_only_full20_b210b_58/h02_hubsan_controller_only_full20_b210b_58_hubsan_controller_only/01_5735.000MHz.cfile,complex_int16_interleaved,0.250000,-56.882848,0.001431718,0.017117722,0.0011873112,-103.494965,-120.000000,16.505035,0.995234,0.000732
h02,h02_hubsan_controller_only_full20,h02_hubsan_controller_only_full20_b210b_58,h02_hubsan_controller_only_full20_b210b_58_hubsan_controller_only,hubsan_controller_only,0,1,5.8,b210b_58,2,5745000000,20000000,2.000,raw_iq_followup/h02_hubsan_controller_only_full20_b210b_58/h02_hubsan_controller_only_full20_b210b_58_hubsan_controller_only/02_5745.000MHz.cfile,complex_int16_interleaved,0.250000,-57.528162,0.0013292044,0.011384652,0.00057451695,-107.552683,-120.000000,12.447317,0.998731,0.000732
h02,h02_hubsan_controller_only_full20,h02_hubsan_controller_only_full20_b210b_58,h02_hubsan_controller_only_full20_b210b_58_hubsan_controller_only,hubsan_controller_only,0,1,5.8,b210b_58,3,5755000000,20000000,2.000,raw_iq_followup/h02_hubsan_controller_only_full20_b210b_58/h02_hubsan_controller_only_full20_b210b_58_hubsan_controller_only/03_5755.000MHz.cfile,complex_int16_interleaved,0.250000,-56.261808,0.0015378342,0.019749755,0.0013398271,-102.377814,-120.000000,17.622186,0.993282,0.000732
h02,h02_hubsan_controller_only_full20,h02_hubsan_controller_only_full20_b210b_58,h02_hubsan_controller_only_full20_b210b_58_hubsan_controller_only,hubsan_controller_only,0,1,5.8,b210b_58,4,5765000000,20000000,2.000,raw_iq_followup/h02_hubsan_controller_only_full20_b210b_58/h02_hubsan_controller_only_full20_b210b_58_hubsan_controller_only/04_5765.000MHz.cfile,complex_int16_interleaved,0.250000,-56.408630,0.0015120579,0.019037515,0.0013418413,-102.822128,-120.000000,17.177872,0.994142,0.000732
h02,h02_hubsan_controller_only_full20,h02_hubsan_controller_only_full20_b210b_58,h02_hubsan_controller_only_full20_b210b_58_hubsan_controller_only,hubsan_controller_only,0,1,5.8,b210b_58,5,5775000000,20000000,2.000,raw_iq_followup/h02_hubsan_controller_only_full20_b210b_58/h02_hubsan_controller_only_full20_b210b_58_hubsan_controller_only/05_5775.000MHz.cfile,complex_int16_interleaved,0.250000,-55.833478,0.0016155709,0.018092781,0.0010634508,-103.045220,-120.000000,16.954780,0.994529,0.000732
h02,h02_hubsan_controller_only_full20,h02_hubsan_controller_only_full20_b210b_58,h02_hubsan_controller_only_full20_b210b_58_hubsan_controller_only,hubsan_controller_only,0,1,5.8,b210b_58,6,5785000000,20000000,2.000,raw_iq_followup/h02_hubsan_controller_only_full20_b210b_58/h02_hubsan_controller_only_full20_b210b_58_hubsan_controller_only/06_5785.000MHz.cfile,complex_int16_interleaved,0.250000,-56.681331,0.001465323,0.0098969685,0.00036643718,-108.877276,-120.000000,11.122724,0.999199,0.000732
h02,h02_hubsan_controller_only_full20,h02_hubsan_controller_only_full20_b210b_58,h02_hubsan_controller_only_full20_b210b_58_hubsan_controller_only,hubsan_controller_only,0,1,5.8,b210b_58,7,5795000000,20000000,2.000,raw_iq_followup/h02_hubsan_controller_only_full20_b210b_58/h02_hubsan_controller_only_full20_b210b_58_hubsan_controller_only/07_5795.000MHz.cfile,complex_int16_interleaved,0.250000,-57.296590,0.0013651185,0.011809948,0.00071924398,-106.655521,-120.000000,13.344479,0.998278,0.000732
h02,h02_hubsan_controller_only_full20,h02_hubsan_controller_only_full20_b210b_58,h02_hubsan_controller_only_full20_b210b_58_hubsan_controller_only,hubsan_controller_only,0,1,5.8,b210b_58,8,5805000000,20000000,2.000,raw_iq_followup/h02_hubsan_controller_only_full20_b210b_58/h02_hubsan_controller_only_full20_b210b_58_hubsan_controller_only/08_5805.000MHz.cfile,complex_int16_interleaved,0.250000,-57.695258,0.001303878,0.010742188,0.00052263587,-108.167056,-120.000000,11.832944,0.998975,0.000732
h02,h02_hubsan_controller_only_full20,h02_hubsan_controller_only_full20_b210b_58,h02_hubsan_controller_only_full20_b210b_58_hubsan_controller_only,hubsan_controller_only,0,1,5.8,b210b_58,9,5815000000,20000000,2.000,raw_iq_followup/h02_hubsan_controller_only_full20_b210b_58/h02_hubsan_controller_only_full20_b210b_58_hubsan_controller_only/09_5815.000MHz.cfile,complex_int16_interleaved,0.250000,-57.688635,0.0013048727,0.013327484,0.00085505146,-105.824732,-120.000000,14.175268,0.997742,0.000732
h02,h02_hubsan_controller_only_full20,h02_hubsan_controller_only_full20_b210b_58,h02_hubsan_controller_only_full20_b210b_58_hubsan_controller_only,hubsan_controller_only,0,1,5.8,b210b_58,10,5825000000,20000000,2.000,raw_iq_followup/h02_hubsan_controller_only_full20_b210b_58/h02_hubsan_controller_only_full20_b210b_58_hubsan_controller_only/10_5825.000MHz.cfile,complex_int16_interleaved,0.250000,-57.994463,0.0012597278,0.011850295,0.00069686496,-107.120862,-120.000000,12.879138,0.998534,0.000732
h02,h02_hubsan_controller_only_full20,h02_hubsan_controller_only_full20_b210b_58,h02_hubsan_controller_only_full20_b210b_58_hubsan_controller_only,hubsan_controller_only,0,1,5.8,b210b_58,11,5835000000,20000000,2.000,raw_iq_followup/h02_hubsan_controller_only_full20_b210b_58/h02_hubsan_controller_only_full20_b210b_58_hubsan_controller_only/11_5835.000MHz.cfile,complex_int16_interleaved,0.250000,-57.720487,0.0013000963,0.014680954,0.0010533102,-104.981646,-120.000000,15.018354,0.997023,0.000732
h02,h02_hubsan_controller_only_full20,h02_hubsan_controller_only_full20_b210b_58,h02_hubsan_controller_only_full20_b210b_58_hubsan_controller_only,hubsan_controller_only,0,1,5.8,b210b_58,12,5845000000,20000000,2.000,raw_iq_followup/h02_hubsan_controller_only_full20_b210b_58/h02_hubsan_controller_only_full20_b210b_58_hubsan_controller_only/12_5845.000MHz.cfile,complex_int16_interleaved,0.250000,-58.301479,0.0012159786,0.0064223371,0.00019166987,-111.549671,-120.000000,8.450329,0.999710,0.000732
h02,h02_hubsan_controller_only_ranked8s,h02_hubsan_controller_only_ranked8s_b210a_24,h02_hubsan_controller_only_ranked8s_b210a_24_hubsan_controller_only,hubsan_controller_only,0,1,2.4,b210a_24,1,2420000000,20000000,2.000,raw_iq_followup/h02_hubsan_controller_only_ranked8s_b210a_24/h02_hubsan_controller_only_ranked8s_b210a_24_hubsan_controller_only/01_2420.000MHz.cfile,complex_int16_interleaved,0.250000,-30.112007,0.031217609,0.0923049,3.4319852e-06,-74.573210,-120.000000,45.426790,0.439350,0.001465
h02,h02_hubsan_controller_only_ranked8s,h02_hubsan_controller_only_ranked8s_b210a_24,h02_hubsan_controller_only_ranked8s_b210a_24_hubsan_controller_only,hubsan_controller_only,0,1,2.4,b210a_24,2,2480000000,20000000,2.000,raw_iq_followup/h02_hubsan_controller_only_ranked8s_b210a_24/h02_hubsan_controller_only_ranked8s_b210a_24_hubsan_controller_only/02_2480.000MHz.cfile,complex_int16_interleaved,0.250000,-54.115722,0.0019688555,0.02240248,0.0012561025,-100.895136,-120.000000,19.104864,0.987839,0.000732
h02,h02_hubsan_controller_only_ranked8s,h02_hubsan_controller_only_ranked8s_b210a_24,h02_hubsan_controller_only_ranked8s_b210a_24_hubsan_controller_only,hubsan_controller_only,0,1,2.4,b210a_24,3,2470000000,20000000,2.000,raw_iq_followup/h02_hubsan_controller_only_ranked8s_b210a_24/h02_hubsan_controller_only_ranked8s_b210a_24_hubsan_controller_only/03_2470.000MHz.cfile,complex_int16_interleaved,0.250000,-54.838656,0.00181162,0.025112091,0.0020279075,-99.856998,-120.000000,20.143002,0.985935,0.000732
h02,h02_hubsan_controller_only_ranked8s,h02_hubsan_controller_only_ranked8s_b210a_24,h02_hubsan_controller_only_ranked8s_b210a_24_hubsan_controller_only,hubsan_controller_only,0,1,2.4,b210a_24,4,2450000000,20000000,2.000,raw_iq_followup/h02_hubsan_controller_only_ranked8s_b210a_24/h02_hubsan_controller_only_ranked8s_b210a_24_hubsan_controller_only/04_2450.000MHz.cfile,complex_int16_interleaved,0.250000,-50.502483,0.0029845291,0.025032917,0.00050534891,-101.606553,-120.000000,18.393447,0.991435,0.000732
h02,h02_hubsan_controller_only_ranked8s,h02_hubsan_controller_only_ranked8s_b210b_58,h02_hubsan_controller_only_ranked8s_b210b_58_hubsan_controller_only,hubsan_controller_only,0,1,5.8,b210b_58,1,5775000000,20000000,2.000,raw_iq_followup/h02_hubsan_controller_only_ranked8s_b210b_58/h02_hubsan_controller_only_ranked8s_b210b_58_hubsan_controller_only/01_5775.000MHz.cfile,complex_int16_interleaved,0.250000,-56.162815,0.0015554612,0.019142866,0.001277306,-102.695926,-120.000000,17.304074,0.993911,0.000732
h02,h02_hubsan_controller_only_ranked8s,h02_hubsan_controller_only_ranked8s_b210b_58,h02_hubsan_controller_only_ranked8s_b210b_58_hubsan_controller_only,hubsan_controller_only,0,1,5.8,b210b_58,2,5735000000,20000000,2.000,raw_iq_followup/h02_hubsan_controller_only_ranked8s_b210b_58/h02_hubsan_controller_only_ranked8s_b210b_58_hubsan_controller_only/02_5735.000MHz.cfile,complex_int16_interleaved,0.250000,-57.124089,0.0013925007,0.01623122,0.0012314985,-103.873131,-120.000000,16.126869,0.995774,0.000732
h02,h02_hubsan_controller_only_ranked8s,h02_hubsan_controller_only_ranked8s_b210b_58,h02_hubsan_controller_only_ranked8s_b210b_58_hubsan_controller_only,hubsan_controller_only,0,1,5.8,b210b_58,3,5755000000,20000000,2.000,raw_iq_followup/h02_hubsan_controller_only_ranked8s_b210b_58/h02_hubsan_controller_only_ranked8s_b210b_58_hubsan_controller_only/03_5755.000MHz.cfile,complex_int16_interleaved,0.250000,-56.523625,0.0014921712,0.017639054,0.0012729633,-103.279773,-120.000000,16.720227,0.994908,0.000732
h02,h02_hubsan_controller_only_ranked8s,h02_hubsan_controller_only_ranked8s_b210b_58,h02_hubsan_controller_only_ranked8s_b210b_58_hubsan_controller_only,hubsan_controller_only,0,1,5.8,b210b_58,4,5745000000,20000000,2.000,raw_iq_followup/h02_hubsan_controller_only_ranked8s_b210b_58/h02_hubsan_controller_only_ranked8s_b210b_58_hubsan_controller_only/04_5745.000MHz.cfile,complex_int16_interleaved,0.250000,-56.553545,0.00148704,0.014656574,0.00076960858,-105.325748,-120.000000,14.674252,0.997336,0.000732
h02,h02_hubsan_linked_full20,h02_hubsan_linked_full20_b210a_24,h02_hubsan_linked_full20_b210a_24_hubsan_linked,hubsan_linked,1,0,2.4,b210a_24,1,2410000000,20000000,2.000,raw_iq_followup/h02_hubsan_linked_full20_b210a_24/h02_hubsan_linked_full20_b210a_24_hubsan_linked/01_2410.000MHz.cfile,complex_int16_interleaved,0.250000,-49.115323,0.0035013363,0.025938667,0.00020857559,-104.544889,-120.000000,15.455111,0.993691,0.000732
h02,h02_hubsan_linked_full20,h02_hubsan_linked_full20_b210a_24,h02_hubsan_linked_full20_b210a_24_hubsan_linked,hubsan_linked,1,0,2.4,b210a_24,2,2420000000,20000000,2.000,raw_iq_followup/h02_hubsan_linked_full20_b210a_24/h02_hubsan_linked_full20_b210a_24_hubsan_linked/02_2420.000MHz.cfile,complex_int16_interleaved,0.250000,-30.969714,0.028282273,0.086844474,1.8159796e-06,-75.311915,-120.000000,44.688085,0.442747,0.001465
h02,h02_hubsan_linked_full20,h02_hubsan_linked_full20_b210a_24,h02_hubsan_linked_full20_b210a_24_hubsan_linked,hubsan_linked,1,0,2.4,b210a_24,3,2430000000,20000000,2.000,raw_iq_followup/h02_hubsan_linked_full20_b210a_24/h02_hubsan_linked_full20_b210a_24_hubsan_linked/03_2430.000MHz.cfile,complex_int16_interleaved,0.250000,-31.049703,0.028023013,0.084202439,6.8435054e-06,-75.359934,-120.000000,44.640066,0.451621,0.001221
h02,h02_hubsan_linked_full20,h02_hubsan_linked_full20_b210a_24,h02_hubsan_linked_full20_b210a_24_hubsan_linked,hubsan_linked,1,0,2.4,b210a_24,4,2440000000,20000000,2.000,raw_iq_followup/h02_hubsan_linked_full20_b210a_24/h02_hubsan_linked_full20_b210a_24_hubsan_linked/04_2440.000MHz.cfile,complex_int16_interleaved,0.250000,-47.819988,0.0040644389,0.033063285,0.00025048992,-101.781970,-120.000000,18.218030,0.979890,0.000732
h02,h02_hubsan_linked_full20,h02_hubsan_linked_full20_b210a_24,h02_hubsan_linked_full20_b210a_24_hubsan_linked,hubsan_linked,1,0,2.4,b210a_24,5,2450000000,20000000,2.000,raw_iq_followup/h02_hubsan_linked_full20_b210a_24/h02_hubsan_linked_full20_b210a_24_hubsan_linked/05_2450.000MHz.cfile,complex_int16_interleaved,0.250000,-51.387581,0.0026953856,0.023488009,0.00026905129,-105.193576,-120.000000,14.806424,0.997263,0.000732
h02,h02_hubsan_linked_full20,h02_hubsan_linked_full20_b210a_24,h02_hubsan_linked_full20_b210a_24_hubsan_linked,hubsan_linked,1,0,2.4,b210a_24,6,2460000000,20000000,2.000,raw_iq_followup/h02_hubsan_linked_full20_b210a_24/h02_hubsan_linked_full20_b210a_24_hubsan_linked/06_2460.000MHz.cfile,complex_int16_interleaved,0.250000,-50.422431,0.0030121628,0.026893761,0.00036971674,-102.784924,-120.000000,17.215076,0.994062,0.000732
h02,h02_hubsan_linked_full20,h02_hubsan_linked_full20_b210a_24,h02_hubsan_linked_full20_b210a_24_hubsan_linked,hubsan_linked,1,0,2.4,b210a_24,7,2470000000,20000000,2.000,raw_iq_followup/h02_hubsan_linked_full20_b210a_24/h02_hubsan_linked_full20_b210a_24_hubsan_linked/07_2470.000MHz.cfile,complex_int16_interleaved,0.250000,-55.087489,0.0017604573,0.021182628,0.0014872496,-101.389454,-120.000000,18.610546,0.991034,0.000732
h02,h02_hubsan_linked_full20,h02_hubsan_linked_full20_b210a_24,h02_hubsan_linked_full20_b210a_24_hubsan_linked,hubsan_linked,1,0,2.4,b210a_24,8,2480000000,20000000,2.000,raw_iq_followup/h02_hubsan_linked_full20_b210a_24/h02_hubsan_linked_full20_b210a_24_hubsan_linked/08_2480.000MHz.cfile,complex_int16_interleaved,0.250000,-54.571043,0.0018683051,0.02265979,0.00074140996,-103.694348,-120.000000,16.305652,0.993995,0.000732
h02,h02_hubsan_linked_full20,h02_hubsan_linked_full20_b210b_58,h02_hubsan_linked_full20_b210b_58_hubsan_linked,hubsan_linked,1,0,5.8,b210b_58,1,5735000000,20000000,2.000,raw_iq_followup/h02_hubsan_linked_full20_b210b_58/h02_hubsan_linked_full20_b210b_58_hubsan_linked/01_5735.000MHz.cfile,complex_int16_interleaved,0.250000,-56.876830,0.0014327104,0.018141333,0.0014378488,-103.044645,-120.000000,16.955355,0.994543,0.000732
h02,h02_hubsan_linked_full20,h02_hubsan_linked_full20_b210b_58,h02_hubsan_linked_full20_b210b_58_hubsan_linked,hubsan_linked,1,0,5.8,b210b_58,2,5745000000,20000000,2.000,raw_iq_followup/h02_hubsan_linked_full20_b210b_58/h02_hubsan_linked_full20_b210b_58_hubsan_linked/02_5745.000MHz.cfile,complex_int16_interleaved,0.250000,-56.371897,0.001518466,0.018684361,0.001281638,-102.728947,-120.000000,17.271053,0.993974,0.000732
h02,h02_hubsan_linked_full20,h02_hubsan_linked_full20_b210b_58,h02_hubsan_linked_full20_b210b_58_hubsan_linked,hubsan_linked,1,0,5.8,b210b_58,3,5755000000,20000000,2.000,raw_iq_followup/h02_hubsan_linked_full20_b210b_58/h02_hubsan_linked_full20_b210b_58_hubsan_linked/03_5755.000MHz.cfile,complex_int16_interleaved,0.250000,-57.074696,0.0014004418,0.015655488,0.00099161161,-104.638462,-120.000000,15.361538,0.996676,0.000732
h02,h02_hubsan_linked_full20,h02_hubsan_linked_full20_b210b_58,h02_hubsan_linked_full20_b210b_58_hubsan_linked,hubsan_linked,1,0,5.8,b210b_58,4,5765000000,20000000,2.000,raw_iq_followup/h02_hubsan_linked_full20_b210b_58/h02_hubsan_linked_full20_b210b_58_hubsan_linked/04_5765.000MHz.cfile,complex_int16_interleaved,0.250000,-42.044414,0.0079027694,0.026908683,5.9986993e-05,-95.246190,-120.000000,24.753810,0.844157,0.004639
h02,h02_hubsan_linked_full20,h02_hubsan_linked_full20_b210b_58,h02_hubsan_linked_full20_b210b_58_hubsan_linked,hubsan_linked,1,0,5.8,b210b_58,5,5775000000,20000000,2.000,raw_iq_followup/h02_hubsan_linked_full20_b210b_58/h02_hubsan_linked_full20_b210b_58_hubsan_linked/05_5775.000MHz.cfile,complex_int16_interleaved,0.250000,-41.334507,0.0085757996,0.025040226,3.5531662e-05,-94.932526,-120.000000,25.067474,0.842183,0.004395
h02,h02_hubsan_linked_full20,h02_hubsan_linked_full20_b210b_58,h02_hubsan_linked_full20_b210b_58_hubsan_linked,hubsan_linked,1,0,5.8,b210b_58,6,5785000000,20000000,2.000,raw_iq_followup/h02_hubsan_linked_full20_b210b_58/h02_hubsan_linked_full20_b210b_58_hubsan_linked/06_5785.000MHz.cfile,complex_int16_interleaved,0.250000,-56.649502,0.0014707023,0.010526574,0.00040789494,-108.120082,-120.000000,11.879918,0.998957,0.000732
h02,h02_hubsan_linked_full20,h02_hubsan_linked_full20_b210b_58,h02_hubsan_linked_full20_b210b_58_hubsan_linked,hubsan_linked,1,0,5.8,b210b_58,7,5795000000,20000000,2.000,raw_iq_followup/h02_hubsan_linked_full20_b210b_58/h02_hubsan_linked_full20_b210b_58_hubsan_linked/07_5795.000MHz.cfile,complex_int16_interleaved,0.250000,-57.492315,0.0013347014,0.00884315,0.00030874967,-109.707629,-120.000000,10.292371,0.999413,0.000732
h02,h02_hubsan_linked_full20,h02_hubsan_linked_full20_b210b_58,h02_hubsan_linked_full20_b210b_58_hubsan_linked,hubsan_linked,1,0,5.8,b210b_58,8,5805000000,20000000,2.000,raw_iq_followup/h02_hubsan_linked_full20_b210b_58/h02_hubsan_linked_full20_b210b_58_hubsan_linked/08_5805.000MHz.cfile,complex_int16_interleaved,0.250000,-57.594463,0.0013190969,0.012362294,0.00076993174,-106.355908,-120.000000,13.644092,0.998095,0.000732
h02,h02_hubsan_linked_full20,h02_hubsan_linked_full20_b210b_58,h02_hubsan_linked_full20_b210b_58_hubsan_linked,hubsan_linked,1,0,5.8,b210b_58,9,5815000000,20000000,2.000,raw_iq_followup/h02_hubsan_linked_full20_b210b_58/h02_hubsan_linked_full20_b210b_58_hubsan_linked/09_5815.000MHz.cfile,complex_int16_interleaved,0.250000,-57.190546,0.0013818872,0.01955341,0.0016415787,-102.711336,-120.000000,17.288664,0.993931,0.000732
h02,h02_hubsan_linked_full20,h02_hubsan_linked_full20_b210b_58,h02_hubsan_linked_full20_b210b_58_hubsan_linked,hubsan_linked,1,0,5.8,b210b_58,10,5825000000,20000000,2.000,raw_iq_followup/h02_hubsan_linked_full20_b210b_58/h02_hubsan_linked_full20_b210b_58_hubsan_linked/10_5825.000MHz.cfile,complex_int16_interleaved,0.250000,-57.107823,0.001395111,0.020042615,0.0019137256,-102.037173,-120.000000,17.962827,0.992571,0.000732
h02,h02_hubsan_linked_full20,h02_hubsan_linked_full20_b210b_58,h02_hubsan_linked_full20_b210b_58_hubsan_linked,hubsan_linked,1,0,5.8,b210b_58,11,5835000000,20000000,2.000,raw_iq_followup/h02_hubsan_linked_full20_b210b_58/h02_hubsan_linked_full20_b210b_58_hubsan_linked/11_5835.000MHz.cfile,complex_int16_interleaved,0.250000,-57.662149,0.0013088577,0.014778072,0.0011500443,-104.609064,-120.000000,15.390936,0.996641,0.000732
h02,h02_hubsan_linked_full20,h02_hubsan_linked_full20_b210b_58,h02_hubsan_linked_full20_b210b_58_hubsan_linked,hubsan_linked,1,0,5.8,b210b_58,12,5845000000,20000000,2.000,raw_iq_followup/h02_hubsan_linked_full20_b210b_58/h02_hubsan_linked_full20_b210b_58_hubsan_linked/12_5845.000MHz.cfile,complex_int16_interleaved,0.250000,-57.996948,0.0012593674,0.01175937,0.00072048753,-107.096066,-120.000000,12.903934,0.998519,0.000732
h02,h02_hubsan_linked_ranked8s,h02_hubsan_linked_ranked8s_b210b_58,h02_hubsan_linked_ranked8s_b210b_58_hubsan_linked,hubsan_linked,1,0,5.8,b210b_58,1,5775000000,20000000,2.000,raw_iq_followup/h02_hubsan_linked_ranked8s_b210b_58/h02_hubsan_linked_ranked8s_b210b_58_hubsan_linked/01_5775.000MHz.cfile,complex_int16_interleaved,0.250000,-43.072106,0.0070209306,0.019067992,3.4860355e-05,-96.489172,-120.000000,23.510828,0.867306,0.004639
h02,h02_hubsan_linked_ranked8s,h02_hubsan_linked_ranked8s_b210b_58,h02_hubsan_linked_ranked8s_b210b_58_hubsan_linked,hubsan_linked,1,0,5.8,b210b_58,2,5735000000,20000000,2.000,raw_iq_followup/h02_hubsan_linked_ranked8s_b210b_58/h02_hubsan_linked_ranked8s_b210b_58_hubsan_linked/02_5735.000MHz.cfile,complex_int16_interleaved,0.250000,-56.927844,0.0014243203,0.021759376,0.0016117928,-102.485513,-120.000000,17.514487,0.993505,0.000732
h02,h02_hubsan_linked_ranked8s,h02_hubsan_linked_ranked8s_b210b_58,h02_hubsan_linked_ranked8s_b210b_58_hubsan_linked,hubsan_linked,1,0,5.8,b210b_58,3,5755000000,20000000,2.000,raw_iq_followup/h02_hubsan_linked_ranked8s_b210b_58/h02_hubsan_linked_ranked8s_b210b_58_hubsan_linked/03_5755.000MHz.cfile,complex_int16_interleaved,0.250000,-57.759341,0.0012942936,0.012730513,0.0007161232,-106.233669,-120.000000,13.766331,0.998021,0.000732
h02,h02_hubsan_linked_ranked8s,h02_hubsan_linked_ranked8s_b210b_58,h02_hubsan_linked_ranked8s_b210b_58_hubsan_linked,hubsan_linked,1,0,5.8,b210b_58,4,5745000000,20000000,2.000,raw_iq_followup/h02_hubsan_linked_ranked8s_b210b_58/h02_hubsan_linked_ranked8s_b210b_58_hubsan_linked/04_5745.000MHz.cfile,complex_int16_interleaved,0.250000,-56.495656,0.0014969838,0.021683207,0.0017738443,-101.349619,-120.000000,18.650381,0.990852,0.000732
h02,h02_hubsan_linked_ranked8s,h02_hubsan_linked_ranked8s_b210a_24,h02_hubsan_linked_ranked8s_b210a_24_hubsan_linked,hubsan_linked,1,0,2.4,b210a_24,1,2420000000,20000000,2.000,raw_iq_followup/h02_hubsan_linked_ranked8s_b210a_24/h02_hubsan_linked_ranked8s_b210a_24_hubsan_linked/01_2420.000MHz.cfile,complex_int16_interleaved,0.250000,-31.432788,0.026813939,0.10058583,1.9629885e-06,-76.033858,-119.354535,43.320677,0.473253,0.001465
h02,h02_hubsan_linked_ranked8s,h02_hubsan_linked_ranked8s_b210a_24,h02_hubsan_linked_ranked8s_b210a_24_hubsan_linked,hubsan_linked,1,0,2.4,b210a_24,2,2480000000,20000000,2.000,raw_iq_followup/h02_hubsan_linked_ranked8s_b210a_24/h02_hubsan_linked_ranked8s_b210a_24_hubsan_linked/02_2480.000MHz.cfile,complex_int16_interleaved,0.250000,-55.079421,0.0017620931,0.017263349,0.00061708314,-104.989660,-120.000000,15.010340,0.996286,0.000732
h02,h02_hubsan_linked_ranked8s,h02_hubsan_linked_ranked8s_b210a_24,h02_hubsan_linked_ranked8s_b210a_24_hubsan_linked,hubsan_linked,1,0,2.4,b210a_24,3,2470000000,20000000,2.000,raw_iq_followup/h02_hubsan_linked_ranked8s_b210a_24/h02_hubsan_linked_ranked8s_b210a_24_hubsan_linked/03_2470.000MHz.cfile,complex_int16_interleaved,0.250000,-55.125804,0.0017527086,0.017671997,0.00096902557,-103.278220,-120.000000,16.721780,0.994972,0.000732
h02,h02_hubsan_linked_ranked8s,h02_hubsan_linked_ranked8s_b210a_24,h02_hubsan_linked_ranked8s_b210a_24_hubsan_linked,hubsan_linked,1,0,2.4,b210a_24,4,2450000000,20000000,2.000,raw_iq_followup/h02_hubsan_linked_ranked8s_b210a_24/h02_hubsan_linked_ranked8s_b210a_24_hubsan_linked/04_2450.000MHz.cfile,complex_int16_interleaved,0.250000,-50.757817,0.0028980716,0.021155197,0.00050573503,-101.743950,-120.000000,18.256050,0.991903,0.000732
h02,h02_mavic_controller_only_full20,h02_mavic_controller_only_full20_b210a_24,h02_mavic_controller_only_full20_b210a_24_mavic_controller_only,mavic_controller_only,0,1,2.4,b210a_24,1,2410000000,20000000,2.000,raw_iq_followup/h02_mavic_controller_only_full20_b210a_24/h02_mavic_controller_only_full20_b210a_24_mavic_controller_only/01_2410.000MHz.cfile,complex_int16_interleaved,0.250000,-48.663177,0.0036884264,0.057807252,0.00024327157,-102.983003,-120.000000,17.016997,0.987048,0.000977
h02,h02_mavic_controller_only_full20,h02_mavic_controller_only_full20_b210a_24,h02_mavic_controller_only_full20_b210a_24_mavic_controller_only,mavic_controller_only,0,1,2.4,b210a_24,2,2420000000,20000000,2.000,raw_iq_followup/h02_mavic_controller_only_full20_b210a_24/h02_mavic_controller_only_full20_b210a_24_mavic_controller_only/02_2420.000MHz.cfile,complex_int16_interleaved,0.250000,-44.773159,0.0057722086,0.0325642,4.725625e-05,-105.732756,-120.000000,14.267244,0.965699,0.031982
h02,h02_mavic_controller_only_full20,h02_mavic_controller_only_full20_b210a_24,h02_mavic_controller_only_full20_b210a_24_mavic_controller_only,mavic_controller_only,0,1,2.4,b210a_24,3,2430000000,20000000,2.000,raw_iq_followup/h02_mavic_controller_only_full20_b210a_24/h02_mavic_controller_only_full20_b210a_24_mavic_controller_only/03_2430.000MHz.cfile,complex_int16_interleaved,0.250000,-48.944889,0.0035707177,0.038000952,0.00016511599,-104.872630,-120.000000,15.127370,0.988741,0.001221
h02,h02_mavic_controller_only_full20,h02_mavic_controller_only_full20_b210a_24,h02_mavic_controller_only_full20_b210a_24_mavic_controller_only,mavic_controller_only,0,1,2.4,b210a_24,4,2440000000,20000000,2.000,raw_iq_followup/h02_mavic_controller_only_full20_b210a_24/h02_mavic_controller_only_full20_b210a_24_mavic_controller_only/04_2440.000MHz.cfile,complex_int16_interleaved,0.250000,-48.154460,0.0039109024,0.032638233,0.00015851608,-104.124932,-120.000000,15.875068,0.983162,0.000732
h02,h02_mavic_controller_only_full20,h02_mavic_controller_only_full20_b210a_24,h02_mavic_controller_only_full20_b210a_24_mavic_controller_only,mavic_controller_only,0,1,2.4,b210a_24,5,2450000000,20000000,2.000,raw_iq_followup/h02_mavic_controller_only_full20_b210a_24/h02_mavic_controller_only_full20_b210a_24_mavic_controller_only/05_2450.000MHz.cfile,complex_int16_interleaved,0.250000,-46.425274,0.004772394,0.025135815,0.00027727938,-99.907672,-120.000000,20.092328,0.970983,0.000732
h02,h02_mavic_controller_only_full20,h02_mavic_controller_only_full20_b210a_24,h02_mavic_controller_only_full20_b210a_24_mavic_controller_only,mavic_controller_only,0,1,2.4,b210a_24,6,2460000000,20000000,2.000,raw_iq_followup/h02_mavic_controller_only_full20_b210a_24/h02_mavic_controller_only_full20_b210a_24_mavic_controller_only/06_2460.000MHz.cfile,complex_int16_interleaved,0.250000,-49.874504,0.0032082987,0.027277218,0.00027757076,-103.295786,-120.000000,16.704214,0.993849,0.000732
h02,h02_mavic_controller_only_full20,h02_mavic_controller_only_full20_b210a_24,h02_mavic_controller_only_full20_b210a_24_mavic_controller_only,mavic_controller_only,0,1,2.4,b210a_24,7,2470000000,20000000,2.000,raw_iq_followup/h02_mavic_controller_only_full20_b210a_24/h02_mavic_controller_only_full20_b210a_24_mavic_controller_only/07_2470.000MHz.cfile,complex_int16_interleaved,0.250000,-54.779539,0.0018239923,0.030001806,0.00055735404,-105.521426,-120.000000,14.478574,0.997418,0.000732
h02,h02_mavic_controller_only_full20,h02_mavic_controller_only_full20_b210a_24,h02_mavic_controller_only_full20_b210a_24_mavic_controller_only,mavic_controller_only,0,1,2.4,b210a_24,8,2480000000,20000000,2.000,raw_iq_followup/h02_mavic_controller_only_full20_b210a_24/h02_mavic_controller_only_full20_b210a_24_mavic_controller_only/08_2480.000MHz.cfile,complex_int16_interleaved,0.250000,-51.981024,0.00251738,0.042375118,0.00090554047,-99.897121,-120.000000,20.102879,0.972787,0.000732
h02,h02_mavic_controller_only_full20,h02_mavic_controller_only_full20_b210b_58,h02_mavic_controller_only_full20_b210b_58_mavic_controller_only,mavic_controller_only,0,1,5.8,b210b_58,1,5735000000,20000000,2.000,raw_iq_followup/h02_mavic_controller_only_full20_b210b_58/h02_mavic_controller_only_full20_b210b_58_mavic_controller_only/01_5735.000MHz.cfile,complex_int16_interleaved,0.250000,-56.924697,0.0014248366,0.019586105,0.0016397882,-102.154278,-120.000000,17.845722,0.992822,0.000732
h02,h02_mavic_controller_only_full20,h02_mavic_controller_only_full20_b210b_58,h02_mavic_controller_only_full20_b210b_58_mavic_controller_only,mavic_controller_only,0,1,5.8,b210b_58,2,5745000000,20000000,2.000,raw_iq_followup/h02_mavic_controller_only_full20_b210b_58/h02_mavic_controller_only_full20_b210b_58_mavic_controller_only/02_5745.000MHz.cfile,complex_int16_interleaved,0.250000,-56.936873,0.0014228405,0.017574761,0.0012563211,-103.355886,-120.000000,16.644114,0.995028,0.000732
h02,h02_mavic_controller_only_full20,h02_mavic_controller_only_full20_b210b_58,h02_mavic_controller_only_full20_b210b_58_mavic_controller_only,mavic_controller_only,0,1,5.8,b210b_58,3,5755000000,20000000,2.000,raw_iq_followup/h02_mavic_controller_only_full20_b210b_58/h02_mavic_controller_only_full20_b210b_58_mavic_controller_only/03_5755.000MHz.cfile,complex_int16_interleaved,0.250000,-57.006103,0.0014115451,0.02011458,0.001822892,-102.241571,-120.000000,17.758429,0.993007,0.000732
h02,h02_mavic_controller_only_full20,h02_mavic_controller_only_full20_b210b_58,h02_mavic_controller_only_full20_b210b_58_mavic_controller_only,mavic_controller_only,0,1,5.8,b210b_58,4,5765000000,20000000,2.000,raw_iq_followup/h02_mavic_controller_only_full20_b210b_58/h02_mavic_controller_only_full20_b210b_58_mavic_controller_only/04_5765.000MHz.cfile,complex_int16_interleaved,0.250000,-58.140848,0.0012386752,0.0090034613,0.00047129194,-108.741870,-120.000000,11.258130,0.999163,0.000732
h02,h02_mavic_controller_only_full20,h02_mavic_controller_only_full20_b210b_58,h02_mavic_controller_only_full20_b210b_58_mavic_controller_only,mavic_controller_only,0,1,5.8,b210b_58,5,5775000000,20000000,2.000,raw_iq_followup/h02_mavic_controller_only_full20_b210b_58/h02_mavic_controller_only_full20_b210b_58_mavic_controller_only/05_5775.000MHz.cfile,complex_int16_interleaved,0.250000,-57.258068,0.0013711863,0.018684361,0.001516893,-103.057889,-120.000000,16.942111,0.994549,0.000732
h02,h02_mavic_controller_only_full20,h02_mavic_controller_only_full20_b210b_58,h02_mavic_controller_only_full20_b210b_58_mavic_controller_only,mavic_controller_only,0,1,5.8,b210b_58,6,5785000000,20000000,2.000,raw_iq_followup/h02_mavic_controller_only_full20_b210b_58/h02_mavic_controller_only_full20_b210b_58_mavic_controller_only/06_5785.000MHz.cfile,complex_int16_interleaved,0.250000,-57.844197,0.0012817107,0.010358009,0.00056257313,-107.820975,-120.000000,12.179025,0.998846,0.000732
h02,h02_mavic_controller_only_full20,h02_mavic_controller_only_full20_b210b_58,h02_mavic_controller_only_full20_b210b_58_mavic_controller_only,mavic_controller_only,0,1,5.8,b210b_58,7,5795000000,20000000,2.000,raw_iq_followup/h02_mavic_controller_only_full20_b210b_58/h02_mavic_controller_only_full20_b210b_58_mavic_controller_only/07_5795.000MHz.cfile,complex_int16_interleaved,0.250000,-57.678744,0.0013063594,0.01429422,0.00087749255,-105.440593,-120.000000,14.559407,0.997434,0.000732
h02,h02_mavic_controller_only_full20,h02_mavic_controller_only_full20_b210b_58,h02_mavic_controller_only_full20_b210b_58_mavic_controller_only,mavic_controller_only,0,1,5.8,b210b_58,8,5805000000,20000000,2.000,raw_iq_followup/h02_mavic_controller_only_full20_b210b_58/h02_mavic_controller_only_full20_b210b_58_mavic_controller_only/08_5805.000MHz.cfile,complex_int16_interleaved,0.250000,-57.506163,0.0013325752,0.016120678,0.001327182,-104.013341,-120.000000,15.986659,0.995954,0.000732
h02,h02_mavic_controller_only_full20,h02_mavic_controller_only_full20_b210b_58,h02_mavic_controller_only_full20_b210b_58_mavic_controller_only,mavic_controller_only,0,1,5.8,b210b_58,9,5815000000,20000000,2.000,raw_iq_followup/h02_mavic_controller_only_full20_b210b_58/h02_mavic_controller_only_full20_b210b_58_mavic_controller_only/09_5815.000MHz.cfile,complex_int16_interleaved,0.250000,-57.985346,0.0012610508,0.011016127,0.00063400983,-107.153871,-120.000000,12.846129,0.998548,0.000732
h02,h02_mavic_controller_only_full20,h02_mavic_controller_only_full20_b210b_58,h02_mavic_controller_only_full20_b210b_58_mavic_controller_only,mavic_controller_only,0,1,5.8,b210b_58,10,5825000000,20000000,2.000,raw_iq_followup/h02_mavic_controller_only_full20_b210b_58/h02_mavic_controller_only_full20_b210b_58_mavic_controller_only/10_5825.000MHz.cfile,complex_int16_interleaved,0.250000,-57.526195,0.0013295055,0.016609667,0.0013707381,-103.862680,-120.000000,16.137320,0.995745,0.000732
h02,h02_mavic_controller_only_full20,h02_mavic_controller_only_full20_b210b_58,h02_mavic_controller_only_full20_b210b_58_mavic_controller_only,mavic_controller_only,0,1,5.8,b210b_58,11,5835000000,20000000,2.000,raw_iq_followup/h02_mavic_controller_only_full20_b210b_58/h02_mavic_controller_only_full20_b210b_58_mavic_controller_only/11_5835.000MHz.cfile,complex_int16_interleaved,0.250000,-57.643034,0.0013117413,0.015632628,0.0011493808,-104.485167,-120.000000,15.514833,0.996511,0.000732
h02,h02_mavic_controller_only_full20,h02_mavic_controller_only_full20_b210b_58,h02_mavic_controller_only_full20_b210b_58_mavic_controller_only,mavic_controller_only,0,1,5.8,b210b_58,12,5845000000,20000000,2.000,raw_iq_followup/h02_mavic_controller_only_full20_b210b_58/h02_mavic_controller_only_full20_b210b_58_mavic_controller_only/12_5845.000MHz.cfile,complex_int16_interleaved,0.250000,-57.458533,0.0013399025,0.017117722,0.0014096142,-103.503531,-120.000000,16.496469,0.995254,0.000732
h02,h02_mavic_controller_only_ranked8s,h02_mavic_controller_only_ranked8s_b210a_24,h02_mavic_controller_only_ranked8s_b210a_24_mavic_controller_only,mavic_controller_only,0,1,2.4,b210a_24,1,2420000000,20000000,2.000,raw_iq_followup/h02_mavic_controller_only_ranked8s_b210a_24/h02_mavic_controller_only_ranked8s_b210a_24_mavic_controller_only/01_2420.000MHz.cfile,complex_int16_interleaved,0.250000,-47.574408,0.0041809943,0.040764187,0.00025587545,-101.455315,-120.000000,18.544685,0.983307,0.000732
h02,h02_mavic_controller_only_ranked8s,h02_mavic_controller_only_ranked8s_b210a_24,h02_mavic_controller_only_ranked8s_b210a_24_mavic_controller_only,mavic_controller_only,0,1,2.4,b210a_24,2,2480000000,20000000,2.000,raw_iq_followup/h02_mavic_controller_only_ranked8s_b210a_24/h02_mavic_controller_only_ranked8s_b210a_24_mavic_controller_only/02_2480.000MHz.cfile,complex_int16_interleaved,0.250000,-52.884239,0.0022687572,0.04411928,0.00031692666,-105.156398,-120.000000,14.843602,0.986043,0.003174
h02,h02_mavic_controller_only_ranked8s,h02_mavic_controller_only_ranked8s_b210a_24,h02_mavic_controller_only_ranked8s_b210a_24_mavic_controller_only,mavic_controller_only,0,1,2.4,b210a_24,3,2470000000,20000000,2.000,raw_iq_followup/h02_mavic_controller_only_ranked8s_b210a_24/h02_mavic_controller_only_ranked8s_b210a_24_mavic_controller_only/03_2470.000MHz.cfile,complex_int16_interleaved,0.250000,-55.177197,0.0017423688,0.017503368,0.0010386759,-103.384115,-120.000000,16.615885,0.995127,0.000732
h02,h02_mavic_controller_only_ranked8s,h02_mavic_controller_only_ranked8s_b210a_24,h02_mavic_controller_only_ranked8s_b210a_24_mavic_controller_only,mavic_controller_only,0,1,2.4,b210a_24,4,2450000000,20000000,2.000,raw_iq_followup/h02_mavic_controller_only_ranked8s_b210a_24/h02_mavic_controller_only_ranked8s_b210a_24_mavic_controller_only/04_2450.000MHz.cfile,complex_int16_interleaved,0.250000,-49.366425,0.0034015649,0.027490512,0.0003365729,-102.014268,-120.000000,17.985732,0.988552,0.000732
h02,h02_mavic_controller_only_ranked8s,h02_mavic_controller_only_ranked8s_b210b_58,h02_mavic_controller_only_ranked8s_b210b_58_mavic_controller_only,mavic_controller_only,0,1,5.8,b210b_58,1,5775000000,20000000,2.000,raw_iq_followup/h02_mavic_controller_only_ranked8s_b210b_58/h02_mavic_controller_only_ranked8s_b210b_58_mavic_controller_only/01_5775.000MHz.cfile,complex_int16_interleaved,0.250000,-57.256327,0.0013714613,0.0176863,0.0015471557,-103.175686,-120.000000,16.824314,0.994747,0.000732
h02,h02_mavic_controller_only_ranked8s,h02_mavic_controller_only_ranked8s_b210b_58,h02_mavic_controller_only_ranked8s_b210b_58_mavic_controller_only,mavic_controller_only,0,1,5.8,b210b_58,2,5735000000,20000000,2.000,raw_iq_followup/h02_mavic_controller_only_ranked8s_b210b_58/h02_mavic_controller_only_ranked8s_b210b_58_mavic_controller_only/02_5735.000MHz.cfile,complex_int16_interleaved,0.250000,-56.432086,0.0015079802,0.023485156,0.0024437651,-100.450028,-120.000000,19.549972,0.988090,0.000732
h02,h02_mavic_controller_only_ranked8s,h02_mavic_controller_only_ranked8s_b210b_58,h02_mavic_controller_only_ranked8s_b210b_58_mavic_controller_only,mavic_controller_only,0,1,5.8,b210b_58,3,5755000000,20000000,2.000,raw_iq_followup/h02_mavic_controller_only_ranked8s_b210b_58/h02_mavic_controller_only_ranked8s_b210b_58_mavic_controller_only/03_5755.000MHz.cfile,complex_int16_interleaved,0.250000,-57.286528,0.0013667009,0.017059326,0.0013036833,-103.613304,-120.000000,16.386696,0.995394,0.000732
h02,h02_mavic_controller_only_ranked8s,h02_mavic_controller_only_ranked8s_b210b_58,h02_mavic_controller_only_ranked8s_b210b_58_mavic_controller_only,mavic_controller_only,0,1,5.8,b210b_58,4,5745000000,20000000,2.000,raw_iq_followup/h02_mavic_controller_only_ranked8s_b210b_58/h02_mavic_controller_only_ranked8s_b210b_58_mavic_controller_only/04_5745.000MHz.cfile,complex_int16_interleaved,0.250000,-57.079438,0.0013996775,0.015137734,0.00096148545,-104.788788,-120.000000,15.211212,0.996822,0.000732
h02,h02_mavic_linked_full20,h02_mavic_linked_full20_b210a_24,h02_mavic_linked_full20_b210a_24_mavic_linked,mavic_linked,1,0,2.4,b210a_24,1,2410000000,20000000,2.000,raw_iq_followup/h02_mavic_linked_full20_b210a_24/h02_mavic_linked_full20_b210a_24_mavic_linked/01_2410.000MHz.cfile,complex_int16_interleaved,0.250000,-50.433223,0.0030084224,0.02384378,0.00034586465,-103.071102,-120.000000,16.928898,0.993212,0.000732
h02,h02_mavic_linked_full20,h02_mavic_linked_full20_b210a_24,h02_mavic_linked_full20_b210a_24_mavic_linked,mavic_linked,1,0,2.4,b210a_24,2,2420000000,20000000,2.000,raw_iq_followup/h02_mavic_linked_full20_b210a_24/h02_mavic_linked_full20_b210a_24_mavic_linked/02_2420.000MHz.cfile,complex_int16_interleaved,0.250000,-47.073496,0.0044291989,0.041415863,7.2515771e-05,-106.409939,-120.000000,13.590061,0.984357,0.003662
h02,h02_mavic_linked_full20,h02_mavic_linked_full20_b210a_24,h02_mavic_linked_full20_b210a_24_mavic_linked,mavic_linked,1,0,2.4,b210a_24,3,2430000000,20000000,2.000,raw_iq_followup/h02_mavic_linked_full20_b210a_24/h02_mavic_linked_full20_b210a_24_mavic_linked/03_2430.000MHz.cfile,complex_int16_interleaved,0.250000,-47.682325,0.0041293693,0.04428925,4.6791921e-05,-109.238445,-120.000000,10.761555,0.983126,0.062256
h02,h02_mavic_linked_full20,h02_mavic_linked_full20_b210a_24,h02_mavic_linked_full20_b210a_24_mavic_linked,mavic_linked,1,0,2.4,b210a_24,4,2440000000,20000000,2.000,raw_iq_followup/h02_mavic_linked_full20_b210a_24/h02_mavic_linked_full20_b210a_24_mavic_linked/04_2440.000MHz.cfile,complex_int16_interleaved,0.250000,-48.325682,0.0038345629,0.035262067,0.00029528883,-101.400860,-120.000000,18.599140,0.981185,0.000732
h02,h02_mavic_linked_full20,h02_mavic_linked_full20_b210a_24,h02_mavic_linked_full20_b210a_24_mavic_linked,mavic_linked,1,0,2.4,b210a_24,5,2450000000,20000000,2.000,raw_iq_followup/h02_mavic_linked_full20_b210a_24/h02_mavic_linked_full20_b210a_24_mavic_linked/05_2450.000MHz.cfile,complex_int16_interleaved,0.250000,-51.093603,0.0027881738,0.022036079,0.00021306248,-106.085901,-120.000000,13.914099,0.997438,0.000732
h02,h02_mavic_linked_full20,h02_mavic_linked_full20_b210a_24,h02_mavic_linked_full20_b210a_24_mavic_linked,mavic_linked,1,0,2.4,b210a_24,6,2460000000,20000000,2.000,raw_iq_followup/h02_mavic_linked_full20_b210a_24/h02_mavic_linked_full20_b210a_24_mavic_linked/06_2460.000MHz.cfile,complex_int16_interleaved,0.250000,-48.212703,0.0038847657,0.023445169,0.00030869637,-101.093438,-120.000000,18.906562,0.983888,0.000732
h02,h02_mavic_linked_full20,h02_mavic_linked_full20_b210a_24,h02_mavic_linked_full20_b210a_24_mavic_linked,mavic_linked,1,0,2.4,b210a_24,7,2470000000,20000000,2.000,raw_iq_followup/h02_mavic_linked_full20_b210a_24/h02_mavic_linked_full20_b210a_24_mavic_linked/07_2470.000MHz.cfile,complex_int16_interleaved,0.250000,-54.719108,0.0018367268,0.027275681,0.00042099825,-106.516959,-120.000000,13.483041,0.998137,0.000732
h02,h02_mavic_linked_full20,h02_mavic_linked_full20_b210a_24,h02_mavic_linked_full20_b210a_24_mavic_linked,mavic_linked,1,0,2.4,b210a_24,8,2480000000,20000000,2.000,raw_iq_followup/h02_mavic_linked_full20_b210a_24/h02_mavic_linked_full20_b210a_24_mavic_linked/08_2480.000MHz.cfile,complex_int16_interleaved,0.250000,-52.791312,0.0022931599,0.040701639,0.0010131022,-100.473190,-120.000000,19.526810,0.980864,0.000732
h02,h02_mavic_linked_full20,h02_mavic_linked_full20_b210b_58,h02_mavic_linked_full20_b210b_58_mavic_linked,mavic_linked,1,0,5.8,b210b_58,1,5735000000,20000000,2.000,raw_iq_followup/h02_mavic_linked_full20_b210b_58/h02_mavic_linked_full20_b210b_58_mavic_linked/01_5735.000MHz.cfile,complex_int16_interleaved,0.250000,-24.409172,0.060192364,0.45979568,8.6574552e-07,-81.672094,-120.000000,38.327906,0.720022,0.043701
h02,h02_mavic_linked_full20,h02_mavic_linked_full20_b210b_58,h02_mavic_linked_full20_b210b_58_mavic_linked,mavic_linked,1,0,5.8,b210b_58,2,5745000000,20000000,2.000,raw_iq_followup/h02_mavic_linked_full20_b210b_58/h02_mavic_linked_full20_b210b_58_mavic_linked/02_5745.000MHz.cfile,complex_int16_interleaved,0.250000,-21.274550,0.086352018,0.53820992,9.4958393e-08,-81.473684,-120.000000,38.526316,0.798604,0.086914
h02,h02_mavic_linked_full20,h02_mavic_linked_full20_b210b_58,h02_mavic_linked_full20_b210b_58_mavic_linked,mavic_linked,1,0,5.8,b210b_58,3,5755000000,20000000,2.000,raw_iq_followup/h02_mavic_linked_full20_b210b_58/h02_mavic_linked_full20_b210b_58_mavic_linked/03_5755.000MHz.cfile,complex_int16_interleaved,0.250000,-25.892534,0.050742667,0.42367667,1.5386757e-06,-82.664203,-120.000000,37.335797,0.720637,0.034912
h02,h02_mavic_linked_full20,h02_mavic_linked_full20_b210b_58,h02_mavic_linked_full20_b210b_58_mavic_linked,mavic_linked,1,0,5.8,b210b_58,4,5765000000,20000000,2.000,raw_iq_followup/h02_mavic_linked_full20_b210b_58/h02_mavic_linked_full20_b210b_58_mavic_linked/04_5765.000MHz.cfile,complex_int16_interleaved,0.250000,-57.143954,0.0013893196,0.019683246,0.0016835217,-102.651146,-120.000000,17.348854,0.993828,0.000732
h02,h02_mavic_linked_full20,h02_mavic_linked_full20_b210b_58,h02_mavic_linked_full20_b210b_58_mavic_linked,mavic_linked,1,0,5.8,b210b_58,5,5775000000,20000000,2.000,raw_iq_followup/h02_mavic_linked_full20_b210b_58/h02_mavic_linked_full20_b210b_58_mavic_linked/05_5775.000MHz.cfile,complex_int16_interleaved,0.250000,-57.737211,0.0012975955,0.010253906,0.00057435585,-107.895232,-120.000000,12.104768,0.998873,0.000732
h02,h02_mavic_linked_full20,h02_mavic_linked_full20_b210b_58,h02_mavic_linked_full20_b210b_58_mavic_linked,mavic_linked,1,0,5.8,b210b_58,6,5785000000,20000000,2.000,raw_iq_followup/h02_mavic_linked_full20_b210b_58/h02_mavic_linked_full20_b210b_58_mavic_linked/06_5785.000MHz.cfile,complex_int16_interleaved,0.250000,-57.640262,0.00131216,0.01175937,0.0006972667,-106.766973,-120.000000,13.233027,0.998340,0.000732
h02,h02_mavic_linked_full20,h02_mavic_linked_full20_b210b_58,h02_mavic_linked_full20_b210b_58_mavic_linked,mavic_linked,1,0,5.8,b210b_58,7,5795000000,20000000,2.000,raw_iq_followup/h02_mavic_linked_full20_b210b_58/h02_mavic_linked_full20_b210b_58_mavic_linked/07_5795.000MHz.cfile,complex_int16_interleaved,0.250000,-57.632383,0.0013133507,0.011880396,0.00074470753,-106.373944,-120.000000,13.626056,0.998113,0.000732
h02,h02_mavic_linked_full20,h02_mavic_linked_full20_b210b_58,h02_mavic_linked_full20_b210b_58_mavic_linked,mavic_linked,1,0,5.8,b210b_58,8,5805000000,20000000,2.000,raw_iq_followup/h02_mavic_linked_full20_b210b_58/h02_mavic_linked_full20_b210b_58_mavic_linked/08_5805.000MHz.cfile,complex_int16_interleaved,0.250000,-57.771931,0.001292419,0.013028969,0.00093061037,-106.042872,-120.000000,13.957128,0.997899,0.000732
h02,h02_mavic_linked_full20,h02_mavic_linked_full20_b210b_58,h02_mavic_linked_full20_b210b_58_mavic_linked,mavic_linked,1,0,5.8,b210b_58,9,5815000000,20000000,2.000,raw_iq_followup/h02_mavic_linked_full20_b210b_58/h02_mavic_linked_full20_b210b_58_mavic_linked/09_5815.000MHz.cfile,complex_int16_interleaved,0.250000,-57.206338,0.0013793771,0.018092781,0.0015736563,-102.771419,-120.000000,17.228581,0.994049,0.000732
h02,h02_mavic_linked_full20,h02_mavic_linked_full20_b210b_58,h02_mavic_linked_full20_b210b_58_mavic_linked,mavic_linked,1,0,5.8,b210b_58,10,5825000000,20000000,2.000,raw_iq_followup/h02_mavic_linked_full20_b210b_58/h02_mavic_linked_full20_b210b_58_mavic_linked/10_5825.000MHz.cfile,complex_int16_interleaved,0.250000,-57.783994,0.0012906253,0.012732817,0.00071845144,-106.294260,-120.000000,13.705740,0.998064,0.000732
h02,h02_mavic_linked_full20,h02_mavic_linked_full20_b210b_58,h02_mavic_linked_full20_b210b_58_mavic_linked,mavic_linked,1,0,5.8,b210b_58,11,5835000000,20000000,2.000,raw_iq_followup/h02_mavic_linked_full20_b210b_58/h02_mavic_linked_full20_b210b_58_mavic_linked/11_5835.000MHz.cfile,complex_int16_interleaved,0.250000,-57.782265,0.0012908822,0.013407744,0.00079564505,-106.205600,-120.000000,13.794400,0.998002,0.000732
h02,h02_mavic_linked_full20,h02_mavic_linked_full20_b210b_58,h02_mavic_linked_full20_b210b_58_mavic_linked,mavic_linked,1,0,5.8,b210b_58,12,5845000000,20000000,2.000,raw_iq_followup/h02_mavic_linked_full20_b210b_58/h02_mavic_linked_full20_b210b_58_mavic_linked/12_5845.000MHz.cfile,complex_int16_interleaved,0.250000,-57.611283,0.001316545,0.014656574,0.0011371041,-104.793950,-120.000000,15.206050,0.996837,0.000732
h02,h02_mavic_linked_ranked8s,h02_mavic_linked_ranked8s_b210a_24,h02_mavic_linked_ranked8s_b210a_24_mavic_linked,mavic_linked,1,0,2.4,b210a_24,1,2420000000,20000000,2.000,raw_iq_followup/h02_mavic_linked_ranked8s_b210a_24/h02_mavic_linked_ranked8s_b210a_24_mavic_linked/01_2420.000MHz.cfile,complex_int16_interleaved,0.250000,-47.765055,0.0040902252,0.04146225,0.00012504333,-104.908254,-120.000000,15.091746,0.984358,0.003418
h02,h02_mavic_linked_ranked8s,h02_mavic_linked_ranked8s_b210a_24,h02_mavic_linked_ranked8s_b210a_24_mavic_linked,mavic_linked,1,0,2.4,b210a_24,2,2480000000,20000000,2.000,raw_iq_followup/h02_mavic_linked_ranked8s_b210a_24/h02_mavic_linked_ranked8s_b210a_24_mavic_linked/02_2480.000MHz.cfile,complex_int16_interleaved,0.250000,-53.411062,0.0021352408,0.038682256,0.00054952838,-103.224989,-120.000000,16.775011,0.988016,0.000732
h02,h02_mavic_linked_ranked8s,h02_mavic_linked_ranked8s_b210a_24,h02_mavic_linked_ranked8s_b210a_24_mavic_linked,mavic_linked,1,0,2.4,b210a_24,3,2470000000,20000000,2.000,raw_iq_followup/h02_mavic_linked_ranked8s_b210a_24/h02_mavic_linked_ranked8s_b210a_24_mavic_linked/03_2470.000MHz.cfile,complex_int16_interleaved,0.250000,-54.184146,0.0019534065,0.026135879,0.0011224462,-101.629874,-120.000000,18.370126,0.991657,0.000732
h02,h02_mavic_linked_ranked8s,h02_mavic_linked_ranked8s_b210a_24,h02_mavic_linked_ranked8s_b210a_24_mavic_linked,mavic_linked,1,0,2.4,b210a_24,4,2450000000,20000000,2.000,raw_iq_followup/h02_mavic_linked_ranked8s_b210a_24/h02_mavic_linked_ranked8s_b210a_24_mavic_linked/04_2450.000MHz.cfile,complex_int16_interleaved,0.250000,-50.350703,0.0030371401,0.019683246,0.00040832505,-102.365903,-120.000000,17.634097,0.993217,0.000732
h02,h02_mavic_linked_ranked8s,h02_mavic_linked_ranked8s_b210b_58,h02_mavic_linked_ranked8s_b210b_58_mavic_linked,mavic_linked,1,0,5.8,b210b_58,1,5775000000,20000000,2.000,raw_iq_followup/h02_mavic_linked_ranked8s_b210b_58/h02_mavic_linked_ranked8s_b210b_58_mavic_linked/01_5775.000MHz.cfile,complex_int16_interleaved,0.250000,-57.283490,0.0013671791,0.017122103,0.0014602205,-103.537028,-120.000000,16.462972,0.995298,0.000732
h02,h02_mavic_linked_ranked8s,h02_mavic_linked_ranked8s_b210b_58,h02_mavic_linked_ranked8s_b210b_58_mavic_linked,mavic_linked,1,0,5.8,b210b_58,2,5735000000,20000000,2.000,raw_iq_followup/h02_mavic_linked_ranked8s_b210b_58/h02_mavic_linked_ranked8s_b210b_58_mavic_linked/02_5735.000MHz.cfile,complex_int16_interleaved,0.250000,-25.714185,0.05179535,0.43589041,1.0504689e-06,-82.681615,-120.000000,37.318385,0.720337,0.039551
h02,h02_mavic_linked_ranked8s,h02_mavic_linked_ranked8s_b210b_58,h02_mavic_linked_ranked8s_b210b_58_mavic_linked,mavic_linked,1,0,5.8,b210b_58,3,5755000000,20000000,2.000,raw_iq_followup/h02_mavic_linked_ranked8s_b210b_58/h02_mavic_linked_ranked8s_b210b_58_mavic_linked/03_5755.000MHz.cfile,complex_int16_interleaved,0.250000,-26.065304,0.049743325,0.43878806,7.4444118e-07,-82.429395,-120.000000,37.570605,0.719225,0.028320
h02,h02_mavic_linked_ranked8s,h02_mavic_linked_ranked8s_b210b_58,h02_mavic_linked_ranked8s_b210b_58_mavic_linked,mavic_linked,1,0,5.8,b210b_58,4,5745000000,20000000,2.000,raw_iq_followup/h02_mavic_linked_ranked8s_b210b_58/h02_mavic_linked_ranked8s_b210b_58_mavic_linked/04_5745.000MHz.cfile,complex_int16_interleaved,0.250000,-21.055663,0.088555765,0.55631214,2.2575232e-07,-81.462658,-120.000000,38.537342,0.799016,0.094482
h03,h03_hubsan_controller_only_full20,h03_hubsan_controller_only_full20_b210a_24,h03_hubsan_controller_only_full20_b210a_24_hubsan_controller_only,hubsan_controller_only,0,1,2.4,b210a_24,1,2410000000,20000000,2.000,raw_iq_followup/h03_hubsan_controller_only_full20_b210a_24/h03_hubsan_controller_only_full20_b210a_24_hubsan_controller_only/01_2410.000MHz.cfile,complex_int16_interleaved,0.250000,-49.864394,0.0032120351,0.023839699,0.00055706677,-100.354304,-120.000000,19.645696,0.986891,0.000732
h03,h03_hubsan_controller_only_full20,h03_hubsan_controller_only_full20_b210a_24,h03_hubsan_controller_only_full20_b210a_24_hubsan_controller_only,hubsan_controller_only,0,1,2.4,b210a_24,2,2420000000,20000000,2.000,raw_iq_followup/h03_hubsan_controller_only_full20_b210a_24/h03_hubsan_controller_only_full20_b210a_24_hubsan_controller_only/02_2420.000MHz.cfile,complex_int16_interleaved,0.250000,-32.450594,0.023849008,0.071254797,3.3077748e-06,-77.589127,-120.000000,42.410873,0.449584,0.001709
h03,h03_hubsan_controller_only_full20,h03_hubsan_controller_only_full20_b210a_24,h03_hubsan_controller_only_full20_b210a_24_hubsan_controller_only,hubsan_controller_only,0,1,2.4,b210a_24,3,2430000000,20000000,2.000,raw_iq_followup/h03_hubsan_controller_only_full20_b210a_24/h03_hubsan_controller_only_full20_b210a_24_hubsan_controller_only/03_2430.000MHz.cfile,complex_int16_interleaved,0.250000,-32.873718,0.02271507,0.069211535,7.9875566e-06,-78.136556,-120.000000,41.863444,0.454113,0.001709
h03,h03_hubsan_controller_only_full20,h03_hubsan_controller_only_full20_b210a_24,h03_hubsan_controller_only_full20_b210a_24_hubsan_controller_only,hubsan_controller_only,0,1,2.4,b210a_24,4,2440000000,20000000,2.000,raw_iq_followup/h03_hubsan_controller_only_full20_b210a_24/h03_hubsan_controller_only_full20_b210a_24_hubsan_controller_only/04_2440.000MHz.cfile,complex_int16_interleaved,0.250000,-49.180088,0.0034753261,0.027120497,0.0002379969,-103.458956,-120.000000,16.541044,0.990756,0.000732
h03,h03_hubsan_controller_only_full20,h03_hubsan_controller_only_full20_b210a_24,h03_hubsan_controller_only_full20_b210a_24_hubsan_controller_only,hubsan_controller_only,0,1,2.4,b210a_24,5,2450000000,20000000,2.000,raw_iq_followup/h03_hubsan_controller_only_full20_b210a_24/h03_hubsan_controller_only_full20_b210a_24_hubsan_controller_only/05_2450.000MHz.cfile,complex_int16_interleaved,0.250000,-50.551537,0.0029677215,0.024151361,0.00011492458,-108.315866,-120.000000,11.684134,0.997474,0.000732
h03,h03_hubsan_controller_only_full20,h03_hubsan_controller_only_full20_b210a_24,h03_hubsan_controller_only_full20_b210a_24_hubsan_controller_only,hubsan_controller_only,0,1,2.4,b210a_24,6,2460000000,20000000,2.000,raw_iq_followup/h03_hubsan_controller_only_full20_b210a_24/h03_hubsan_controller_only_full20_b210a_24_hubsan_controller_only/06_2460.000MHz.cfile,complex_int16_interleaved,0.250000,-49.895513,0.0032005479,0.026940247,0.0002917465,-103.136414,-120.000000,16.863586,0.992188,0.000732
h03,h03_hubsan_controller_only_full20,h03_hubsan_controller_only_full20_b210a_24,h03_hubsan_controller_only_full20_b210a_24_hubsan_controller_only,hubsan_controller_only,0,1,2.4,b210a_24,7,2470000000,20000000,2.000,raw_iq_followup/h03_hubsan_controller_only_full20_b210a_24/h03_hubsan_controller_only_full20_b210a_24_hubsan_controller_only/07_2470.000MHz.cfile,complex_int16_interleaved,0.250000,-55.123065,0.0017532614,0.016227577,0.0007284122,-104.916305,-120.000000,15.083695,0.997011,0.000732
h03,h03_hubsan_controller_only_full20,h03_hubsan_controller_only_full20_b210a_24,h03_hubsan_controller_only_full20_b210a_24_hubsan_controller_only,hubsan_controller_only,0,1,2.4,b210a_24,8,2480000000,20000000,2.000,raw_iq_followup/h03_hubsan_controller_only_full20_b210a_24/h03_hubsan_controller_only_full20_b210a_24_hubsan_controller_only/08_2480.000MHz.cfile,complex_int16_interleaved,0.250000,-55.202879,0.0017372247,0.013720867,0.0004019658,-106.956380,-120.000000,13.043620,0.998182,0.000732
h03,h03_hubsan_controller_only_full20,h03_hubsan_controller_only_full20_b210b_58,h03_hubsan_controller_only_full20_b210b_58_hubsan_controller_only,hubsan_controller_only,0,1,5.8,b210b_58,1,5735000000,20000000,2.000,raw_iq_followup/h03_hubsan_controller_only_full20_b210b_58/h03_hubsan_controller_only_full20_b210b_58_hubsan_controller_only/01_5735.000MHz.cfile,complex_int16_interleaved,0.250000,-56.791716,0.0014468187,0.020681508,0.0019175828,-101.812709,-120.000000,18.187291,0.992047,0.000732
h03,h03_hubsan_controller_only_full20,h03_hubsan_controller_only_full20_b210b_58,h03_hubsan_controller_only_full20_b210b_58_hubsan_controller_only,hubsan_controller_only,0,1,5.8,b210b_58,2,5745000000,20000000,2.000,raw_iq_followup/h03_hubsan_controller_only_full20_b210b_58/h03_hubsan_controller_only_full20_b210b_58_hubsan_controller_only/02_5745.000MHz.cfile,complex_int16_interleaved,0.250000,-57.202116,0.0013800477,0.014691132,0.0011562434,-104.296466,-120.000000,15.703534,0.996298,0.000732
h03,h03_hubsan_controller_only_full20,h03_hubsan_controller_only_full20_b210b_58,h03_hubsan_controller_only_full20_b210b_58_hubsan_controller_only,hubsan_controller_only,0,1,5.8,b210b_58,3,5755000000,20000000,2.000,raw_iq_followup/h03_hubsan_controller_only_full20_b210b_58/h03_hubsan_controller_only_full20_b210b_58_hubsan_controller_only/03_5755.000MHz.cfile,complex_int16_interleaved,0.250000,-56.286198,0.0015335219,0.024005368,0.002259301,-100.499055,-120.000000,19.500945,0.988265,0.000732
h03,h03_hubsan_controller_only_full20,h03_hubsan_controller_only_full20_b210b_58,h03_hubsan_controller_only_full20_b210b_58_hubsan_controller_only,hubsan_controller_only,0,1,5.8,b210b_58,4,5765000000,20000000,2.000,raw_iq_followup/h03_hubsan_controller_only_full20_b210b_58/h03_hubsan_controller_only_full20_b210b_58_hubsan_controller_only/04_5765.000MHz.cfile,complex_int16_interleaved,0.250000,-57.806098,0.001287345,0.013708916,0.0010276875,-105.464276,-120.000000,14.535724,0.997455,0.000732
h03,h03_hubsan_controller_only_full20,h03_hubsan_controller_only_full20_b210b_58,h03_hubsan_controller_only_full20_b210b_58_hubsan_controller_only,hubsan_controller_only,0,1,5.8,b210b_58,5,5775000000,20000000,2.000,raw_iq_followup/h03_hubsan_controller_only_full20_b210b_58/h03_hubsan_controller_only_full20_b210b_58_hubsan_controller_only/05_5775.000MHz.cfile,complex_int16_interleaved,0.250000,-57.120267,0.0013931137,0.019798007,0.001657541,-102.386039,-120.000000,17.613961,0.993302,0.000732
h03,h03_hubsan_controller_only_full20,h03_hubsan_controller_only_full20_b210b_58,h03_hubsan_controller_only_full20_b210b_58_hubsan_controller_only,hubsan_controller_only,0,1,5.8,b210b_58,6,5785000000,20000000,2.000,raw_iq_followup/h03_hubsan_controller_only_full20_b210b_58/h03_hubsan_controller_only_full20_b210b_58_hubsan_controller_only/06_5785.000MHz.cfile,complex_int16_interleaved,0.250000,-57.417981,0.0013461729,0.01663026,0.0012167065,-104.220770,-120.000000,15.779230,0.996208,0.000732
h03,h03_hubsan_controller_only_full20,h03_hubsan_controller_only_full20_b210b_58,h03_hubsan_controller_only_full20_b210b_58_hubsan_controller_only,hubsan_controller_only,0,1,5.8,b210b_58,7,5795000000,20000000,2.000,raw_iq_followup/h03_hubsan_controller_only_full20_b210b_58/h03_hubsan_controller_only_full20_b210b_58_hubsan_controller_only/07_5795.000MHz.cfile,complex_int16_interleaved,0.250000,-56.715248,0.0014596122,0.022466244,0.0019983521,-101.057308,-120.000000,18.942692,0.990040,0.000732
h03,h03_hubsan_controller_only_full20,h03_hubsan_controller_only_full20_b210b_58,h03_hubsan_controller_only_full20_b210b_58_hubsan_controller_only,hubsan_controller_only,0,1,5.8,b210b_58,8,5805000000,20000000,2.000,raw_iq_followup/h03_hubsan_controller_only_full20_b210b_58/h03_hubsan_controller_only_full20_b210b_58_hubsan_controller_only/08_5805.000MHz.cfile,complex_int16_interleaved,0.250000,-57.826184,0.0012843715,0.012216793,0.00084215416,-106.342513,-120.000000,13.657487,0.998090,0.000732
h03,h03_hubsan_controller_only_full20,h03_hubsan_controller_only_full20_b210b_58,h03_hubsan_controller_only_full20_b210b_58_hubsan_controller_only,hubsan_controller_only,0,1,5.8,b210b_58,9,5815000000,20000000,2.000,raw_iq_followup/h03_hubsan_controller_only_full20_b210b_58/h03_hubsan_controller_only_full20_b210b_58_hubsan_controller_only/09_5815.000MHz.cfile,complex_int16_interleaved,0.250000,-57.869444,0.0012779907,0.013219713,0.00088431231,-105.998273,-120.000000,14.001727,0.997860,0.000732
h03,h03_hubsan_controller_only_full20,h03_hubsan_controller_only_full20_b210b_58,h03_hubsan_controller_only_full20_b210b_58_hubsan_controller_only,hubsan_controller_only,0,1,5.8,b210b_58,10,5825000000,20000000,2.000,raw_iq_followup/h03_hubsan_controller_only_full20_b210b_58/h03_hubsan_controller_only_full20_b210b_58_hubsan_controller_only/10_5825.000MHz.cfile,complex_int16_interleaved,0.250000,-57.946824,0.0012666559,0.011875417,0.00079173052,-106.477041,-120.000000,13.522959,0.998172,0.000732
h03,h03_hubsan_controller_only_full20,h03_hubsan_controller_only_full20_b210b_58,h03_hubsan_controller_only_full20_b210b_58_hubsan_controller_only,hubsan_controller_only,0,1,5.8,b210b_58,11,5835000000,20000000,2.000,raw_iq_followup/h03_hubsan_controller_only_full20_b210b_58/h03_hubsan_controller_only_full20_b210b_58_hubsan_controller_only/11_5835.000MHz.cfile,complex_int16_interleaved,0.250000,-58.191811,0.0012314288,0.0083151301,0.0003801749,-109.625812,-120.000000,10.374188,0.999392,0.000732
h03,h03_hubsan_controller_only_full20,h03_hubsan_controller_only_full20_b210b_58,h03_hubsan_controller_only_full20_b210b_58_hubsan_controller_only,hubsan_controller_only,0,1,5.8,b210b_58,12,5845000000,20000000,2.000,raw_iq_followup/h03_hubsan_controller_only_full20_b210b_58/h03_hubsan_controller_only_full20_b210b_58_hubsan_controller_only/12_5845.000MHz.cfile,complex_int16_interleaved,0.250000,-57.687029,0.0013051139,0.015262207,0.0010756063,-104.714058,-120.000000,15.285942,0.996753,0.000732
h03,h03_hubsan_controller_only_ranked8s,h03_hubsan_controller_only_ranked8s_b210b_58,h03_hubsan_controller_only_ranked8s_b210b_58_hubsan_controller_only,hubsan_controller_only,0,1,5.8,b210b_58,1,5775000000,20000000,2.000,raw_iq_followup/h03_hubsan_controller_only_ranked8s_b210b_58/h03_hubsan_controller_only_ranked8s_b210b_58_hubsan_controller_only/01_5775.000MHz.cfile,complex_int16_interleaved,0.250000,-57.278906,0.0013679007,0.018125694,0.0014369531,-103.148952,-120.000000,16.851048,0.994700,0.000732
h03,h03_hubsan_controller_only_ranked8s,h03_hubsan_controller_only_ranked8s_b210b_58,h03_hubsan_controller_only_ranked8s_b210b_58_hubsan_controller_only,hubsan_controller_only,0,1,5.8,b210b_58,2,5735000000,20000000,2.000,raw_iq_followup/h03_hubsan_controller_only_ranked8s_b210b_58/h03_hubsan_controller_only_ranked8s_b210b_58_hubsan_controller_only/02_5735.000MHz.cfile,complex_int16_interleaved,0.250000,-57.080792,0.0013994594,0.018062308,0.0014217139,-103.250552,-120.000000,16.749448,0.994867,0.000732
h03,h03_hubsan_controller_only_ranked8s,h03_hubsan_controller_only_ranked8s_b210b_58,h03_hubsan_controller_only_ranked8s_b210b_58_hubsan_controller_only,hubsan_controller_only,0,1,5.8,b210b_58,3,5755000000,20000000,2.000,raw_iq_followup/h03_hubsan_controller_only_ranked8s_b210b_58/h03_hubsan_controller_only_ranked8s_b210b_58_hubsan_controller_only/03_5755.000MHz.cfile,complex_int16_interleaved,0.250000,-58.008036,0.0012577609,0.0083585298,0.00033237943,-109.966727,-120.000000,10.033273,0.999464,0.000732
h03,h03_hubsan_controller_only_ranked8s,h03_hubsan_controller_only_ranked8s_b210b_58,h03_hubsan_controller_only_ranked8s_b210b_58_hubsan_controller_only,hubsan_controller_only,0,1,5.8,b210b_58,4,5745000000,20000000,2.000,raw_iq_followup/h03_hubsan_controller_only_ranked8s_b210b_58/h03_hubsan_controller_only_ranked8s_b210b_58_hubsan_controller_only/04_5745.000MHz.cfile,complex_int16_interleaved,0.250000,-56.660545,0.0014688337,0.020570228,0.0016783888,-101.963295,-120.000000,18.036705,0.992397,0.000732
h03,h03_hubsan_controller_only_ranked8s,h03_hubsan_controller_only_ranked8s_b210a_24,h03_hubsan_controller_only_ranked8s_b210a_24_hubsan_controller_only,hubsan_controller_only,0,1,2.4,b210a_24,1,2420000000,20000000,2.000,raw_iq_followup/h03_hubsan_controller_only_ranked8s_b210a_24/h03_hubsan_controller_only_ranked8s_b210a_24_hubsan_controller_only/01_2420.000MHz.cfile,complex_int16_interleaved,0.250000,-32.948204,0.022521111,0.073338792,3.3445151e-06,-77.771574,-120.000000,42.228426,0.457466,0.001465
h03,h03_hubsan_controller_only_ranked8s,h03_hubsan_controller_only_ranked8s_b210a_24,h03_hubsan_controller_only_ranked8s_b210a_24_hubsan_controller_only,hubsan_controller_only,0,1,2.4,b210a_24,2,2480000000,20000000,2.000,raw_iq_followup/h03_hubsan_controller_only_ranked8s_b210a_24/h03_hubsan_controller_only_ranked8s_b210a_24_hubsan_controller_only/02_2480.000MHz.cfile,complex_int16_interleaved,0.250000,-54.759759,0.0018281508,0.016658936,0.0008092529,-103.519702,-120.000000,16.480298,0.994785,0.000732
h03,h03_hubsan_controller_only_ranked8s,h03_hubsan_controller_only_ranked8s_b210a_24,h03_hubsan_controller_only_ranked8s_b210a_24_hubsan_controller_only,hubsan_controller_only,0,1,2.4,b210a_24,3,2470000000,20000000,2.000,raw_iq_followup/h03_hubsan_controller_only_ranked8s_b210a_24/h03_hubsan_controller_only_ranked8s_b210a_24_hubsan_controller_only/03_2470.000MHz.cfile,complex_int16_interleaved,0.250000,-55.223630,0.0017330793,0.018847909,0.00084674264,-104.174081,-120.000000,15.825919,0.996201,0.000732
h03,h03_hubsan_controller_only_ranked8s,h03_hubsan_controller_only_ranked8s_b210a_24,h03_hubsan_controller_only_ranked8s_b210a_24_hubsan_controller_only,hubsan_controller_only,0,1,2.4,b210a_24,4,2450000000,20000000,2.000,raw_iq_followup/h03_hubsan_controller_only_ranked8s_b210a_24/h03_hubsan_controller_only_ranked8s_b210a_24_hubsan_controller_only/04_2450.000MHz.cfile,complex_int16_interleaved,0.250000,-50.316761,0.0030490315,0.021595085,0.00046830218,-101.551366,-120.000000,18.448634,0.990975,0.000732
h03,h03_hubsan_linked_full20,h03_hubsan_linked_full20_b210a_24,h03_hubsan_linked_full20_b210a_24_hubsan_linked,hubsan_linked,1,0,2.4,b210a_24,1,2410000000,20000000,2.000,raw_iq_followup/h03_hubsan_linked_full20_b210a_24/h03_hubsan_linked_full20_b210a_24_hubsan_linked/01_2410.000MHz.cfile,complex_int16_interleaved,0.250000,-50.557212,0.002965783,0.02500632,0.0004848249,-101.972119,-120.000000,18.027881,0.992094,0.000732
h03,h03_hubsan_linked_full20,h03_hubsan_linked_full20_b210a_24,h03_hubsan_linked_full20_b210a_24_hubsan_linked,hubsan_linked,1,0,2.4,b210a_24,2,2420000000,20000000,2.000,raw_iq_followup/h03_hubsan_linked_full20_b210a_24/h03_hubsan_linked_full20_b210a_24_hubsan_linked/02_2420.000MHz.cfile,complex_int16_interleaved,0.250000,-32.716547,0.023129841,0.071830295,2.9700842e-06,-77.218476,-120.000000,42.781524,0.451540,0.001465
h03,h03_hubsan_linked_full20,h03_hubsan_linked_full20_b210a_24,h03_hubsan_linked_full20_b210a_24_hubsan_linked,hubsan_linked,1,0,2.4,b210a_24,3,2430000000,20000000,2.000,raw_iq_followup/h03_hubsan_linked_full20_b210a_24/h03_hubsan_linked_full20_b210a_24_hubsan_linked/03_2430.000MHz.cfile,complex_int16_interleaved,0.250000,-32.490692,0.023739162,0.082140788,3.0268364e-06,-77.008810,-120.000000,42.991190,0.451335,0.001465
h03,h03_hubsan_linked_full20,h03_hubsan_linked_full20_b210a_24,h03_hubsan_linked_full20_b210a_24_hubsan_linked,hubsan_linked,1,0,2.4,b210a_24,4,2440000000,20000000,2.000,raw_iq_followup/h03_hubsan_linked_full20_b210a_24/h03_hubsan_linked_full20_b210a_24_hubsan_linked/04_2440.000MHz.cfile,complex_int16_interleaved,0.250000,-50.299315,0.003055162,0.031475712,0.00033987714,-103.049944,-120.000000,16.950056,0.993352,0.000732
h03,h03_hubsan_linked_full20,h03_hubsan_linked_full20_b210a_24,h03_hubsan_linked_full20_b210a_24_hubsan_linked,hubsan_linked,1,0,2.4,b210a_24,5,2450000000,20000000,2.000,raw_iq_followup/h03_hubsan_linked_full20_b210a_24/h03_hubsan_linked_full20_b210a_24_hubsan_linked/05_2450.000MHz.cfile,complex_int16_interleaved,0.250000,-50.487810,0.0029895752,0.026966766,0.00032936471,-103.236200,-120.000000,16.763800,0.992929,0.000732
h03,h03_hubsan_linked_full20,h03_hubsan_linked_full20_b210a_24,h03_hubsan_linked_full20_b210a_24_hubsan_linked,hubsan_linked,1,0,2.4,b210a_24,6,2460000000,20000000,2.000,raw_iq_followup/h03_hubsan_linked_full20_b210a_24/h03_hubsan_linked_full20_b210a_24_hubsan_linked/06_2460.000MHz.cfile,complex_int16_interleaved,0.250000,-50.463421,0.0029979814,0.023784004,0.00026840505,-104.021282,-120.000000,15.978718,0.994354,0.000732
h03,h03_hubsan_linked_full20,h03_hubsan_linked_full20_b210a_24,h03_hubsan_linked_full20_b210a_24_hubsan_linked,hubsan_linked,1,0,2.4,b210a_24,7,2470000000,20000000,2.000,raw_iq_followup/h03_hubsan_linked_full20_b210a_24/h03_hubsan_linked_full20_b210a_24_hubsan_linked/07_2470.000MHz.cfile,complex_int16_interleaved,0.250000,-55.002938,0.0017776778,0.015579157,0.00068274549,-104.868450,-120.000000,15.131550,0.996960,0.000732
h03,h03_hubsan_linked_full20,h03_hubsan_linked_full20_b210a_24,h03_hubsan_linked_full20_b210a_24_hubsan_linked,hubsan_linked,1,0,2.4,b210a_24,8,2480000000,20000000,2.000,raw_iq_followup/h03_hubsan_linked_full20_b210a_24/h03_hubsan_linked_full20_b210a_24_hubsan_linked/08_2480.000MHz.cfile,complex_int16_interleaved,0.250000,-54.305748,0.0019262495,0.026030475,0.0017193512,-99.742330,-120.000000,20.257670,0.985197,0.000732
h03,h03_hubsan_linked_full20,h03_hubsan_linked_full20_b210b_58,h03_hubsan_linked_full20_b210b_58_hubsan_linked,hubsan_linked,1,0,5.8,b210b_58,1,5735000000,20000000,2.000,raw_iq_followup/h03_hubsan_linked_full20_b210b_58/h03_hubsan_linked_full20_b210b_58_hubsan_linked/01_5735.000MHz.cfile,complex_int16_interleaved,0.250000,-56.970045,0.001417417,0.020043336,0.0017609772,-102.290253,-120.000000,17.709747,0.993106,0.000732
h03,h03_hubsan_linked_full20,h03_hubsan_linked_full20_b210b_58,h03_hubsan_linked_full20_b210b_58_hubsan_linked,hubsan_linked,1,0,5.8,b210b_58,2,5745000000,20000000,2.000,raw_iq_followup/h03_hubsan_linked_full20_b210b_58/h03_hubsan_linked_full20_b210b_58_hubsan_linked/02_5745.000MHz.cfile,complex_int16_interleaved,0.250000,-56.785975,0.0014477753,0.019683246,0.0015970016,-102.189942,-120.000000,17.810058,0.992905,0.000732
h03,h03_hubsan_linked_full20,h03_hubsan_linked_full20_b210b_58,h03_hubsan_linked_full20_b210b_58_hubsan_linked,hubsan_linked,1,0,5.8,b210b_58,3,5755000000,20000000,2.000,raw_iq_followup/h03_hubsan_linked_full20_b210b_58/h03_hubsan_linked_full20_b210b_58_hubsan_linked/03_5755.000MHz.cfile,complex_int16_interleaved,0.250000,-56.967038,0.0014179077,0.019628663,0.0017876741,-101.969941,-120.000000,18.030059,0.992415,0.000732
h03,h03_hubsan_linked_full20,h03_hubsan_linked_full20_b210b_58,h03_hubsan_linked_full20_b210b_58_hubsan_linked,hubsan_linked,1,0,5.8,b210b_58,4,5765000000,20000000,2.000,raw_iq_followup/h03_hubsan_linked_full20_b210b_58/h03_hubsan_linked_full20_b210b_58_hubsan_linked/04_5765.000MHz.cfile,complex_int16_interleaved,0.250000,-50.096112,0.0031274788,0.013327484,0.00010896047,-104.067716,-120.000000,15.932284,0.969352,0.004883
h03,h03_hubsan_linked_full20,h03_hubsan_linked_full20_b210b_58,h03_hubsan_linked_full20_b210b_58_hubsan_linked,hubsan_linked,1,0,5.8,b210b_58,5,5775000000,20000000,2.000,raw_iq_followup/h03_hubsan_linked_full20_b210b_58/h03_hubsan_linked_full20_b210b_58_hubsan_linked/05_5775.000MHz.cfile,complex_int16_interleaved,0.250000,-49.182269,0.0034744539,0.015632628,0.00010303388,-102.898205,-120.000000,17.101795,0.961019,0.004395
h03,h03_hubsan_linked_full20,h03_hubsan_linked_full20_b210b_58,h03_hubsan_linked_full20_b210b_58_hubsan_linked,hubsan_linked,1,0,5.8,b210b_58,6,5785000000,20000000,2.000,raw_iq_followup/h03_hubsan_linked_full20_b210b_58/h03_hubsan_linked_full20_b210b_58_hubsan_linked/06_5785.000MHz.cfile,complex_int16_interleaved,0.250000,-57.830536,0.0012837282,0.011272848,0.00068961864,-107.096789,-120.000000,12.903211,0.998518,0.000732
h03,h03_hubsan_linked_full20,h03_hubsan_linked_full20_b210b_58,h03_hubsan_linked_full20_b210b_58_hubsan_linked,hubsan_linked,1,0,5.8,b210b_58,7,5795000000,20000000,2.000,raw_iq_followup/h03_hubsan_linked_full20_b210b_58/h03_hubsan_linked_full20_b210b_58_hubsan_linked/07_5795.000MHz.cfile,complex_int16_interleaved,0.250000,-57.960298,0.0012646926,0.011728918,0.00066693644,-107.020481,-120.000000,12.979519,0.998478,0.000732
h03,h03_hubsan_linked_full20,h03_hubsan_linked_full20_b210b_58,h03_hubsan_linked_full20_b210b_58_hubsan_linked,hubsan_linked,1,0,5.8,b210b_58,8,5805000000,20000000,2.000,raw_iq_followup/h03_hubsan_linked_full20_b210b_58/h03_hubsan_linked_full20_b210b_58_hubsan_linked/08_5805.000MHz.cfile,complex_int16_interleaved,0.250000,-57.924548,0.0012699086,0.01175937,0.00072213872,-107.015278,-120.000000,12.984722,0.998477,0.000732
h03,h03_hubsan_linked_full20,h03_hubsan_linked_full20_b210b_58,h03_hubsan_linked_full20_b210b_58_hubsan_linked,hubsan_linked,1,0,5.8,b210b_58,9,5815000000,20000000,2.000,raw_iq_followup/h03_hubsan_linked_full20_b210b_58/h03_hubsan_linked_full20_b210b_58_hubsan_linked/09_5815.000MHz.cfile,complex_int16_interleaved,0.250000,-57.771722,0.0012924501,0.014193791,0.0010065379,-105.342480,-120.000000,14.657520,0.997350,0.000732
h03,h03_hubsan_linked_full20,h03_hubsan_linked_full20_b210b_58,h03_hubsan_linked_full20_b210b_58_hubsan_linked,hubsan_linked,1,0,5.8,b210b_58,10,5825000000,20000000,2.000,raw_iq_followup/h03_hubsan_linked_full20_b210b_58/h03_hubsan_linked_full20_b210b_58_hubsan_linked/10_5825.000MHz.cfile,complex_int16_interleaved,0.250000,-57.791409,0.0012895239,0.014160156,0.00095519283,-105.448324,-120.000000,14.551676,0.997430,0.000732
h03,h03_hubsan_linked_full20,h03_hubsan_linked_full20_b210b_58,h03_hubsan_linked_full20_b210b_58_hubsan_linked,hubsan_linked,1,0,5.8,b210b_58,11,5835000000,20000000,2.000,raw_iq_followup/h03_hubsan_linked_full20_b210b_58/h03_hubsan_linked_full20_b210b_58_hubsan_linked/11_5835.000MHz.cfile,complex_int16_interleaved,0.250000,-57.967080,0.0012637055,0.012294608,0.00069141504,-106.763368,-120.000000,13.236632,0.998336,0.000732
h03,h03_hubsan_linked_full20,h03_hubsan_linked_full20_b210b_58,h03_hubsan_linked_full20_b210b_58_hubsan_linked,hubsan_linked,1,0,5.8,b210b_58,12,5845000000,20000000,2.000,raw_iq_followup/h03_hubsan_linked_full20_b210b_58/h03_hubsan_linked_full20_b210b_58_hubsan_linked/12_5845.000MHz.cfile,complex_int16_interleaved,0.250000,-57.992338,0.001260036,0.011325599,0.0007039593,-106.906692,-120.000000,13.093308,0.998416,0.000732
h03,h03_hubsan_linked_ranked8s,h03_hubsan_linked_ranked8s_b210a_24,h03_hubsan_linked_ranked8s_b210a_24_hubsan_linked,hubsan_linked,1,0,2.4,b210a_24,1,2420000000,20000000,2.000,raw_iq_followup/h03_hubsan_linked_ranked8s_b210a_24/h03_hubsan_linked_ranked8s_b210a_24_hubsan_linked/01_2420.000MHz.cfile,complex_int16_interleaved,0.250000,-33.021102,0.022332889,0.074436881,4.3653726e-06,-77.748603,-120.000000,42.251397,0.467243,0.001709
h03,h03_hubsan_linked_ranked8s,h03_hubsan_linked_ranked8s_b210a_24,h03_hubsan_linked_ranked8s_b210a_24_hubsan_linked,hubsan_linked,1,0,2.4,b210a_24,2,2480000000,20000000,2.000,raw_iq_followup/h03_hubsan_linked_ranked8s_b210a_24/h03_hubsan_linked_ranked8s_b210a_24_hubsan_linked/02_2480.000MHz.cfile,complex_int16_interleaved,0.250000,-54.609940,0.0018599572,0.0156012,0.00053912717,-105.085492,-120.000000,14.914508,0.995831,0.000732
h03,h03_hubsan_linked_ranked8s,h03_hubsan_linked_ranked8s_b210a_24,h03_hubsan_linked_ranked8s_b210a_24_hubsan_linked,hubsan_linked,1,0,2.4,b210a_24,3,2470000000,20000000,2.000,raw_iq_followup/h03_hubsan_linked_ranked8s_b210a_24/h03_hubsan_linked_ranked8s_b210a_24_hubsan_linked/03_2470.000MHz.cfile,complex_int16_interleaved,0.250000,-54.482737,0.0018873963,0.025582395,0.0012788499,-101.377191,-120.000000,18.622809,0.991002,0.000732
h03,h03_hubsan_linked_ranked8s,h03_hubsan_linked_ranked8s_b210a_24,h03_hubsan_linked_ranked8s_b210a_24_hubsan_linked,hubsan_linked,1,0,2.4,b210a_24,4,2450000000,20000000,2.000,raw_iq_followup/h03_hubsan_linked_ranked8s_b210a_24/h03_hubsan_linked_ranked8s_b210a_24_hubsan_linked/04_2450.000MHz.cfile,complex_int16_interleaved,0.250000,-49.892462,0.0032016725,0.028144173,0.0002421821,-104.198563,-120.000000,15.801437,0.993578,0.000732
h03,h03_hubsan_linked_ranked8s,h03_hubsan_linked_ranked8s_b210b_58,h03_hubsan_linked_ranked8s_b210b_58_hubsan_linked,hubsan_linked,1,0,5.8,b210b_58,1,5775000000,20000000,2.000,raw_iq_followup/h03_hubsan_linked_ranked8s_b210b_58/h03_hubsan_linked_ranked8s_b210b_58_hubsan_linked/01_5775.000MHz.cfile,complex_int16_interleaved,0.250000,-48.067288,0.0039503499,0.022107873,0.00020932224,-102.598138,-120.000000,17.401862,0.946303,0.005859
h03,h03_hubsan_linked_ranked8s,h03_hubsan_linked_ranked8s_b210b_58,h03_hubsan_linked_ranked8s_b210b_58_hubsan_linked,hubsan_linked,1,0,5.8,b210b_58,2,5735000000,20000000,2.000,raw_iq_followup/h03_hubsan_linked_ranked8s_b210b_58/h03_hubsan_linked_ranked8s_b210b_58_hubsan_linked/02_5735.000MHz.cfile,complex_int16_interleaved,0.250000,-56.603351,0.0014785375,0.02405002,0.0021884378,-100.821886,-120.000000,19.178114,0.989326,0.000732
h03,h03_hubsan_linked_ranked8s,h03_hubsan_linked_ranked8s_b210b_58,h03_hubsan_linked_ranked8s_b210b_58_hubsan_linked,hubsan_linked,1,0,5.8,b210b_58,3,5755000000,20000000,2.000,raw_iq_followup/h03_hubsan_linked_ranked8s_b210b_58/h03_hubsan_linked_ranked8s_b210b_58_hubsan_linked/03_5755.000MHz.cfile,complex_int16_interleaved,0.250000,-57.202817,0.0013799363,0.018561112,0.0013652604,-103.113812,-120.000000,16.886188,0.994648,0.000732
h03,h03_hubsan_linked_ranked8s,h03_hubsan_linked_ranked8s_b210b_58,h03_hubsan_linked_ranked8s_b210b_58_hubsan_linked,hubsan_linked,1,0,5.8,b210b_58,4,5745000000,20000000,2.000,raw_iq_followup/h03_hubsan_linked_ranked8s_b210b_58/h03_hubsan_linked_ranked8s_b210b_58_hubsan_linked/04_5745.000MHz.cfile,complex_int16_interleaved,0.250000,-57.088614,0.0013981996,0.01623122,0.0012288154,-103.674920,-120.000000,16.325080,0.995494,0.000732
h03,h03_mavic_controller_only_full20,h03_mavic_controller_only_full20_b210a_24,h03_mavic_controller_only_full20_b210a_24_mavic_controller_only,mavic_controller_only,0,1,2.4,b210a_24,1,2410000000,20000000,2.000,raw_iq_followup/h03_mavic_controller_only_full20_b210a_24/h03_mavic_controller_only_full20_b210a_24_mavic_controller_only/01_2410.000MHz.cfile,complex_int16_interleaved,0.250000,-49.821518,0.0032279298,0.023441097,0.00028333927,-103.533919,-120.000000,16.466081,0.994151,0.000732
h03,h03_mavic_controller_only_full20,h03_mavic_controller_only_full20_b210a_24,h03_mavic_controller_only_full20_b210a_24_mavic_controller_only,mavic_controller_only,0,1,2.4,b210a_24,2,2420000000,20000000,2.000,raw_iq_followup/h03_mavic_controller_only_full20_b210a_24/h03_mavic_controller_only_full20_b210a_24_mavic_controller_only/02_2420.000MHz.cfile,complex_int16_interleaved,0.250000,-49.778503,0.003243955,0.027469905,0.00026050953,-103.709969,-120.000000,16.290031,0.993243,0.000732
h03,h03_mavic_controller_only_full20,h03_mavic_controller_only_full20_b210a_24,h03_mavic_controller_only_full20_b210a_24_mavic_controller_only,mavic_controller_only,0,1,2.4,b210a_24,3,2430000000,20000000,2.000,raw_iq_followup/h03_mavic_controller_only_full20_b210a_24/h03_mavic_controller_only_full20_b210a_24_mavic_controller_only/03_2430.000MHz.cfile,complex_int16_interleaved,0.250000,-48.789030,0.0036353687,0.0316591,0.0003860606,-100.869029,-120.000000,19.130971,0.984354,0.000732
h03,h03_mavic_controller_only_full20,h03_mavic_controller_only_full20_b210a_24,h03_mavic_controller_only_full20_b210a_24_mavic_controller_only,mavic_controller_only,0,1,2.4,b210a_24,4,2440000000,20000000,2.000,raw_iq_followup/h03_mavic_controller_only_full20_b210a_24/h03_mavic_controller_only_full20_b210a_24_mavic_controller_only/04_2440.000MHz.cfile,complex_int16_interleaved,0.250000,-49.818912,0.0032288983,0.029141843,0.00029128192,-103.015272,-120.000000,16.984728,0.991914,0.000732
h03,h03_mavic_controller_only_full20,h03_mavic_controller_only_full20_b210a_24,h03_mavic_controller_only_full20_b210a_24_mavic_controller_only,mavic_controller_only,0,1,2.4,b210a_24,5,2450000000,20000000,2.000,raw_iq_followup/h03_mavic_controller_only_full20_b210a_24/h03_mavic_controller_only_full20_b210a_24_mavic_controller_only/05_2450.000MHz.cfile,complex_int16_interleaved,0.250000,-50.429833,0.003009597,0.024913654,0.00018426547,-106.202517,-120.000000,13.797483,0.996280,0.000732
h03,h03_mavic_controller_only_full20,h03_mavic_controller_only_full20_b210a_24,h03_mavic_controller_only_full20_b210a_24_mavic_controller_only,mavic_controller_only,0,1,2.4,b210a_24,6,2460000000,20000000,2.000,raw_iq_followup/h03_mavic_controller_only_full20_b210a_24/h03_mavic_controller_only_full20_b210a_24_mavic_controller_only/06_2460.000MHz.cfile,complex_int16_interleaved,0.250000,-48.766481,0.0036448186,0.02633667,0.00024420436,-102.792746,-120.000000,17.207254,0.987636,0.000732
h03,h03_mavic_controller_only_full20,h03_mavic_controller_only_full20_b210a_24,h03_mavic_controller_only_full20_b210a_24_mavic_controller_only,mavic_controller_only,0,1,2.4,b210a_24,7,2470000000,20000000,2.000,raw_iq_followup/h03_mavic_controller_only_full20_b210a_24/h03_mavic_controller_only_full20_b210a_24_mavic_controller_only/07_2470.000MHz.cfile,complex_int16_interleaved,0.250000,-54.807795,0.0018180682,0.01606141,0.00054815806,-105.608619,-120.000000,14.391381,0.997617,0.000732
h03,h03_mavic_controller_only_full20,h03_mavic_controller_only_full20_b210a_24,h03_mavic_controller_only_full20_b210a_24_mavic_controller_only,mavic_controller_only,0,1,2.4,b210a_24,8,2480000000,20000000,2.000,raw_iq_followup/h03_mavic_controller_only_full20_b210a_24/h03_mavic_controller_only_full20_b210a_24_mavic_controller_only/08_2480.000MHz.cfile,complex_int16_interleaved,0.250000,-54.673340,0.0018464305,0.019470932,0.0010483018,-102.345224,-120.000000,17.654776,0.992766,0.000732
h03,h03_mavic_controller_only_full20,h03_mavic_controller_only_full20_b210b_58,h03_mavic_controller_only_full20_b210b_58_mavic_controller_only,mavic_controller_only,0,1,5.8,b210b_58,1,5735000000,20000000,2.000,raw_iq_followup/h03_mavic_controller_only_full20_b210b_58/h03_mavic_controller_only_full20_b210b_58_mavic_controller_only/01_5735.000MHz.cfile,complex_int16_interleaved,0.250000,-57.231281,0.0013754216,0.017152509,0.0012873444,-103.529310,-120.000000,16.470690,0.995293,0.000732
h03,h03_mavic_controller_only_full20,h03_mavic_controller_only_full20_b210b_58,h03_mavic_controller_only_full20_b210b_58_mavic_controller_only,mavic_controller_only,0,1,5.8,b210b_58,2,5745000000,20000000,2.000,raw_iq_followup/h03_mavic_controller_only_full20_b210b_58/h03_mavic_controller_only_full20_b210b_58_mavic_controller_only/02_5745.000MHz.cfile,complex_int16_interleaved,0.250000,-57.119344,0.0013932617,0.016141029,0.0011060193,-104.238483,-120.000000,15.761517,0.996228,0.000732
h03,h03_mavic_controller_only_full20,h03_mavic_controller_only_full20_b210b_58,h03_mavic_controller_only_full20_b210b_58_mavic_controller_only,mavic_controller_only,0,1,5.8,b210b_58,3,5755000000,20000000,2.000,raw_iq_followup/h03_mavic_controller_only_full20_b210b_58/h03_mavic_controller_only_full20_b210b_58_mavic_controller_only/03_5755.000MHz.cfile,complex_int16_interleaved,0.250000,-57.335291,0.0013590497,0.01663026,0.0012412005,-103.859568,-120.000000,16.140432,0.995752,0.000732
h03,h03_mavic_controller_only_full20,h03_mavic_controller_only_full20_b210b_58,h03_mavic_controller_only_full20_b210b_58_mavic_controller_only,mavic_controller_only,0,1,5.8,b210b_58,4,5765000000,20000000,2.000,raw_iq_followup/h03_mavic_controller_only_full20_b210b_58/h03_mavic_controller_only_full20_b210b_58_mavic_controller_only/04_5765.000MHz.cfile,complex_int16_interleaved,0.250000,-58.108959,0.0012432312,0.010362369,0.00056367667,-108.241546,-120.000000,11.758454,0.999001,0.000732
h03,h03_mavic_controller_only_full20,h03_mavic_controller_only_full20_b210b_58,h03_mavic_controller_only_full20_b210b_58_mavic_controller_only,mavic_controller_only,0,1,5.8,b210b_58,5,5775000000,20000000,2.000,raw_iq_followup/h03_mavic_controller_only_full20_b210b_58/h03_mavic_controller_only_full20_b210b_58_mavic_controller_only/05_5775.000MHz.cfile,complex_int16_interleaved,0.250000,-57.616982,0.0013156815,0.013893545,0.0010837007,-105.045726,-120.000000,14.954274,0.997083,0.000732
h03,h03_mavic_controller_only_full20,h03_mavic_controller_only_full20_b210b_58,h03_mavic_controller_only_full20_b210b_58_mavic_controller_only,mavic_controller_only,0,1,5.8,b210b_58,6,5785000000,20000000,2.000,raw_iq_followup/h03_mavic_controller_only_full20_b210b_58/h03_mavic_controller_only_full20_b210b_58_mavic_controller_only/06_5785.000MHz.cfile,complex_int16_interleaved,0.250000,-57.264738,0.0013701338,0.017584905,0.0014052746,-103.230702,-120.000000,16.769298,0.994836,0.000732
h03,h03_mavic_controller_only_full20,h03_mavic_controller_only_full20_b210b_58,h03_mavic_controller_only_full20_b210b_58_mavic_controller_only,mavic_controller_only,0,1,5.8,b210b_58,7,5795000000,20000000,2.000,raw_iq_followup/h03_mavic_controller_only_full20_b210b_58/h03_mavic_controller_only_full20_b210b_58_mavic_controller_only/07_5795.000MHz.cfile,complex_int16_interleaved,0.250000,-58.162832,0.0012355441,0.0078277439,0.0002881914,-110.336949,-120.000000,9.663051,0.999536,0.000732
h03,h03_mavic_controller_only_full20,h03_mavic_controller_only_full20_b210b_58,h03_mavic_controller_only_full20_b210b_58_mavic_controller_only,mavic_controller_only,0,1,5.8,b210b_58,8,5805000000,20000000,2.000,raw_iq_followup/h03_mavic_controller_only_full20_b210b_58/h03_mavic_controller_only_full20_b210b_58_mavic_controller_only/08_5805.000MHz.cfile,complex_int16_interleaved,0.250000,-57.554231,0.001325221,0.015137734,0.0012840772,-104.361037,-120.000000,15.638963,0.996380,0.000732
h03,h03_mavic_controller_only_full20,h03_mavic_controller_only_full20_b210b_58,h03_mavic_controller_only_full20_b210b_58_mavic_controller_only,mavic_controller_only,0,1,5.8,b210b_58,9,5815000000,20000000,2.000,raw_iq_followup/h03_mavic_controller_only_full20_b210b_58/h03_mavic_controller_only_full20_b210b_58_mavic_controller_only/09_5815.000MHz.cfile,complex_int16_interleaved,0.250000,-57.866660,0.0012784004,0.012749228,0.00084999209,-106.093471,-120.000000,13.906529,0.997925,0.000732
h03,h03_mavic_controller_only_full20,h03_mavic_controller_only_full20_b210b_58,h03_mavic_controller_only_full20_b210b_58_mavic_controller_only,mavic_controller_only,0,1,5.8,b210b_58,10,5825000000,20000000,2.000,raw_iq_followup/h03_mavic_controller_only_full20_b210b_58/h03_mavic_controller_only_full20_b210b_58_mavic_controller_only/10_5825.000MHz.cfile,complex_int16_interleaved,0.250000,-58.225173,0.0012267081,0.0078277439,0.00034701102,-109.951701,-120.000000,10.048299,0.999459,0.000732
h03,h03_mavic_controller_only_full20,h03_mavic_controller_only_full20_b210b_58,h03_mavic_controller_only_full20_b210b_58_mavic_controller_only,mavic_controller_only,0,1,5.8,b210b_58,11,5835000000,20000000,2.000,raw_iq_followup/h03_mavic_controller_only_full20_b210b_58/h03_mavic_controller_only_full20_b210b_58_mavic_controller_only/11_5835.000MHz.cfile,complex_int16_interleaved,0.250000,-57.536173,0.001327979,0.016179727,0.0012911759,-103.946854,-120.000000,16.053146,0.995872,0.000732
h03,h03_mavic_controller_only_full20,h03_mavic_controller_only_full20_b210b_58,h03_mavic_controller_only_full20_b210b_58_mavic_controller_only,mavic_controller_only,0,1,5.8,b210b_58,12,5845000000,20000000,2.000,raw_iq_followup/h03_mavic_controller_only_full20_b210b_58/h03_mavic_controller_only_full20_b210b_58_mavic_controller_only/12_5845.000MHz.cfile,complex_int16_interleaved,0.250000,-57.846316,0.001281398,0.013191539,0.0010003852,-105.929616,-120.000000,14.070384,0.997811,0.000732
h03,h03_mavic_controller_only_ranked8s,h03_mavic_controller_only_ranked8s_b210a_24,h03_mavic_controller_only_ranked8s_b210a_24_mavic_controller_only,mavic_controller_only,0,1,2.4,b210a_24,1,2420000000,20000000,2.000,raw_iq_followup/h03_mavic_controller_only_ranked8s_b210a_24/h03_mavic_controller_only_ranked8s_b210a_24_mavic_controller_only/01_2420.000MHz.cfile,complex_int16_interleaved,0.250000,-47.156274,0.0043871886,0.028988566,9.7396329e-05,-105.361668,-120.000000,14.638332,0.984461,0.000732
h03,h03_mavic_controller_only_ranked8s,h03_mavic_controller_only_ranked8s_b210a_24,h03_mavic_controller_only_ranked8s_b210a_24_mavic_controller_only,mavic_controller_only,0,1,2.4,b210a_24,2,2480000000,20000000,2.000,raw_iq_followup/h03_mavic_controller_only_ranked8s_b210a_24/h03_mavic_controller_only_ranked8s_b210a_24_mavic_controller_only/02_2480.000MHz.cfile,complex_int16_interleaved,0.250000,-55.035700,0.0017709853,0.01606141,0.00041278962,-106.670102,-120.000000,13.329898,0.997630,0.000732
h03,h03_mavic_controller_only_ranked8s,h03_mavic_controller_only_ranked8s_b210a_24,h03_mavic_controller_only_ranked8s_b210a_24_mavic_controller_only,mavic_controller_only,0,1,2.4,b210a_24,3,2470000000,20000000,2.000,raw_iq_followup/h03_mavic_controller_only_ranked8s_b210a_24/h03_mavic_controller_only_ranked8s_b210a_24_mavic_controller_only/03_2470.000MHz.cfile,complex_int16_interleaved,0.250000,-55.164102,0.0017449975,0.016865153,0.00079233877,-104.211203,-120.000000,15.788797,0.996244,0.000732
h03,h03_mavic_controller_only_ranked8s,h03_mavic_controller_only_ranked8s_b210a_24,h03_mavic_controller_only_ranked8s_b210a_24_mavic_controller_only,mavic_controller_only,0,1,2.4,b210a_24,4,2450000000,20000000,2.000,raw_iq_followup/h03_mavic_controller_only_ranked8s_b210a_24/h03_mavic_controller_only_ranked8s_b210a_24_mavic_controller_only/04_2450.000MHz.cfile,complex_int16_interleaved,0.250000,-50.785416,0.0028888779,0.026008463,0.00044547408,-102.457631,-120.000000,17.542369,0.993435,0.000732
h03,h03_mavic_controller_only_ranked8s,h03_mavic_controller_only_ranked8s_b210b_58,h03_mavic_controller_only_ranked8s_b210b_58_mavic_controller_only,mavic_controller_only,0,1,5.8,b210b_58,1,5775000000,20000000,2.000,raw_iq_followup/h03_mavic_controller_only_ranked8s_b210b_58/h03_mavic_controller_only_ranked8s_b210b_58_mavic_controller_only/01_5775.000MHz.cfile,complex_int16_interleaved,0.250000,-57.271003,0.0013691459,0.018035889,0.0015435967,-102.983220,-120.000000,17.016780,0.994422,0.000732
h03,h03_mavic_controller_only_ranked8s,h03_mavic_controller_only_ranked8s_b210b_58,h03_mavic_controller_only_ranked8s_b210b_58_mavic_controller_only,mavic_controller_only,0,1,5.8,b210b_58,2,5735000000,20000000,2.000,raw_iq_followup/h03_mavic_controller_only_ranked8s_b210b_58/h03_mavic_controller_only_ranked8s_b210b_58_mavic_controller_only/02_5735.000MHz.cfile,complex_int16_interleaved,0.250000,-57.910177,0.0012720114,0.0086674755,0.00036849797,-109.866907,-120.000000,10.133093,0.999445,0.000732
h03,h03_mavic_controller_only_ranked8s,h03_mavic_controller_only_ranked8s_b210b_58,h03_mavic_controller_only_ranked8s_b210b_58_mavic_controller_only,mavic_controller_only,0,1,5.8,b210b_58,3,5755000000,20000000,2.000,raw_iq_followup/h03_mavic_controller_only_ranked8s_b210b_58/h03_mavic_controller_only_ranked8s_b210b_58_mavic_controller_only/03_5755.000MHz.cfile,complex_int16_interleaved,0.250000,-57.001532,0.0014122881,0.020137556,0.0017251087,-102.303151,-120.000000,17.696849,0.993131,0.000732
h03,h03_mavic_controller_only_ranked8s,h03_mavic_controller_only_ranked8s_b210b_58,h03_mavic_controller_only_ranked8s_b210b_58_mavic_controller_only,mavic_controller_only,0,1,5.8,b210b_58,4,5745000000,20000000,2.000,raw_iq_followup/h03_mavic_controller_only_ranked8s_b210b_58/h03_mavic_controller_only_ranked8s_b210b_58_mavic_controller_only/04_5745.000MHz.cfile,complex_int16_interleaved,0.250000,-57.488614,0.0013352702,0.011739751,0.00047047725,-108.040304,-120.000000,11.959696,0.998931,0.000732
h03,h03_mavic_linked_full20,h03_mavic_linked_full20_b210a_24,h03_mavic_linked_full20_b210a_24_mavic_linked,mavic_linked,1,0,2.4,b210a_24,1,2410000000,20000000,2.000,raw_iq_followup/h03_mavic_linked_full20_b210a_24/h03_mavic_linked_full20_b210a_24_mavic_linked/01_2410.000MHz.cfile,complex_int16_interleaved,0.250000,-50.005780,0.0031601738,0.026223905,0.00010280577,-108.204688,-120.000000,11.795312,0.996105,0.000732
h03,h03_mavic_linked_full20,h03_mavic_linked_full20_b210a_24,h03_mavic_linked_full20_b210a_24_mavic_linked,mavic_linked,1,0,2.4,b210a_24,2,2420000000,20000000,2.000,raw_iq_followup/h03_mavic_linked_full20_b210a_24/h03_mavic_linked_full20_b210a_24_mavic_linked/02_2420.000MHz.cfile,complex_int16_interleaved,0.250000,-49.097832,0.003508394,0.031324789,6.5886927e-05,-109.006860,-120.000000,10.993140,0.994609,0.000977
h03,h03_mavic_linked_full20,h03_mavic_linked_full20_b210a_24,h03_mavic_linked_full20_b210a_24_mavic_linked,mavic_linked,1,0,2.4,b210a_24,3,2430000000,20000000,2.000,raw_iq_followup/h03_mavic_linked_full20_b210a_24/h03_mavic_linked_full20_b210a_24_mavic_linked/03_2430.000MHz.cfile,complex_int16_interleaved,0.250000,-49.767905,0.0032479154,0.029654436,7.1896135e-05,-109.757454,-120.000000,10.242546,0.995943,0.006104
h03,h03_mavic_linked_full20,h03_mavic_linked_full20_b210a_24,h03_mavic_linked_full20_b210a_24_mavic_linked,mavic_linked,1,0,2.4,b210a_24,4,2440000000,20000000,2.000,raw_iq_followup/h03_mavic_linked_full20_b210a_24/h03_mavic_linked_full20_b210a_24_mavic_linked/04_2440.000MHz.cfile,complex_int16_interleaved,0.250000,-46.713684,0.0046165314,0.027940005,0.00018132776,-102.108063,-120.000000,17.891937,0.975204,0.000732
h03,h03_mavic_linked_full20,h03_mavic_linked_full20_b210a_24,h03_mavic_linked_full20_b210a_24_mavic_linked,mavic_linked,1,0,2.4,b210a_24,5,2450000000,20000000,2.000,raw_iq_followup/h03_mavic_linked_full20_b210a_24/h03_mavic_linked_full20_b210a_24_mavic_linked/05_2450.000MHz.cfile,complex_int16_interleaved,0.250000,-50.745198,0.0029022853,0.022612125,0.00045354956,-102.236251,-120.000000,17.763749,0.992926,0.000732
h03,h03_mavic_linked_full20,h03_mavic_linked_full20_b210a_24,h03_mavic_linked_full20_b210a_24_mavic_linked,mavic_linked,1,0,2.4,b210a_24,6,2460000000,20000000,2.000,raw_iq_followup/h03_mavic_linked_full20_b210a_24/h03_mavic_linked_full20_b210a_24_mavic_linked/06_2460.000MHz.cfile,complex_int16_interleaved,0.250000,-50.424827,0.0030113319,0.022997886,0.00032593042,-103.256961,-120.000000,16.743039,0.994841,0.000732
h03,h03_mavic_linked_full20,h03_mavic_linked_full20_b210a_24,h03_mavic_linked_full20_b210a_24_mavic_linked,mavic_linked,1,0,2.4,b210a_24,7,2470000000,20000000,2.000,raw_iq_followup/h03_mavic_linked_full20_b210a_24/h03_mavic_linked_full20_b210a_24_mavic_linked/07_2470.000MHz.cfile,complex_int16_interleaved,0.250000,-54.827847,0.001813876,0.012448778,0.00037702298,-107.541218,-120.000000,12.458782,0.998766,0.000732
h03,h03_mavic_linked_full20,h03_mavic_linked_full20_b210a_24,h03_mavic_linked_full20_b210a_24_mavic_linked,mavic_linked,1,0,2.4,b210a_24,8,2480000000,20000000,2.000,raw_iq_followup/h03_mavic_linked_full20_b210a_24/h03_mavic_linked_full20_b210a_24_mavic_linked/08_2480.000MHz.cfile,complex_int16_interleaved,0.250000,-53.392189,0.0021398854,0.023778364,0.0012163019,-100.213501,-120.000000,19.786499,0.985253,0.000732
h03,h03_mavic_linked_full20,h03_mavic_linked_full20_b210b_58,h03_mavic_linked_full20_b210b_58_mavic_linked,mavic_linked,1,0,5.8,b210b_58,1,5735000000,20000000,2.000,raw_iq_followup/h03_mavic_linked_full20_b210b_58/h03_mavic_linked_full20_b210b_58_mavic_linked/01_5735.000MHz.cfile,complex_int16_interleaved,0.250000,-28.194952,0.03892713,0.30679214,2.4371681e-06,-85.500972,-120.000000,34.499028,0.726317,0.044434
h03,h03_mavic_linked_full20,h03_mavic_linked_full20_b210b_58,h03_mavic_linked_full20_b210b_58_mavic_linked,mavic_linked,1,0,5.8,b210b_58,2,5745000000,20000000,2.000,raw_iq_followup/h03_mavic_linked_full20_b210b_58/h03_mavic_linked_full20_b210b_58_mavic_linked/02_5745.000MHz.cfile,complex_int16_interleaved,0.250000,-23.055461,0.070343981,0.4011555,1.0117933e-06,-83.431466,-120.000000,36.568534,0.800753,0.093262
h03,h03_mavic_linked_full20,h03_mavic_linked_full20_b210b_58,h03_mavic_linked_full20_b210b_58_mavic_linked,mavic_linked,1,0,5.8,b210b_58,3,5755000000,20000000,2.000,raw_iq_followup/h03_mavic_linked_full20_b210b_58/h03_mavic_linked_full20_b210b_58_mavic_linked/03_5755.000MHz.cfile,complex_int16_interleaved,0.250000,-28.104734,0.039333564,0.32723904,1.880922e-06,-84.869161,-120.000000,35.130839,0.724616,0.035156
h03,h03_mavic_linked_full20,h03_mavic_linked_full20_b210b_58,h03_mavic_linked_full20_b210b_58_mavic_linked,mavic_linked,1,0,5.8,b210b_58,4,5765000000,20000000,2.000,raw_iq_followup/h03_mavic_linked_full20_b210b_58/h03_mavic_linked_full20_b210b_58_mavic_linked/04_5765.000MHz.cfile,complex_int16_interleaved,0.250000,-57.937882,0.0012679607,0.010753279,0.00063837953,-107.638259,-120.000000,12.361741,0.998771,0.000732
h03,h03_mavic_linked_full20,h03_mavic_linked_full20_b210b_58,h03_mavic_linked_full20_b210b_58_mavic_linked,mavic_linked,1,0,5.8,b210b_58,5,5775000000,20000000,2.000,raw_iq_followup/h03_mavic_linked_full20_b210b_58/h03_mavic_linked_full20_b210b_58_mavic_linked/05_5775.000MHz.cfile,complex_int16_interleaved,0.250000,-57.523574,0.0013299067,0.015168188,0.0011006844,-104.626214,-120.000000,15.373786,0.996657,0.000732
h03,h03_mavic_linked_full20,h03_mavic_linked_full20_b210b_58,h03_mavic_linked_full20_b210b_58_mavic_linked,mavic_linked,1,0,5.8,b210b_58,6,5785000000,20000000,2.000,raw_iq_followup/h03_mavic_linked_full20_b210b_58/h03_mavic_linked_full20_b210b_58_mavic_linked/06_5785.000MHz.cfile,complex_int16_interleaved,0.250000,-56.981668,0.0014155215,0.020043336,0.0017564129,-102.223590,-120.000000,17.776410,0.992958,0.000732
h03,h03_mavic_linked_full20,h03_mavic_linked_full20_b210b_58,h03_mavic_linked_full20_b210b_58_mavic_linked,mavic_linked,1,0,5.8,b210b_58,7,5795000000,20000000,2.000,raw_iq_followup/h03_mavic_linked_full20_b210b_58/h03_mavic_linked_full20_b210b_58_mavic_linked/07_5795.000MHz.cfile,complex_int16_interleaved,0.250000,-57.717603,0.001300528,0.012246031,0.00072226446,-106.395948,-120.000000,13.604052,0.998118,0.000732
h03,h03_mavic_linked_full20,h03_mavic_linked_full20_b210b_58,h03_mavic_linked_full20_b210b_58_mavic_linked,mavic_linked,1,0,5.8,b210b_58,8,5805000000,20000000,2.000,raw_iq_followup/h03_mavic_linked_full20_b210b_58/h03_mavic_linked_full20_b210b_58_mavic_linked/08_5805.000MHz.cfile,complex_int16_interleaved,0.250000,-57.817959,0.0012855883,0.011880396,0.00078578845,-106.737702,-120.000000,13.262298,0.998332,0.000732
h03,h03_mavic_linked_full20,h03_mavic_linked_full20_b210b_58,h03_mavic_linked_full20_b210b_58_mavic_linked,mavic_linked,1,0,5.8,b210b_58,9,5815000000,20000000,2.000,raw_iq_followup/h03_mavic_linked_full20_b210b_58/h03_mavic_linked_full20_b210b_58_mavic_linked/09_5815.000MHz.cfile,complex_int16_interleaved,0.250000,-57.822923,0.0012848538,0.013264724,0.00084725182,-106.183379,-120.000000,13.816621,0.997982,0.000732
h03,h03_mavic_linked_full20,h03_mavic_linked_full20_b210b_58,h03_mavic_linked_full20_b210b_58_mavic_linked,mavic_linked,1,0,5.8,b210b_58,10,5825000000,20000000,2.000,raw_iq_followup/h03_mavic_linked_full20_b210b_58/h03_mavic_linked_full20_b210b_58_mavic_linked/10_5825.000MHz.cfile,complex_int16_interleaved,0.250000,-57.394705,0.0013497852,0.0176863,0.0014071948,-103.397639,-120.000000,16.602361,0.995093,0.000732
h03,h03_mavic_linked_full20,h03_mavic_linked_full20_b210b_58,h03_mavic_linked_full20_b210b_58_mavic_linked,mavic_linked,1,0,5.8,b210b_58,11,5835000000,20000000,2.000,raw_iq_followup/h03_mavic_linked_full20_b210b_58/h03_mavic_linked_full20_b210b_58_mavic_linked/11_5835.000MHz.cfile,complex_int16_interleaved,0.250000,-57.406807,0.0013479058,0.017096817,0.0014110711,-103.449115,-120.000000,16.550885,0.995173,0.000732
h03,h03_mavic_linked_full20,h03_mavic_linked_full20_b210b_58,h03_mavic_linked_full20_b210b_58_mavic_linked,mavic_linked,1,0,5.8,b210b_58,12,5845000000,20000000,2.000,raw_iq_followup/h03_mavic_linked_full20_b210b_58/h03_mavic_linked_full20_b210b_58_mavic_linked/12_5845.000MHz.cfile,complex_int16_interleaved,0.250000,-57.748240,0.0012959488,0.013858106,0.0010199323,-105.391336,-120.000000,14.608664,0.997388,0.000732
h03,h03_mavic_linked_ranked8s,h03_mavic_linked_ranked8s_b210a_24,h03_mavic_linked_ranked8s_b210a_24_mavic_linked,mavic_linked,1,0,2.4,b210a_24,1,2420000000,20000000,2.000,raw_iq_followup/h03_mavic_linked_ranked8s_b210a_24/h03_mavic_linked_ranked8s_b210a_24_mavic_linked/01_2420.000MHz.cfile,complex_int16_interleaved,0.250000,-48.933760,0.0035752956,0.024295999,0.00028940785,-102.211179,-120.000000,17.788821,0.989248,0.000732
h03,h03_mavic_linked_ranked8s,h03_mavic_linked_ranked8s_b210a_24,h03_mavic_linked_ranked8s_b210a_24_mavic_linked,mavic_linked,1,0,2.4,b210a_24,2,2480000000,20000000,2.000,raw_iq_followup/h03_mavic_linked_ranked8s_b210a_24/h03_mavic_linked_ranked8s_b210a_24_mavic_linked/02_2480.000MHz.cfile,complex_int16_interleaved,0.250000,-54.503326,0.0018829277,0.018563544,0.00076322247,-103.630228,-120.000000,16.369772,0.994920,0.000732
h03,h03_mavic_linked_ranked8s,h03_mavic_linked_ranked8s_b210a_24,h03_mavic_linked_ranked8s_b210a_24_mavic_linked,mavic_linked,1,0,2.4,b210a_24,3,2470000000,20000000,2.000,raw_iq_followup/h03_mavic_linked_ranked8s_b210a_24/h03_mavic_linked_ranked8s_b210a_24_mavic_linked/03_2470.000MHz.cfile,complex_int16_interleaved,0.250000,-53.984798,0.0019987571,0.015734883,0.00029519033,-107.694968,-120.000000,12.305032,0.998831,0.000732
h03,h03_mavic_linked_ranked8s,h03_mavic_linked_ranked8s_b210a_24,h03_mavic_linked_ranked8s_b210a_24_mavic_linked,mavic_linked,1,0,2.4,b210a_24,4,2450000000,20000000,2.000,raw_iq_followup/h03_mavic_linked_ranked8s_b210a_24/h03_mavic_linked_ranked8s_b210a_24_mavic_linked/04_2450.000MHz.cfile,complex_int16_interleaved,0.250000,-49.436450,0.0033742516,0.028632531,0.00035349782,-102.097326,-120.000000,17.902674,0.990139,0.000732
h03,h03_mavic_linked_ranked8s,h03_mavic_linked_ranked8s_b210b_58,h03_mavic_linked_ranked8s_b210b_58_mavic_linked,mavic_linked,1,0,5.8,b210b_58,1,5775000000,20000000,2.000,raw_iq_followup/h03_mavic_linked_ranked8s_b210b_58/h03_mavic_linked_ranked8s_b210b_58_mavic_linked/01_5775.000MHz.cfile,complex_int16_interleaved,0.250000,-57.079411,0.001399682,0.020164177,0.0016940578,-102.483376,-120.000000,17.516624,0.993497,0.000732
h03,h03_mavic_linked_ranked8s,h03_mavic_linked_ranked8s_b210b_58,h03_mavic_linked_ranked8s_b210b_58_mavic_linked,mavic_linked,1,0,5.8,b210b_58,2,5735000000,20000000,2.000,raw_iq_followup/h03_mavic_linked_ranked8s_b210b_58/h03_mavic_linked_ranked8s_b210b_58_mavic_linked/02_5735.000MHz.cfile,complex_int16_interleaved,0.250000,-28.932789,0.035756956,0.32671002,3.678793e-06,-86.022514,-120.000000,33.977486,0.726998,0.039795
h03,h03_mavic_linked_ranked8s,h03_mavic_linked_ranked8s_b210b_58,h03_mavic_linked_ranked8s_b210b_58_mavic_linked,mavic_linked,1,0,5.8,b210b_58,3,5755000000,20000000,2.000,raw_iq_followup/h03_mavic_linked_ranked8s_b210b_58/h03_mavic_linked_ranked8s_b210b_58_mavic_linked/03_5755.000MHz.cfile,complex_int16_interleaved,0.250000,-30.104296,0.031245336,0.30749699,1.2653871e-06,-86.454003,-120.000000,33.545997,0.727404,0.027344
h03,h03_mavic_linked_ranked8s,h03_mavic_linked_ranked8s_b210b_58,h03_mavic_linked_ranked8s_b210b_58_mavic_linked,mavic_linked,1,0,5.8,b210b_58,4,5745000000,20000000,2.000,raw_iq_followup/h03_mavic_linked_ranked8s_b210b_58/h03_mavic_linked_ranked8s_b210b_58_mavic_linked/04_5745.000MHz.cfile,complex_int16_interleaved,0.250000,-24.043307,0.062781927,0.38471624,2.7950661e-07,-84.489396,-120.000000,35.510604,0.801376,0.095947
h04,h04_hubsan_controller_only_full20,h04_hubsan_controller_only_full20_b210a_24,h04_hubsan_controller_only_full20_b210a_24_hubsan_controller_only,hubsan_controller_only,0,1,2.4,b210a_24,1,2410000000,20000000,2.000,raw_iq_followup/h04_hubsan_controller_only_full20_b210a_24/h04_hubsan_controller_only_full20_b210a_24_hubsan_controller_only/01_2410.000MHz.cfile,complex_int16_interleaved,0.250000,-49.710868,0.0032693135,0.026394477,0.00025598202,-103.926755,-120.000000,16.073245,0.993935,0.000732
h04,h04_hubsan_controller_only_full20,h04_hubsan_controller_only_full20_b210a_24,h04_hubsan_controller_only_full20_b210a_24_hubsan_controller_only,hubsan_controller_only,0,1,2.4,b210a_24,2,2420000000,20000000,2.000,raw_iq_followup/h04_hubsan_controller_only_full20_b210a_24/h04_hubsan_controller_only_full20_b210a_24_hubsan_controller_only/02_2420.000MHz.cfile,complex_int16_interleaved,0.250000,-32.125361,0.024758936,0.077155031,2.9274687e-06,-76.993850,-120.000000,43.006150,0.445521,0.001465
h04,h04_hubsan_controller_only_full20,h04_hubsan_controller_only_full20_b210a_24,h04_hubsan_controller_only_full20_b210a_24_hubsan_controller_only,hubsan_controller_only,0,1,2.4,b210a_24,3,2430000000,20000000,2.000,raw_iq_followup/h04_hubsan_controller_only_full20_b210a_24/h04_hubsan_controller_only_full20_b210a_24_hubsan_controller_only/03_2430.000MHz.cfile,complex_int16_interleaved,0.250000,-32.086905,0.024868796,0.087819017,8.8932468e-06,-77.117593,-120.000000,42.882407,0.454153,0.001465
h04,h04_hubsan_controller_only_full20,h04_hubsan_controller_only_full20_b210a_24,h04_hubsan_controller_only_full20_b210a_24_hubsan_controller_only,hubsan_controller_only,0,1,2.4,b210a_24,4,2440000000,20000000,2.000,raw_iq_followup/h04_hubsan_controller_only_full20_b210a_24/h04_hubsan_controller_only_full20_b210a_24_hubsan_controller_only/04_2440.000MHz.cfile,complex_int16_interleaved,0.250000,-49.654544,0.0032905823,0.032084774,0.00027071342,-103.416363,-120.000000,16.583637,0.992559,0.000732
h04,h04_hubsan_controller_only_full20,h04_hubsan_controller_only_full20_b210a_24,h04_hubsan_controller_only_full20_b210a_24_hubsan_controller_only,hubsan_controller_only,0,1,2.4,b210a_24,5,2450000000,20000000,2.000,raw_iq_followup/h04_hubsan_controller_only_full20_b210a_24/h04_hubsan_controller_only_full20_b210a_24_hubsan_controller_only/05_2450.000MHz.cfile,complex_int16_interleaved,0.250000,-50.422724,0.003012061,0.025773337,0.00020858518,-105.764559,-120.000000,14.235441,0.996951,0.000732
h04,h04_hubsan_controller_only_full20,h04_hubsan_controller_only_full20_b210a_24,h04_hubsan_controller_only_full20_b210a_24_hubsan_controller_only,hubsan_controller_only,0,1,2.4,b210a_24,6,2460000000,20000000,2.000,raw_iq_followup/h04_hubsan_controller_only_full20_b210a_24/h04_hubsan_controller_only_full20_b210a_24_hubsan_controller_only/06_2460.000MHz.cfile,complex_int16_interleaved,0.250000,-49.893892,0.0032011452,0.027968757,0.0001415967,-106.423558,-120.000000,13.576442,0.996453,0.000732
h04,h04_hubsan_controller_only_full20,h04_hubsan_controller_only_full20_b210a_24,h04_hubsan_controller_only_full20_b210a_24_hubsan_controller_only,hubsan_controller_only,0,1,2.4,b210a_24,7,2470000000,20000000,2.000,raw_iq_followup/h04_hubsan_controller_only_full20_b210a_24/h04_hubsan_controller_only_full20_b210a_24_hubsan_controller_only/07_2470.000MHz.cfile,complex_int16_interleaved,0.250000,-54.787835,0.001822251,0.024574667,0.001730586,-100.478359,-120.000000,19.521641,0.988261,0.000732
h04,h04_hubsan_controller_only_full20,h04_hubsan_controller_only_full20_b210a_24,h04_hubsan_controller_only_full20_b210a_24_hubsan_controller_only,hubsan_controller_only,0,1,2.4,b210a_24,8,2480000000,20000000,2.000,raw_iq_followup/h04_hubsan_controller_only_full20_b210a_24/h04_hubsan_controller_only_full20_b210a_24_hubsan_controller_only/08_2480.000MHz.cfile,complex_int16_interleaved,0.250000,-54.761402,0.001827805,0.020717479,0.0012414043,-101.706800,-120.000000,18.293200,0.991482,0.000732
h04,h04_hubsan_controller_only_full20,h04_hubsan_controller_only_full20_b210b_58,h04_hubsan_controller_only_full20_b210b_58_hubsan_controller_only,hubsan_controller_only,0,1,5.8,b210b_58,1,5735000000,20000000,2.000,raw_iq_followup/h04_hubsan_controller_only_full20_b210b_58/h04_hubsan_controller_only_full20_b210b_58_hubsan_controller_only/01_5735.000MHz.cfile,complex_int16_interleaved,0.250000,-57.604125,0.0013176305,0.014169657,0.00097524254,-105.388102,-120.000000,14.611898,0.997387,0.000732
h04,h04_hubsan_controller_only_full20,h04_hubsan_controller_only_full20_b210b_58,h04_hubsan_controller_only_full20_b210b_58_hubsan_controller_only,hubsan_controller_only,0,1,5.8,b210b_58,2,5745000000,20000000,2.000,raw_iq_followup/h04_hubsan_controller_only_full20_b210b_58/h04_hubsan_controller_only_full20_b210b_58_hubsan_controller_only/02_5745.000MHz.cfile,complex_int16_interleaved,0.250000,-56.694472,0.0014631077,0.019142866,0.0016230096,-102.433515,-120.000000,17.566485,0.993398,0.000732
h04,h04_hubsan_controller_only_full20,h04_hubsan_controller_only_full20_b210b_58,h04_hubsan_controller_only_full20_b210b_58_hubsan_controller_only,hubsan_controller_only,0,1,5.8,b210b_58,3,5755000000,20000000,2.000,raw_iq_followup/h04_hubsan_controller_only_full20_b210b_58/h04_hubsan_controller_only_full20_b210b_58_hubsan_controller_only/03_5755.000MHz.cfile,complex_int16_interleaved,0.250000,-57.835421,0.0012830064,0.011355861,0.00062119577,-107.615208,-120.000000,12.384792,0.998757,0.000732
h04,h04_hubsan_controller_only_full20,h04_hubsan_controller_only_full20_b210b_58,h04_hubsan_controller_only_full20_b210b_58_hubsan_controller_only,hubsan_controller_only,0,1,5.8,b210b_58,4,5765000000,20000000,2.000,raw_iq_followup/h04_hubsan_controller_only_full20_b210b_58/h04_hubsan_controller_only_full20_b210b_58_hubsan_controller_only/04_5765.000MHz.cfile,complex_int16_interleaved,0.250000,-57.810233,0.0012867323,0.01465257,0.0010411856,-105.512791,-120.000000,14.487209,0.997490,0.000732
h04,h04_hubsan_controller_only_full20,h04_hubsan_controller_only_full20_b210b_58,h04_hubsan_controller_only_full20_b210b_58_hubsan_controller_only,hubsan_controller_only,0,1,5.8,b210b_58,5,5775000000,20000000,2.000,raw_iq_followup/h04_hubsan_controller_only_full20_b210b_58/h04_hubsan_controller_only_full20_b210b_58_hubsan_controller_only/05_5775.000MHz.cfile,complex_int16_interleaved,0.250000,-57.267573,0.0013696867,0.0176863,0.0013323832,-103.550615,-120.000000,16.449385,0.995321,0.000732
h04,h04_hubsan_controller_only_full20,h04_hubsan_controller_only_full20_b210b_58,h04_hubsan_controller_only_full20_b210b_58_hubsan_controller_only,hubsan_controller_only,0,1,5.8,b210b_58,6,5785000000,20000000,2.000,raw_iq_followup/h04_hubsan_controller_only_full20_b210b_58/h04_hubsan_controller_only_full20_b210b_58_hubsan_controller_only/06_5785.000MHz.cfile,complex_int16_interleaved,0.250000,-57.890770,0.0012748566,0.010841603,0.00057321524,-107.462516,-120.000000,12.537484,0.998691,0.000732
h04,h04_hubsan_controller_only_full20,h04_hubsan_controller_only_full20_b210b_58,h04_hubsan_controller_only_full20_b210b_58_hubsan_controller_only,hubsan_controller_only,0,1,5.8,b210b_58,7,5795000000,20000000,2.000,raw_iq_followup/h04_hubsan_controller_only_full20_b210b_58/h04_hubsan_controller_only_full20_b210b_58_hubsan_controller_only/07_5795.000MHz.cfile,complex_int16_interleaved,0.250000,-57.218476,0.0013774507,0.01861242,0.0015838388,-102.765911,-120.000000,17.234089,0.994037,0.000732
h04,h04_hubsan_controller_only_full20,h04_hubsan_controller_only_full20_b210b_58,h04_hubsan_controller_only_full20_b210b_58_hubsan_controller_only,hubsan_controller_only,0,1,5.8,b210b_58,8,5805000000,20000000,2.000,raw_iq_followup/h04_hubsan_controller_only_full20_b210b_58/h04_hubsan_controller_only_full20_b210b_58_hubsan_controller_only/08_5805.000MHz.cfile,complex_int16_interleaved,0.250000,-57.772233,0.001292374,0.013810679,0.0010299764,-105.620178,-120.000000,14.379822,0.997581,0.000732
h04,h04_hubsan_controller_only_full20,h04_hubsan_controller_only_full20_b210b_58,h04_hubsan_controller_only_full20_b210b_58_hubsan_controller_only,hubsan_controller_only,0,1,5.8,b210b_58,9,5815000000,20000000,2.000,raw_iq_followup/h04_hubsan_controller_only_full20_b210b_58/h04_hubsan_controller_only_full20_b210b_58_hubsan_controller_only/09_5815.000MHz.cfile,complex_int16_interleaved,0.250000,-57.573047,0.0013223533,0.016666062,0.0012951829,-104.167440,-120.000000,15.832560,0.996147,0.000732
h04,h04_hubsan_controller_only_full20,h04_hubsan_controller_only_full20_b210b_58,h04_hubsan_controller_only_full20_b210b_58_hubsan_controller_only,hubsan_controller_only,0,1,5.8,b210b_58,10,5825000000,20000000,2.000,raw_iq_followup/h04_hubsan_controller_only_full20_b210b_58/h04_hubsan_controller_only_full20_b210b_58_hubsan_controller_only/10_5825.000MHz.cfile,complex_int16_interleaved,0.250000,-57.942631,0.0012672676,0.011880396,0.00079515795,-106.546600,-120.000000,13.453400,0.998223,0.000732
h04,h04_hubsan_controller_only_full20,h04_hubsan_controller_only_full20_b210b_58,h04_hubsan_controller_only_full20_b210b_58_hubsan_controller_only,hubsan_controller_only,0,1,5.8,b210b_58,11,5835000000,20000000,2.000,raw_iq_followup/h04_hubsan_controller_only_full20_b210b_58/h04_hubsan_controller_only_full20_b210b_58_hubsan_controller_only/11_5835.000MHz.cfile,complex_int16_interleaved,0.250000,-58.088679,0.0012461374,0.0098143313,0.00056078029,-108.072675,-120.000000,11.927325,0.998942,0.000732
h04,h04_hubsan_controller_only_full20,h04_hubsan_controller_only_full20_b210b_58,h04_hubsan_controller_only_full20_b210b_58_hubsan_controller_only,hubsan_controller_only,0,1,5.8,b210b_58,12,5845000000,20000000,2.000,raw_iq_followup/h04_hubsan_controller_only_full20_b210b_58/h04_hubsan_controller_only_full20_b210b_58_hubsan_controller_only/12_5845.000MHz.cfile,complex_int16_interleaved,0.250000,-57.830818,0.0012836864,0.013327484,0.0009494527,-105.806330,-120.000000,14.193670,0.997724,0.000732
h04,h04_hubsan_controller_only_ranked8s,h04_hubsan_controller_only_ranked8s_b210a_24,h04_hubsan_controller_only_ranked8s_b210a_24_hubsan_controller_only,hubsan_controller_only,0,1,2.4,b210a_24,1,2420000000,20000000,2.000,raw_iq_followup/h04_hubsan_controller_only_ranked8s_b210a_24/h04_hubsan_controller_only_ranked8s_b210a_24_hubsan_controller_only/01_2420.000MHz.cfile,complex_int16_interleaved,0.250000,-33.296780,0.021635205,0.066696458,9.07575e-06,-77.718452,-120.000000,42.281548,0.454309,0.001465
h04,h04_hubsan_controller_only_ranked8s,h04_hubsan_controller_only_ranked8s_b210a_24,h04_hubsan_controller_only_ranked8s_b210a_24_hubsan_controller_only,hubsan_controller_only,0,1,2.4,b210a_24,2,2480000000,20000000,2.000,raw_iq_followup/h04_hubsan_controller_only_ranked8s_b210a_24/h04_hubsan_controller_only_ranked8s_b210a_24_hubsan_controller_only/02_2480.000MHz.cfile,complex_int16_interleaved,0.250000,-54.687679,0.0018433847,0.01606141,0.0007026641,-104.133958,-120.000000,15.866042,0.995228,0.000732
h04,h04_hubsan_controller_only_ranked8s,h04_hubsan_controller_only_ranked8s_b210a_24,h04_hubsan_controller_only_ranked8s_b210a_24_hubsan_controller_only,hubsan_controller_only,0,1,2.4,b210a_24,3,2470000000,20000000,2.000,raw_iq_followup/h04_hubsan_controller_only_ranked8s_b210a_24/h04_hubsan_controller_only_ranked8s_b210a_24_hubsan_controller_only/03_2470.000MHz.cfile,complex_int16_interleaved,0.250000,-54.978923,0.0017825995,0.021155197,0.0012696143,-101.996943,-120.000000,18.003057,0.992539,0.000732
h04,h04_hubsan_controller_only_ranked8s,h04_hubsan_controller_only_ranked8s_b210a_24,h04_hubsan_controller_only_ranked8s_b210a_24_hubsan_controller_only,hubsan_controller_only,0,1,2.4,b210a_24,4,2450000000,20000000,2.000,raw_iq_followup/h04_hubsan_controller_only_ranked8s_b210a_24/h04_hubsan_controller_only_ranked8s_b210a_24_hubsan_controller_only/04_2450.000MHz.cfile,complex_int16_interleaved,0.250000,-50.501287,0.00298494,0.025624754,0.00028558773,-104.168965,-120.000000,15.831035,0.995932,0.000732
h04,h04_hubsan_controller_only_ranked8s,h04_hubsan_controller_only_ranked8s_b210b_58,h04_hubsan_controller_only_ranked8s_b210b_58_hubsan_controller_only,hubsan_controller_only,0,1,5.8,b210b_58,1,5775000000,20000000,2.000,raw_iq_followup/h04_hubsan_controller_only_ranked8s_b210b_58/h04_hubsan_controller_only_ranked8s_b210b_58_hubsan_controller_only/01_5775.000MHz.cfile,complex_int16_interleaved,0.250000,-57.485219,0.0013357923,0.016377451,0.0012584209,-104.099694,-120.000000,15.900306,0.996057,0.000732
h04,h04_hubsan_controller_only_ranked8s,h04_hubsan_controller_only_ranked8s_b210b_58,h04_hubsan_controller_only_ranked8s_b210b_58_hubsan_controller_only,hubsan_controller_only,0,1,5.8,b210b_58,2,5735000000,20000000,2.000,raw_iq_followup/h04_hubsan_controller_only_ranked8s_b210b_58/h04_hubsan_controller_only_ranked8s_b210b_58_hubsan_controller_only/02_5735.000MHz.cfile,complex_int16_interleaved,0.250000,-57.862452,0.0012790198,0.010263348,0.00035849719,-109.504737,-120.000000,10.495263,0.999367,0.000732
h04,h04_hubsan_controller_only_ranked8s,h04_hubsan_controller_only_ranked8s_b210b_58,h04_hubsan_controller_only_ranked8s_b210b_58_hubsan_controller_only,hubsan_controller_only,0,1,5.8,b210b_58,3,5755000000,20000000,2.000,raw_iq_followup/h04_hubsan_controller_only_ranked8s_b210b_58/h04_hubsan_controller_only_ranked8s_b210b_58_hubsan_controller_only/03_5755.000MHz.cfile,complex_int16_interleaved,0.250000,-57.686739,0.0013051576,0.01175937,0.00074563533,-106.846403,-120.000000,13.153597,0.998387,0.000732
h04,h04_hubsan_controller_only_ranked8s,h04_hubsan_controller_only_ranked8s_b210b_58,h04_hubsan_controller_only_ranked8s_b210b_58_hubsan_controller_only,hubsan_controller_only,0,1,5.8,b210b_58,4,5745000000,20000000,2.000,raw_iq_followup/h04_hubsan_controller_only_ranked8s_b210b_58/h04_hubsan_controller_only_ranked8s_b210b_58_hubsan_controller_only/04_5745.000MHz.cfile,complex_int16_interleaved,0.250000,-57.204085,0.0013797348,0.013858106,0.00095373214,-105.247488,-120.000000,14.752512,0.997270,0.000732
h04,h04_hubsan_linked_full20,h04_hubsan_linked_full20_b210a_24,h04_hubsan_linked_full20_b210a_24_hubsan_linked,hubsan_linked,1,0,2.4,b210a_24,1,2410000000,20000000,2.000,raw_iq_followup/h04_hubsan_linked_full20_b210a_24/h04_hubsan_linked_full20_b210a_24_hubsan_linked/01_2410.000MHz.cfile,complex_int16_interleaved,0.250000,-49.860562,0.0032134526,0.022689424,0.00014293476,-106.574141,-120.000000,13.425859,0.996258,0.000732
h04,h04_hubsan_linked_full20,h04_hubsan_linked_full20_b210a_24,h04_hubsan_linked_full20_b210a_24_hubsan_linked,hubsan_linked,1,0,2.4,b210a_24,2,2420000000,20000000,2.000,raw_iq_followup/h04_hubsan_linked_full20_b210a_24/h04_hubsan_linked_full20_b210a_24_hubsan_linked/02_2420.000MHz.cfile,complex_int16_interleaved,0.250000,-33.729304,0.020584238,0.060539015,6.3509143e-06,-77.992347,-120.000000,42.007653,0.460637,0.001465
h04,h04_hubsan_linked_full20,h04_hubsan_linked_full20_b210a_24,h04_hubsan_linked_full20_b210a_24_hubsan_linked,hubsan_linked,1,0,2.4,b210a_24,3,2430000000,20000000,2.000,raw_iq_followup/h04_hubsan_linked_full20_b210a_24/h04_hubsan_linked_full20_b210a_24_hubsan_linked/03_2430.000MHz.cfile,complex_int16_interleaved,0.250000,-31.762138,0.025816247,0.070479125,4.2877558e-06,-76.079460,-120.000000,43.920540,0.451253,0.001465
h04,h04_hubsan_linked_full20,h04_hubsan_linked_full20_b210a_24,h04_hubsan_linked_full20_b210a_24_hubsan_linked,hubsan_linked,1,0,2.4,b210a_24,4,2440000000,20000000,2.000,raw_iq_followup/h04_hubsan_linked_full20_b210a_24/h04_hubsan_linked_full20_b210a_24_hubsan_linked/04_2440.000MHz.cfile,complex_int16_interleaved,0.250000,-49.683551,0.0032796118,0.02604421,0.0001237837,-106.708867,-120.000000,13.291133,0.995181,0.000732
h04,h04_hubsan_linked_full20,h04_hubsan_linked_full20_b210a_24,h04_hubsan_linked_full20_b210a_24_hubsan_linked,hubsan_linked,1,0,2.4,b210a_24,5,2450000000,20000000,2.000,raw_iq_followup/h04_hubsan_linked_full20_b210a_24/h04_hubsan_linked_full20_b210a_24_hubsan_linked/05_2450.000MHz.cfile,complex_int16_interleaved,0.250000,-51.268285,0.0027326609,0.021761259,0.00027033319,-105.160407,-120.000000,14.839593,0.997234,0.000732
h04,h04_hubsan_linked_full20,h04_hubsan_linked_full20_b210a_24,h04_hubsan_linked_full20_b210a_24_hubsan_linked,hubsan_linked,1,0,2.4,b210a_24,6,2460000000,20000000,2.000,raw_iq_followup/h04_hubsan_linked_full20_b210a_24/h04_hubsan_linked_full20_b210a_24_hubsan_linked/06_2460.000MHz.cfile,complex_int16_interleaved,0.250000,-50.607830,0.00294855,0.026864918,0.00036992318,-102.998336,-120.000000,17.001664,0.994357,0.000732
h04,h04_hubsan_linked_full20,h04_hubsan_linked_full20_b210a_24,h04_hubsan_linked_full20_b210a_24_hubsan_linked,hubsan_linked,1,0,2.4,b210a_24,7,2470000000,20000000,2.000,raw_iq_followup/h04_hubsan_linked_full20_b210a_24/h04_hubsan_linked_full20_b210a_24_hubsan_linked/07_2470.000MHz.cfile,complex_int16_interleaved,0.250000,-54.872556,0.0018045634,0.021595085,0.0013998561,-101.569532,-120.000000,18.430468,0.991510,0.000732
h04,h04_hubsan_linked_full20,h04_hubsan_linked_full20_b210a_24,h04_hubsan_linked_full20_b210a_24_hubsan_linked,hubsan_linked,1,0,2.4,b210a_24,8,2480000000,20000000,2.000,raw_iq_followup/h04_hubsan_linked_full20_b210a_24/h04_hubsan_linked_full20_b210a_24_hubsan_linked/08_2480.000MHz.cfile,complex_int16_interleaved,0.250000,-54.909818,0.0017968384,0.017236598,0.00080026852,-103.696770,-120.000000,16.303230,0.995055,0.000732
h04,h04_hubsan_linked_full20,h04_hubsan_linked_full20_b210b_58,h04_hubsan_linked_full20_b210b_58_hubsan_linked,hubsan_linked,1,0,5.8,b210b_58,1,5735000000,20000000,2.000,raw_iq_followup/h04_hubsan_linked_full20_b210b_58/h04_hubsan_linked_full20_b210b_58_hubsan_linked/01_5735.000MHz.cfile,complex_int16_interleaved,0.250000,-57.257354,0.0013712991,0.017117722,0.0013600382,-103.609898,-120.000000,16.390102,0.995416,0.000732
h04,h04_hubsan_linked_full20,h04_hubsan_linked_full20_b210b_58,h04_hubsan_linked_full20_b210b_58_hubsan_linked,hubsan_linked,1,0,5.8,b210b_58,2,5745000000,20000000,2.000,raw_iq_followup/h04_hubsan_linked_full20_b210b_58/h04_hubsan_linked_full20_b210b_58_hubsan_linked/02_5745.000MHz.cfile,complex_int16_interleaved,0.250000,-56.982309,0.001415417,0.018035889,0.0014138527,-103.081266,-120.000000,16.918734,0.994589,0.000732
h04,h04_hubsan_linked_full20,h04_hubsan_linked_full20_b210b_58,h04_hubsan_linked_full20_b210b_58_hubsan_linked,hubsan_linked,1,0,5.8,b210b_58,3,5755000000,20000000,2.000,raw_iq_followup/h04_hubsan_linked_full20_b210b_58/h04_hubsan_linked_full20_b210b_58_hubsan_linked/03_5755.000MHz.cfile,complex_int16_interleaved,0.250000,-57.067211,0.0014016493,0.018714618,0.0016061971,-102.510018,-120.000000,17.489982,0.993564,0.000732
h04,h04_hubsan_linked_full20,h04_hubsan_linked_full20_b210b_58,h04_hubsan_linked_full20_b210b_58_hubsan_linked,hubsan_linked,1,0,5.8,b210b_58,4,5765000000,20000000,2.000,raw_iq_followup/h04_hubsan_linked_full20_b210b_58/h04_hubsan_linked_full20_b210b_58_hubsan_linked/04_5765.000MHz.cfile,complex_int16_interleaved,0.250000,-47.398665,0.0042664509,0.01742829,9.3655309e-05,-100.815751,-120.000000,19.184249,0.928682,0.004883
h04,h04_hubsan_linked_full20,h04_hubsan_linked_full20_b210b_58,h04_hubsan_linked_full20_b210b_58_hubsan_linked,hubsan_linked,1,0,5.8,b210b_58,5,5775000000,20000000,2.000,raw_iq_followup/h04_hubsan_linked_full20_b210b_58/h04_hubsan_linked_full20_b210b_58_hubsan_linked/05_5775.000MHz.cfile,complex_int16_interleaved,0.250000,-46.704132,0.004621611,0.024948396,0.00017598398,-100.476466,-120.000000,19.523534,0.919409,0.004639
h04,h04_hubsan_linked_full20,h04_hubsan_linked_full20_b210b_58,h04_hubsan_linked_full20_b210b_58_hubsan_linked,hubsan_linked,1,0,5.8,b210b_58,6,5785000000,20000000,2.000,raw_iq_followup/h04_hubsan_linked_full20_b210b_58/h04_hubsan_linked_full20_b210b_58_hubsan_linked/06_5785.000MHz.cfile,complex_int16_interleaved,0.250000,-57.331042,0.0013597147,0.01760523,0.001367115,-103.397786,-120.000000,16.602214,0.995090,0.000732
h04,h04_hubsan_linked_full20,h04_hubsan_linked_full20_b210b_58,h04_hubsan_linked_full20_b210b_58_hubsan_linked,hubsan_linked,1,0,5.8,b210b_58,7,5795000000,20000000,2.000,raw_iq_followup/h04_hubsan_linked_full20_b210b_58/h04_hubsan_linked_full20_b210b_58_hubsan_linked/07_5795.000MHz.cfile,complex_int16_interleaved,0.250000,-57.597035,0.0013187064,0.015168188,0.001096358,-104.635636,-120.000000,15.364364,0.996676,0.000732
h04,h04_hubsan_linked_full20,h04_hubsan_linked_full20_b210b_58,h04_hubsan_linked_full20_b210b_58_hubsan_linked,hubsan_linked,1,0,5.8,b210b_58,8,5805000000,20000000,2.000,raw_iq_followup/h04_hubsan_linked_full20_b210b_58/h04_hubsan_linked_full20_b210b_58_hubsan_linked/08_5805.000MHz.cfile,complex_int16_interleaved,0.250000,-56.760742,0.0014519872,0.023078715,0.0022108709,-100.998479,-120.000000,19.001521,0.989854,0.000732
h04,h04_hubsan_linked_full20,h04_hubsan_linked_full20_b210b_58,h04_hubsan_linked_full20_b210b_58_hubsan_linked,hubsan_linked,1,0,5.8,b210b_58,9,5815000000,20000000,2.000,raw_iq_followup/h04_hubsan_linked_full20_b210b_58/h04_hubsan_linked_full20_b210b_58_hubsan_linked/09_5815.000MHz.cfile,complex_int16_interleaved,0.250000,-57.910944,0.0012718991,0.012216793,0.00078273305,-106.389187,-120.000000,13.610813,0.998121,0.000732
h04,h04_hubsan_linked_full20,h04_hubsan_linked_full20_b210b_58,h04_hubsan_linked_full20_b210b_58_hubsan_linked,hubsan_linked,1,0,5.8,b210b_58,10,5825000000,20000000,2.000,raw_iq_followup/h04_hubsan_linked_full20_b210b_58/h04_hubsan_linked_full20_b210b_58_hubsan_linked/10_5825.000MHz.cfile,complex_int16_interleaved,0.250000,-58.051928,0.0012514211,0.011329587,0.00064555771,-107.550086,-120.000000,12.449914,0.998728,0.000732
h04,h04_hubsan_linked_full20,h04_hubsan_linked_full20_b210b_58,h04_hubsan_linked_full20_b210b_58_hubsan_linked,hubsan_linked,1,0,5.8,b210b_58,11,5835000000,20000000,2.000,raw_iq_followup/h04_hubsan_linked_full20_b210b_58/h04_hubsan_linked_full20_b210b_58_hubsan_linked/11_5835.000MHz.cfile,complex_int16_interleaved,0.250000,-58.153742,0.0012368379,0.0094807073,0.00045039401,-108.913105,-120.000000,11.086895,0.999217,0.000732
h04,h04_hubsan_linked_full20,h04_hubsan_linked_full20_b210b_58,h04_hubsan_linked_full20_b210b_58_hubsan_linked,hubsan_linked,1,0,5.8,b210b_58,12,5845000000,20000000,2.000,raw_iq_followup/h04_hubsan_linked_full20_b210b_58/h04_hubsan_linked_full20_b210b_58_hubsan_linked/12_5845.000MHz.cfile,complex_int16_interleaved,0.250000,-58.230868,0.001225904,0.0078732986,0.00034781611,-109.901583,-120.000000,10.098417,0.999453,0.000732
h04,h04_hubsan_linked_ranked8s,h04_hubsan_linked_ranked8s_b210a_24,h04_hubsan_linked_ranked8s_b210a_24_hubsan_linked,hubsan_linked,1,0,2.4,b210a_24,1,2420000000,20000000,2.000,raw_iq_followup/h04_hubsan_linked_ranked8s_b210a_24/h04_hubsan_linked_ranked8s_b210a_24_hubsan_linked/01_2420.000MHz.cfile,complex_int16_interleaved,0.250000,-33.487607,0.021165067,0.066262498,8.9109941e-06,-78.033336,-120.000000,41.966664,0.460319,0.001465
h04,h04_hubsan_linked_ranked8s,h04_hubsan_linked_ranked8s_b210a_24,h04_hubsan_linked_ranked8s_b210a_24_hubsan_linked,hubsan_linked,1,0,2.4,b210a_24,2,2480000000,20000000,2.000,raw_iq_followup/h04_hubsan_linked_ranked8s_b210a_24/h04_hubsan_linked_ranked8s_b210a_24_hubsan_linked/02_2480.000MHz.cfile,complex_int16_interleaved,0.250000,-55.190379,0.0017397264,0.017907344,0.00082726805,-103.840937,-120.000000,16.159063,0.995523,0.000732
h04,h04_hubsan_linked_ranked8s,h04_hubsan_linked_ranked8s_b210a_24,h04_hubsan_linked_ranked8s_b210a_24_hubsan_linked,hubsan_linked,1,0,2.4,b210a_24,3,2470000000,20000000,2.000,raw_iq_followup/h04_hubsan_linked_ranked8s_b210a_24/h04_hubsan_linked_ranked8s_b210a_24_hubsan_linked/03_2470.000MHz.cfile,complex_int16_interleaved,0.250000,-54.619888,0.0018578282,0.021389863,0.0012339414,-101.628687,-120.000000,18.371313,0.991655,0.000732
h04,h04_hubsan_linked_ranked8s,h04_hubsan_linked_ranked8s_b210a_24,h04_hubsan_linked_ranked8s_b210a_24_hubsan_linked,hubsan_linked,1,0,2.4,b210a_24,4,2450000000,20000000,2.000,raw_iq_followup/h04_hubsan_linked_ranked8s_b210a_24/h04_hubsan_linked_ranked8s_b210a_24_hubsan_linked/04_2450.000MHz.cfile,complex_int16_interleaved,0.250000,-47.840759,0.0040547309,0.03018423,0.0002230238,-102.471479,-120.000000,17.528521,0.983276,0.000732
h04,h04_hubsan_linked_ranked8s,h04_hubsan_linked_ranked8s_b210b_58,h04_hubsan_linked_ranked8s_b210b_58_hubsan_linked,hubsan_linked,1,0,5.8,b210b_58,1,5775000000,20000000,2.000,raw_iq_followup/h04_hubsan_linked_ranked8s_b210b_58/h04_hubsan_linked_ranked8s_b210b_58_hubsan_linked/01_5775.000MHz.cfile,complex_int16_interleaved,0.250000,-48.014928,0.0039742354,0.019198831,0.00014877803,-101.815357,-120.000000,18.184643,0.942634,0.005127
h04,h04_hubsan_linked_ranked8s,h04_hubsan_linked_ranked8s_b210b_58,h04_hubsan_linked_ranked8s_b210b_58_hubsan_linked,hubsan_linked,1,0,5.8,b210b_58,2,5735000000,20000000,2.000,raw_iq_followup/h04_hubsan_linked_ranked8s_b210b_58/h04_hubsan_linked_ranked8s_b210b_58_hubsan_linked/02_5735.000MHz.cfile,complex_int16_interleaved,0.250000,-57.012611,0.0014104879,0.019018721,0.0016079117,-102.549898,-120.000000,17.450102,0.993634,0.000732
h04,h04_hubsan_linked_ranked8s,h04_hubsan_linked_ranked8s_b210b_58,h04_hubsan_linked_ranked8s_b210b_58_hubsan_linked,hubsan_linked,1,0,5.8,b210b_58,3,5755000000,20000000,2.000,raw_iq_followup/h04_hubsan_linked_ranked8s_b210b_58/h04_hubsan_linked_ranked8s_b210b_58_hubsan_linked/03_5755.000MHz.cfile,complex_int16_interleaved,0.250000,-57.198608,0.0013806051,0.01861242,0.001615763,-102.730685,-120.000000,17.269315,0.993978,0.000732
h04,h04_hubsan_linked_ranked8s,h04_hubsan_linked_ranked8s_b210b_58,h04_hubsan_linked_ranked8s_b210b_58_hubsan_linked,hubsan_linked,1,0,5.8,b210b_58,4,5745000000,20000000,2.000,raw_iq_followup/h04_hubsan_linked_ranked8s_b210b_58/h04_hubsan_linked_ranked8s_b210b_58_hubsan_linked/04_5745.000MHz.cfile,complex_int16_interleaved,0.250000,-57.627889,0.0013140305,0.012695349,0.0009291238,-105.977546,-120.000000,14.022454,0.997843,0.000732
h04,h04_mavic_controller_only_full20,h04_mavic_controller_only_full20_b210a_24,h04_mavic_controller_only_full20_b210a_24_mavic_controller_only,mavic_controller_only,0,1,2.4,b210a_24,1,2410000000,20000000,2.000,raw_iq_followup/h04_mavic_controller_only_full20_b210a_24/h04_mavic_controller_only_full20_b210a_24_mavic_controller_only/01_2410.000MHz.cfile,complex_int16_interleaved,0.250000,-49.785738,0.0032412539,0.025469035,0.00035207187,-102.283109,-120.000000,17.716891,0.991550,0.000732
h04,h04_mavic_controller_only_full20,h04_mavic_controller_only_full20_b210a_24,h04_mavic_controller_only_full20_b210a_24_mavic_controller_only,mavic_controller_only,0,1,2.4,b210a_24,2,2420000000,20000000,2.000,raw_iq_followup/h04_mavic_controller_only_full20_b210a_24/h04_mavic_controller_only_full20_b210a_24_mavic_controller_only/02_2420.000MHz.cfile,complex_int16_interleaved,0.250000,-49.808348,0.0032328278,0.027922917,0.00013842986,-106.489659,-120.000000,13.510341,0.996032,0.000732
h04,h04_mavic_controller_only_full20,h04_mavic_controller_only_full20_b210a_24,h04_mavic_controller_only_full20_b210a_24_mavic_controller_only,mavic_controller_only,0,1,2.4,b210a_24,3,2430000000,20000000,2.000,raw_iq_followup/h04_mavic_controller_only_full20_b210a_24/h04_mavic_controller_only_full20_b210a_24_mavic_controller_only/03_2430.000MHz.cfile,complex_int16_interleaved,0.250000,-47.459314,0.0042367642,0.035907768,8.5778595e-05,-106.301403,-120.000000,13.698597,0.982347,0.000732
h04,h04_mavic_controller_only_full20,h04_mavic_controller_only_full20_b210a_24,h04_mavic_controller_only_full20_b210a_24_mavic_controller_only,mavic_controller_only,0,1,2.4,b210a_24,4,2440000000,20000000,2.000,raw_iq_followup/h04_mavic_controller_only_full20_b210a_24/h04_mavic_controller_only_full20_b210a_24_mavic_controller_only/04_2440.000MHz.cfile,complex_int16_interleaved,0.250000,-49.064688,0.0035218074,0.027317597,0.00017946753,-104.501823,-120.000000,15.498177,0.990219,0.000732
h04,h04_mavic_controller_only_full20,h04_mavic_controller_only_full20_b210a_24,h04_mavic_controller_only_full20_b210a_24_mavic_controller_only,mavic_controller_only,0,1,2.4,b210a_24,5,2450000000,20000000,2.000,raw_iq_followup/h04_mavic_controller_only_full20_b210a_24/h04_mavic_controller_only_full20_b210a_24_mavic_controller_only/05_2450.000MHz.cfile,complex_int16_interleaved,0.250000,-50.500657,0.0029851568,0.02589862,0.00041918551,-102.447485,-120.000000,17.552515,0.993305,0.000732
h04,h04_mavic_controller_only_full20,h04_mavic_controller_only_full20_b210a_24,h04_mavic_controller_only_full20_b210a_24_mavic_controller_only,mavic_controller_only,0,1,2.4,b210a_24,6,2460000000,20000000,2.000,raw_iq_followup/h04_mavic_controller_only_full20_b210a_24/h04_mavic_controller_only_full20_b210a_24_mavic_controller_only/06_2460.000MHz.cfile,complex_int16_interleaved,0.250000,-49.852371,0.0032164843,0.026294749,0.00035843426,-102.216051,-120.000000,17.783949,0.992148,0.000732
h04,h04_mavic_controller_only_full20,h04_mavic_controller_only_full20_b210a_24,h04_mavic_controller_only_full20_b210a_24_mavic_controller_only,mavic_controller_only,0,1,2.4,b210a_24,7,2470000000,20000000,2.000,raw_iq_followup/h04_mavic_controller_only_full20_b210a_24/h04_mavic_controller_only_full20_b210a_24_mavic_controller_only/07_2470.000MHz.cfile,complex_int16_interleaved,0.250000,-54.094815,0.0019736004,0.019238397,0.00060879147,-104.412324,-120.000000,15.587676,0.996483,0.000732
h04,h04_mavic_controller_only_full20,h04_mavic_controller_only_full20_b210a_24,h04_mavic_controller_only_full20_b210a_24_mavic_controller_only,mavic_controller_only,0,1,2.4,b210a_24,8,2480000000,20000000,2.000,raw_iq_followup/h04_mavic_controller_only_full20_b210a_24/h04_mavic_controller_only_full20_b210a_24_mavic_controller_only/08_2480.000MHz.cfile,complex_int16_interleaved,0.250000,-54.680630,0.0018448814,0.024099557,0.00049286546,-105.746902,-120.000000,14.253098,0.996574,0.000732
h04,h04_mavic_controller_only_full20,h04_mavic_controller_only_full20_b210b_58,h04_mavic_controller_only_full20_b210b_58_mavic_controller_only,mavic_controller_only,0,1,5.8,b210b_58,1,5735000000,20000000,2.000,raw_iq_followup/h04_mavic_controller_only_full20_b210b_58/h04_mavic_controller_only_full20_b210b_58_mavic_controller_only/01_5735.000MHz.cfile,complex_int16_interleaved,0.250000,-57.110124,0.0013947414,0.017820593,0.0014366631,-103.081203,-120.000000,16.918797,0.994596,0.000732
h04,h04_mavic_controller_only_full20,h04_mavic_controller_only_full20_b210b_58,h04_mavic_controller_only_full20_b210b_58_mavic_controller_only,mavic_controller_only,0,1,5.8,b210b_58,2,5745000000,20000000,2.000,raw_iq_followup/h04_mavic_controller_only_full20_b210b_58/h04_mavic_controller_only_full20_b210b_58_mavic_controller_only/02_5745.000MHz.cfile,complex_int16_interleaved,0.250000,-56.877194,0.0014326503,0.01861242,0.0014281971,-102.942030,-120.000000,17.057970,0.994355,0.000732
h04,h04_mavic_controller_only_full20,h04_mavic_controller_only_full20_b210b_58,h04_mavic_controller_only_full20_b210b_58_mavic_controller_only,mavic_controller_only,0,1,5.8,b210b_58,3,5755000000,20000000,2.000,raw_iq_followup/h04_mavic_controller_only_full20_b210b_58/h04_mavic_controller_only_full20_b210b_58_mavic_controller_only/03_5755.000MHz.cfile,complex_int16_interleaved,0.250000,-57.661717,0.0013089227,0.013264724,0.00080709812,-106.068250,-120.000000,13.931750,0.997907,0.000732
h04,h04_mavic_controller_only_full20,h04_mavic_controller_only_full20_b210b_58,h04_mavic_controller_only_full20_b210b_58_mavic_controller_only,mavic_controller_only,0,1,5.8,b210b_58,4,5765000000,20000000,2.000,raw_iq_followup/h04_mavic_controller_only_full20_b210b_58/h04_mavic_controller_only_full20_b210b_58_mavic_controller_only/04_5765.000MHz.cfile,complex_int16_interleaved,0.250000,-57.659236,0.0013092966,0.015332342,0.0011798524,-104.586784,-120.000000,15.413216,0.996624,0.000732
h04,h04_mavic_controller_only_full20,h04_mavic_controller_only_full20_b210b_58,h04_mavic_controller_only_full20_b210b_58_mavic_controller_only,mavic_controller_only,0,1,5.8,b210b_58,5,5775000000,20000000,2.000,raw_iq_followup/h04_mavic_controller_only_full20_b210b_58/h04_mavic_controller_only_full20_b210b_58_mavic_controller_only/05_5775.000MHz.cfile,complex_int16_interleaved,0.250000,-57.129653,0.001391609,0.019049227,0.0014927433,-102.756914,-120.000000,17.243086,0.994017,0.000732
h04,h04_mavic_controller_only_full20,h04_mavic_controller_only_full20_b210b_58,h04_mavic_controller_only_full20_b210b_58_mavic_controller_only,mavic_controller_only,0,1,5.8,b210b_58,6,5785000000,20000000,2.000,raw_iq_followup/h04_mavic_controller_only_full20_b210b_58/h04_mavic_controller_only_full20_b210b_58_mavic_controller_only/06_5785.000MHz.cfile,complex_int16_interleaved,0.250000,-57.405654,0.0013480847,0.01663026,0.001236378,-103.995828,-120.000000,16.004172,0.995934,0.000732
h04,h04_mavic_controller_only_full20,h04_mavic_controller_only_full20_b210b_58,h04_mavic_controller_only_full20_b210b_58_mavic_controller_only,mavic_controller_only,0,1,5.8,b210b_58,7,5795000000,20000000,2.000,raw_iq_followup/h04_mavic_controller_only_full20_b210b_58/h04_mavic_controller_only_full20_b210b_58_mavic_controller_only/07_5795.000MHz.cfile,complex_int16_interleaved,0.250000,-57.780204,0.0012911886,0.013219713,0.00096694017,-105.696901,-120.000000,14.303099,0.997637,0.000732
h04,h04_mavic_controller_only_full20,h04_mavic_controller_only_full20_b210b_58,h04_mavic_controller_only_full20_b210b_58_mavic_controller_only,mavic_controller_only,0,1,5.8,b210b_58,8,5805000000,20000000,2.000,raw_iq_followup/h04_mavic_controller_only_full20_b210b_58/h04_mavic_controller_only_full20_b210b_58_mavic_controller_only/08_5805.000MHz.cfile,complex_int16_interleaved,0.250000,-57.666985,0.0013081292,0.014205367,0.0010354458,-105.165835,-120.000000,14.834165,0.997198,0.000732
h04,h04_mavic_controller_only_full20,h04_mavic_controller_only_full20_b210b_58,h04_mavic_controller_only_full20_b210b_58_mavic_controller_only,mavic_controller_only,0,1,5.8,b210b_58,9,5815000000,20000000,2.000,raw_iq_followup/h04_mavic_controller_only_full20_b210b_58/h04_mavic_controller_only_full20_b210b_58_mavic_controller_only/09_5815.000MHz.cfile,complex_int16_interleaved,0.250000,-58.319386,0.0012134742,0.0054736319,0.00010886504,-112.421011,-120.000000,7.578989,0.999796,0.000732
h04,h04_mavic_controller_only_full20,h04_mavic_controller_only_full20_b210b_58,h04_mavic_controller_only_full20_b210b_58_mavic_controller_only,mavic_controller_only,0,1,5.8,b210b_58,10,5825000000,20000000,2.000,raw_iq_followup/h04_mavic_controller_only_full20_b210b_58/h04_mavic_controller_only_full20_b210b_58_mavic_controller_only/10_5825.000MHz.cfile,complex_int16_interleaved,0.250000,-57.995841,0.0012595279,0.011325599,0.00072911281,-106.985149,-120.000000,13.014851,0.998462,0.000732
h04,h04_mavic_controller_only_full20,h04_mavic_controller_only_full20_b210b_58,h04_mavic_controller_only_full20_b210b_58_mavic_controller_only,mavic_controller_only,0,1,5.8,b210b_58,11,5835000000,20000000,2.000,raw_iq_followup/h04_mavic_controller_only_full20_b210b_58/h04_mavic_controller_only_full20_b210b_58_mavic_controller_only/11_5835.000MHz.cfile,complex_int16_interleaved,0.250000,-57.574551,0.0013221245,0.015746597,0.0012797479,-104.091935,-120.000000,15.908065,0.996044,0.000732
h04,h04_mavic_controller_only_full20,h04_mavic_controller_only_full20_b210b_58,h04_mavic_controller_only_full20_b210b_58_mavic_controller_only,mavic_controller_only,0,1,5.8,b210b_58,12,5845000000,20000000,2.000,raw_iq_followup/h04_mavic_controller_only_full20_b210b_58/h04_mavic_controller_only_full20_b210b_58_mavic_controller_only/12_5845.000MHz.cfile,complex_int16_interleaved,0.250000,-57.907214,0.0012724454,0.012216793,0.0008565667,-106.325680,-120.000000,13.674320,0.998075,0.000732
h04,h04_mavic_controller_only_ranked8s,h04_mavic_controller_only_ranked8s_b210a_24,h04_mavic_controller_only_ranked8s_b210a_24_mavic_controller_only,mavic_controller_only,0,1,2.4,b210a_24,1,2420000000,20000000,2.000,raw_iq_followup/h04_mavic_controller_only_ranked8s_b210a_24/h04_mavic_controller_only_ranked8s_b210a_24_mavic_controller_only/01_2420.000MHz.cfile,complex_int16_interleaved,0.250000,-49.435477,0.0033746298,0.028429577,0.00012723045,-106.601295,-120.000000,13.398705,0.995157,0.000732
h04,h04_mavic_controller_only_ranked8s,h04_mavic_controller_only_ranked8s_b210a_24,h04_mavic_controller_only_ranked8s_b210a_24_mavic_controller_only,mavic_controller_only,0,1,2.4,b210a_24,2,2480000000,20000000,2.000,raw_iq_followup/h04_mavic_controller_only_ranked8s_b210a_24/h04_mavic_controller_only_ranked8s_b210a_24_mavic_controller_only/02_2480.000MHz.cfile,complex_int16_interleaved,0.250000,-54.525589,0.0018781077,0.022529827,0.00045657142,-105.504027,-120.000000,14.495973,0.996155,0.000732
h04,h04_mavic_controller_only_ranked8s,h04_mavic_controller_only_ranked8s_b210a_24,h04_mavic_controller_only_ranked8s_b210a_24_mavic_controller_only,mavic_controller_only,0,1,2.4,b210a_24,3,2470000000,20000000,2.000,raw_iq_followup/h04_mavic_controller_only_ranked8s_b210a_24/h04_mavic_controller_only_ranked8s_b210a_24_mavic_controller_only/03_2470.000MHz.cfile,complex_int16_interleaved,0.250000,-54.388035,0.0019080871,0.020773483,0.0010991609,-102.063983,-120.000000,17.936017,0.992695,0.000732
h04,h04_mavic_controller_only_ranked8s,h04_mavic_controller_only_ranked8s_b210a_24,h04_mavic_controller_only_ranked8s_b210a_24_mavic_controller_only,mavic_controller_only,0,1,2.4,b210a_24,4,2450000000,20000000,2.000,raw_iq_followup/h04_mavic_controller_only_ranked8s_b210a_24/h04_mavic_controller_only_ranked8s_b210a_24_mavic_controller_only/04_2450.000MHz.cfile,complex_int16_interleaved,0.250000,-50.964618,0.0028298868,0.021965237,0.00040246238,-103.123254,-120.000000,16.876746,0.994646,0.000732
h04,h04_mavic_controller_only_ranked8s,h04_mavic_controller_only_ranked8s_b210b_58,h04_mavic_controller_only_ranked8s_b210b_58_mavic_controller_only,mavic_controller_only,0,1,5.8,b210b_58,1,5775000000,20000000,2.000,raw_iq_followup/h04_mavic_controller_only_ranked8s_b210b_58/h04_mavic_controller_only_ranked8s_b210b_58_mavic_controller_only/01_5775.000MHz.cfile,complex_int16_interleaved,0.250000,-57.575305,0.0013220097,0.015210403,0.0011550245,-104.676549,-120.000000,15.323451,0.996721,0.000732
h04,h04_mavic_controller_only_ranked8s,h04_mavic_controller_only_ranked8s_b210b_58,h04_mavic_controller_only_ranked8s_b210b_58_mavic_controller_only,mavic_controller_only,0,1,5.8,b210b_58,2,5735000000,20000000,2.000,raw_iq_followup/h04_mavic_controller_only_ranked8s_b210b_58/h04_mavic_controller_only_ranked8s_b210b_58_mavic_controller_only/02_5735.000MHz.cfile,complex_int16_interleaved,0.250000,-57.510174,0.00133196,0.013706707,0.00091133123,-105.630418,-120.000000,14.369582,0.997593,0.000732
h04,h04_mavic_controller_only_ranked8s,h04_mavic_controller_only_ranked8s_b210b_58,h04_mavic_controller_only_ranked8s_b210b_58_mavic_controller_only,mavic_controller_only,0,1,5.8,b210b_58,3,5755000000,20000000,2.000,raw_iq_followup/h04_mavic_controller_only_ranked8s_b210b_58/h04_mavic_controller_only_ranked8s_b210b_58_mavic_controller_only/03_5755.000MHz.cfile,complex_int16_interleaved,0.250000,-57.548072,0.0013261611,0.013888147,0.00096530892,-105.313312,-120.000000,14.686688,0.997321,0.000732
h04,h04_mavic_controller_only_ranked8s,h04_mavic_controller_only_ranked8s_b210b_58,h04_mavic_controller_only_ranked8s_b210b_58_mavic_controller_only,mavic_controller_only,0,1,5.8,b210b_58,4,5745000000,20000000,2.000,raw_iq_followup/h04_mavic_controller_only_ranked8s_b210b_58/h04_mavic_controller_only_ranked8s_b210b_58_mavic_controller_only/04_5745.000MHz.cfile,complex_int16_interleaved,0.250000,-57.336642,0.0013588384,0.013521905,0.0006911983,-106.051860,-120.000000,13.948140,0.997895,0.000732
h04,h04_mavic_linked_full20,h04_mavic_linked_full20_b210a_24,h04_mavic_linked_full20_b210a_24_mavic_linked,mavic_linked,1,0,2.4,b210a_24,1,2410000000,20000000,2.000,raw_iq_followup/h04_mavic_linked_full20_b210a_24/h04_mavic_linked_full20_b210a_24_mavic_linked/01_2410.000MHz.cfile,complex_int16_interleaved,0.250000,-45.096308,0.0055614061,0.029655,9.7915242e-05,-103.526467,-120.000000,16.473533,0.965905,0.000732
h04,h04_mavic_linked_full20,h04_mavic_linked_full20_b210a_24,h04_mavic_linked_full20_b210a_24_mavic_linked,mavic_linked,1,0,2.4,b210a_24,2,2420000000,20000000,2.000,raw_iq_followup/h04_mavic_linked_full20_b210a_24/h04_mavic_linked_full20_b210a_24_mavic_linked/02_2420.000MHz.cfile,complex_int16_interleaved,0.250000,-49.801986,0.0032351964,0.027996996,0.0003574928,-102.061957,-120.000000,17.938043,0.991651,0.000732
h04,h04_mavic_linked_full20,h04_mavic_linked_full20_b210a_24,h04_mavic_linked_full20_b210a_24_mavic_linked,mavic_linked,1,0,2.4,b210a_24,3,2430000000,20000000,2.000,raw_iq_followup/h04_mavic_linked_full20_b210a_24/h04_mavic_linked_full20_b210a_24_mavic_linked/03_2430.000MHz.cfile,complex_int16_interleaved,0.250000,-49.738521,0.0032589217,0.030440576,0.00017536693,-105.699217,-120.000000,14.300783,0.994712,0.000732
h04,h04_mavic_linked_full20,h04_mavic_linked_full20_b210a_24,h04_mavic_linked_full20_b210a_24_mavic_linked,mavic_linked,1,0,2.4,b210a_24,4,2440000000,20000000,2.000,raw_iq_followup/h04_mavic_linked_full20_b210a_24/h04_mavic_linked_full20_b210a_24_mavic_linked/04_2440.000MHz.cfile,complex_int16_interleaved,0.250000,-49.897065,0.0031999761,0.037198823,0.00042022995,-101.662324,-120.000000,18.337676,0.990154,0.000732
h04,h04_mavic_linked_full20,h04_mavic_linked_full20_b210a_24,h04_mavic_linked_full20_b210a_24_mavic_linked,mavic_linked,1,0,2.4,b210a_24,5,2450000000,20000000,2.000,raw_iq_followup/h04_mavic_linked_full20_b210a_24/h04_mavic_linked_full20_b210a_24_mavic_linked/05_2450.000MHz.cfile,complex_int16_interleaved,0.250000,-51.103629,0.0027849571,0.022071827,0.00050158238,-102.093822,-120.000000,17.906178,0.992758,0.000732
h04,h04_mavic_linked_full20,h04_mavic_linked_full20_b210a_24,h04_mavic_linked_full20_b210a_24_mavic_linked,mavic_linked,1,0,2.4,b210a_24,6,2460000000,20000000,2.000,raw_iq_followup/h04_mavic_linked_full20_b210a_24/h04_mavic_linked_full20_b210a_24_mavic_linked/06_2460.000MHz.cfile,complex_int16_interleaved,0.250000,-49.891190,0.0032021413,0.023235103,0.00013011163,-106.886822,-120.000000,13.113178,0.994177,0.000732
h04,h04_mavic_linked_full20,h04_mavic_linked_full20_b210a_24,h04_mavic_linked_full20_b210a_24_mavic_linked,mavic_linked,1,0,2.4,b210a_24,7,2470000000,20000000,2.000,raw_iq_followup/h04_mavic_linked_full20_b210a_24/h04_mavic_linked_full20_b210a_24_mavic_linked/07_2470.000MHz.cfile,complex_int16_interleaved,0.250000,-55.395287,0.0016991652,0.012601063,0.00053642931,-106.595541,-120.000000,13.404459,0.998288,0.000732
h04,h04_mavic_linked_full20,h04_mavic_linked_full20_b210a_24,h04_mavic_linked_full20_b210a_24_mavic_linked,mavic_linked,1,0,2.4,b210a_24,8,2480000000,20000000,2.000,raw_iq_followup/h04_mavic_linked_full20_b210a_24/h04_mavic_linked_full20_b210a_24_mavic_linked/08_2480.000MHz.cfile,complex_int16_interleaved,0.250000,-54.379138,0.0019100426,0.023778364,0.0014910359,-100.525281,-120.000000,19.474719,0.988006,0.000732
h04,h04_mavic_linked_full20,h04_mavic_linked_full20_b210b_58,h04_mavic_linked_full20_b210b_58_mavic_linked,mavic_linked,1,0,5.8,b210b_58,1,5735000000,20000000,2.000,raw_iq_followup/h04_mavic_linked_full20_b210b_58/h04_mavic_linked_full20_b210b_58_mavic_linked/01_5735.000MHz.cfile,complex_int16_interleaved,0.250000,-21.353070,0.085574921,0.52422857,5.2602581e-07,-79.663274,-120.000000,40.336726,0.724337,0.061279
h04,h04_mavic_linked_full20,h04_mavic_linked_full20_b210b_58,h04_mavic_linked_full20_b210b_58_mavic_linked,mavic_linked,1,0,5.8,b210b_58,2,5745000000,20000000,2.000,raw_iq_followup/h04_mavic_linked_full20_b210b_58/h04_mavic_linked_full20_b210b_58_mavic_linked/02_5745.000MHz.cfile,complex_int16_interleaved,0.250000,-15.612358,0.16572275,0.92914945,1.5785601e-07,-77.043809,-120.000000,42.956191,0.804604,0.131592
h04,h04_mavic_linked_full20,h04_mavic_linked_full20_b210b_58,h04_mavic_linked_full20_b210b_58_mavic_linked,mavic_linked,1,0,5.8,b210b_58,3,5755000000,20000000,2.000,raw_iq_followup/h04_mavic_linked_full20_b210b_58/h04_mavic_linked_full20_b210b_58_mavic_linked/03_5755.000MHz.cfile,complex_int16_interleaved,0.250000,-20.259237,0.09705952,0.52500165,3.9926458e-07,-78.124652,-120.000000,41.875348,0.722453,0.054443
h04,h04_mavic_linked_full20,h04_mavic_linked_full20_b210b_58,h04_mavic_linked_full20_b210b_58_mavic_linked,mavic_linked,1,0,5.8,b210b_58,4,5765000000,20000000,2.000,raw_iq_followup/h04_mavic_linked_full20_b210b_58/h04_mavic_linked_full20_b210b_58_mavic_linked/04_5765.000MHz.cfile,complex_int16_interleaved,0.250000,-57.215541,0.0013779163,0.015655488,0.0011498547,-104.040072,-120.000000,15.959928,0.995985,0.000732
h04,h04_mavic_linked_full20,h04_mavic_linked_full20_b210b_58,h04_mavic_linked_full20_b210b_58_mavic_linked,mavic_linked,1,0,5.8,b210b_58,5,5775000000,20000000,2.000,raw_iq_followup/h04_mavic_linked_full20_b210b_58/h04_mavic_linked_full20_b210b_58_mavic_linked/05_5775.000MHz.cfile,complex_int16_interleaved,0.250000,-56.952571,0.0014202715,0.019112509,0.0015208604,-102.706700,-120.000000,17.293300,0.993937,0.000732
h04,h04_mavic_linked_full20,h04_mavic_linked_full20_b210b_58,h04_mavic_linked_full20_b210b_58_mavic_linked,mavic_linked,1,0,5.8,b210b_58,6,5785000000,20000000,2.000,raw_iq_followup/h04_mavic_linked_full20_b210b_58/h04_mavic_linked_full20_b210b_58_mavic_linked/06_5785.000MHz.cfile,complex_int16_interleaved,0.250000,-57.752780,0.0012952716,0.0084297592,0.00027224201,-110.394062,-120.000000,9.605938,0.999545,0.000732
h04,h04_mavic_linked_full20,h04_mavic_linked_full20_b210b_58,h04_mavic_linked_full20_b210b_58_mavic_linked,mavic_linked,1,0,5.8,b210b_58,7,5795000000,20000000,2.000,raw_iq_followup/h04_mavic_linked_full20_b210b_58/h04_mavic_linked_full20_b210b_58_mavic_linked/07_5795.000MHz.cfile,complex_int16_interleaved,0.250000,-57.835754,0.0012829572,0.0081835492,0.00030914119,-110.026319,-120.000000,9.973681,0.999479,0.000732
h04,h04_mavic_linked_full20,h04_mavic_linked_full20_b210b_58,h04_mavic_linked_full20_b210b_58_mavic_linked,mavic_linked,1,0,5.8,b210b_58,8,5805000000,20000000,2.000,raw_iq_followup/h04_mavic_linked_full20_b210b_58/h04_mavic_linked_full20_b210b_58_mavic_linked/08_5805.000MHz.cfile,complex_int16_interleaved,0.250000,-57.605363,0.0013174427,0.012298281,0.00079821901,-106.540900,-120.000000,13.459100,0.998217,0.000732
h04,h04_mavic_linked_full20,h04_mavic_linked_full20_b210b_58,h04_mavic_linked_full20_b210b_58_mavic_linked,mavic_linked,1,0,5.8,b210b_58,9,5815000000,20000000,2.000,raw_iq_followup/h04_mavic_linked_full20_b210b_58/h04_mavic_linked_full20_b210b_58_mavic_linked/09_5815.000MHz.cfile,complex_int16_interleaved,0.250000,-57.563136,0.0013238632,0.013706707,0.0010068438,-105.281391,-120.000000,14.718609,0.997298,0.000732
h04,h04_mavic_linked_full20,h04_mavic_linked_full20_b210b_58,h04_mavic_linked_full20_b210b_58_mavic_linked,mavic_linked,1,0,5.8,b210b_58,10,5825000000,20000000,2.000,raw_iq_followup/h04_mavic_linked_full20_b210b_58/h04_mavic_linked_full20_b210b_58_mavic_linked/10_5825.000MHz.cfile,complex_int16_interleaved,0.250000,-57.907617,0.0012723864,0.010786485,0.00050837964,-108.357590,-120.000000,11.642410,0.999040,0.000732
h04,h04_mavic_linked_full20,h04_mavic_linked_full20_b210b_58,h04_mavic_linked_full20_b210b_58_mavic_linked,mavic_linked,1,0,5.8,b210b_58,11,5835000000,20000000,2.000,raw_iq_followup/h04_mavic_linked_full20_b210b_58/h04_mavic_linked_full20_b210b_58_mavic_linked/11_5835.000MHz.cfile,complex_int16_interleaved,0.250000,-57.897745,0.0012738333,0.010837522,0.00062126747,-107.595382,-120.000000,12.404618,0.998750,0.000732
h04,h04_mavic_linked_full20,h04_mavic_linked_full20_b210b_58,h04_mavic_linked_full20_b210b_58_mavic_linked,mavic_linked,1,0,5.8,b210b_58,12,5845000000,20000000,2.000,raw_iq_followup/h04_mavic_linked_full20_b210b_58/h04_mavic_linked_full20_b210b_58_mavic_linked/12_5845.000MHz.cfile,complex_int16_interleaved,0.250000,-57.700781,0.0013030492,0.013958848,0.0010159238,-105.435057,-120.000000,14.564943,0.997427,0.000732
h04,h04_mavic_linked_ranked8s,h04_mavic_linked_ranked8s_b210b_58,h04_mavic_linked_ranked8s_b210b_58_mavic_linked,mavic_linked,1,0,5.8,b210b_58,1,5775000000,20000000,2.000,raw_iq_followup/h04_mavic_linked_ranked8s_b210b_58/h04_mavic_linked_ranked8s_b210b_58_mavic_linked/01_5775.000MHz.cfile,complex_int16_interleaved,0.250000,-57.268440,0.00136955,0.016716057,0.0012282105,-103.931750,-120.000000,16.068250,0.995844,0.000732
h04,h04_mavic_linked_ranked8s,h04_mavic_linked_ranked8s_b210b_58,h04_mavic_linked_ranked8s_b210b_58_mavic_linked,mavic_linked,1,0,5.8,b210b_58,2,5735000000,20000000,2.000,raw_iq_followup/h04_mavic_linked_ranked8s_b210b_58/h04_mavic_linked_ranked8s_b210b_58_mavic_linked/02_5735.000MHz.cfile,complex_int16_interleaved,0.250000,-21.561091,0.083549811,0.5040645,3.6000374e-07,-79.895806,-120.000000,40.104194,0.724168,0.061523
h04,h04_mavic_linked_ranked8s,h04_mavic_linked_ranked8s_b210b_58,h04_mavic_linked_ranked8s_b210b_58_mavic_linked,mavic_linked,1,0,5.8,b210b_58,3,5755000000,20000000,2.000,raw_iq_followup/h04_mavic_linked_ranked8s_b210b_58/h04_mavic_linked_ranked8s_b210b_58_mavic_linked/03_5755.000MHz.cfile,complex_int16_interleaved,0.250000,-21.325167,0.08585027,0.52980965,4.8206489e-07,-79.078182,-120.000000,40.921818,0.722534,0.051514
h04,h04_mavic_linked_ranked8s,h04_mavic_linked_ranked8s_b210b_58,h04_mavic_linked_ranked8s_b210b_58_mavic_linked,mavic_linked,1,0,5.8,b210b_58,4,5745000000,20000000,2.000,raw_iq_followup/h04_mavic_linked_ranked8s_b210b_58/h04_mavic_linked_ranked8s_b210b_58_mavic_linked/04_5745.000MHz.cfile,complex_int16_interleaved,0.250000,-16.618643,0.14759371,0.7010175,1.2339031e-07,-78.191801,-120.000000,41.808199,0.805077,0.137451
h04,h04_mavic_linked_ranked8s,h04_mavic_linked_ranked8s_b210a_24,h04_mavic_linked_ranked8s_b210a_24_mavic_linked,mavic_linked,1,0,2.4,b210a_24,1,2420000000,20000000,2.000,raw_iq_followup/h04_mavic_linked_ranked8s_b210a_24/h04_mavic_linked_ranked8s_b210a_24_mavic_linked/01_2420.000MHz.cfile,complex_int16_interleaved,0.250000,-50.191786,0.0030932191,0.028135585,0.00038630313,-102.217914,-120.000000,17.782086,0.991864,0.000732
h04,h04_mavic_linked_ranked8s,h04_mavic_linked_ranked8s_b210a_24,h04_mavic_linked_ranked8s_b210a_24_mavic_linked,mavic_linked,1,0,2.4,b210a_24,2,2480000000,20000000,2.000,raw_iq_followup/h04_mavic_linked_ranked8s_b210a_24/h04_mavic_linked_ranked8s_b210a_24_mavic_linked/02_2480.000MHz.cfile,complex_int16_interleaved,0.250000,-54.706454,0.0018394045,0.014850494,0.00053466251,-105.247317,-120.000000,14.752683,0.996467,0.000732
h04,h04_mavic_linked_ranked8s,h04_mavic_linked_ranked8s_b210a_24,h04_mavic_linked_ranked8s_b210a_24_mavic_linked,mavic_linked,1,0,2.4,b210a_24,3,2470000000,20000000,2.000,raw_iq_followup/h04_mavic_linked_ranked8s_b210a_24/h04_mavic_linked_ranked8s_b210a_24_mavic_linked/03_2470.000MHz.cfile,complex_int16_interleaved,0.250000,-54.954691,0.0017875795,0.017469281,0.00098953365,-103.214234,-120.000000,16.785766,0.994863,0.000732
h04,h04_mavic_linked_ranked8s,h04_mavic_linked_ranked8s_b210a_24,h04_mavic_linked_ranked8s_b210a_24_mavic_linked,mavic_linked,1,0,2.4,b210a_24,4,2450000000,20000000,2.000,raw_iq_followup/h04_mavic_linked_ranked8s_b210a_24/h04_mavic_linked_ranked8s_b210a_24_mavic_linked/04_2450.000MHz.cfile,complex_int16_interleaved,0.250000,-49.896960,0.0032000146,0.02507834,0.00034105905,-102.572937,-120.000000,17.427063,0.990214,0.000732
h05,h05_hubsan_controller_only_full20,h05_hubsan_controller_only_full20_b210a_24,h05_hubsan_controller_only_full20_b210a_24_hubsan_controller_only,hubsan_controller_only,0,1,2.4,b210a_24,1,2410000000,20000000,2.000,raw_iq_followup/h05_hubsan_controller_only_full20_b210a_24/h05_hubsan_controller_only_full20_b210a_24_hubsan_controller_only/01_2410.000MHz.cfile,complex_int16_interleaved,0.250000,-50.066503,0.0031381582,0.038857121,0.00040374254,-102.076618,-120.000000,17.923382,0.992012,0.000732
h05,h05_hubsan_controller_only_full20,h05_hubsan_controller_only_full20_b210a_24,h05_hubsan_controller_only_full20_b210a_24_hubsan_controller_only,hubsan_controller_only,0,1,2.4,b210a_24,2,2420000000,20000000,2.000,raw_iq_followup/h05_hubsan_controller_only_full20_b210a_24/h05_hubsan_controller_only_full20_b210a_24_hubsan_controller_only/02_2420.000MHz.cfile,complex_int16_interleaved,0.250000,-24.556262,0.05918163,0.1697541,7.954273e-07,-69.477000,-120.000000,50.523000,0.419733,0.001465
h05,h05_hubsan_controller_only_full20,h05_hubsan_controller_only_full20_b210a_24,h05_hubsan_controller_only_full20_b210a_24_hubsan_controller_only,hubsan_controller_only,0,1,2.4,b210a_24,3,2430000000,20000000,2.000,raw_iq_followup/h05_hubsan_controller_only_full20_b210a_24/h05_hubsan_controller_only_full20_b210a_24_hubsan_controller_only/03_2430.000MHz.cfile,complex_int16_interleaved,0.250000,-24.356767,0.060556624,0.171847,5.0108332e-07,-69.257951,-120.000000,50.742049,0.420439,0.001465
h05,h05_hubsan_controller_only_full20,h05_hubsan_controller_only_full20_b210a_24,h05_hubsan_controller_only_full20_b210a_24_hubsan_controller_only,hubsan_controller_only,0,1,2.4,b210a_24,4,2440000000,20000000,2.000,raw_iq_followup/h05_hubsan_controller_only_full20_b210a_24/h05_hubsan_controller_only_full20_b210a_24_hubsan_controller_only/04_2440.000MHz.cfile,complex_int16_interleaved,0.250000,-52.566827,0.0023531988,0.035764728,0.00071138179,-102.081353,-120.000000,17.918647,0.992726,0.000732
h05,h05_hubsan_controller_only_full20,h05_hubsan_controller_only_full20_b210a_24,h05_hubsan_controller_only_full20_b210a_24_hubsan_controller_only,hubsan_controller_only,0,1,2.4,b210a_24,5,2450000000,20000000,2.000,raw_iq_followup/h05_hubsan_controller_only_full20_b210a_24/h05_hubsan_controller_only_full20_b210a_24_hubsan_controller_only/05_2450.000MHz.cfile,complex_int16_interleaved,0.250000,-53.623255,0.0020837095,0.020124439,0.00068339337,-103.566678,-120.000000,16.433322,0.995397,0.000732
h05,h05_hubsan_controller_only_full20,h05_hubsan_controller_only_full20_b210a_24,h05_hubsan_controller_only_full20_b210a_24_hubsan_controller_only,hubsan_controller_only,0,1,2.4,b210a_24,6,2460000000,20000000,2.000,raw_iq_followup/h05_hubsan_controller_only_full20_b210a_24/h05_hubsan_controller_only_full20_b210a_24_hubsan_controller_only/06_2460.000MHz.cfile,complex_int16_interleaved,0.250000,-51.608204,0.0026277846,0.029028121,0.00027469529,-105.299955,-120.000000,14.700045,0.997298,0.000732
h05,h05_hubsan_controller_only_full20,h05_hubsan_controller_only_full20_b210a_24,h05_hubsan_controller_only_full20_b210a_24_hubsan_controller_only,hubsan_controller_only,0,1,2.4,b210a_24,7,2470000000,20000000,2.000,raw_iq_followup/h05_hubsan_controller_only_full20_b210a_24/h05_hubsan_controller_only_full20_b210a_24_hubsan_controller_only/07_2470.000MHz.cfile,complex_int16_interleaved,0.250000,-55.937887,0.0015962671,0.012728281,0.00035490659,-109.033351,-120.000000,10.966649,0.999282,0.000732
h05,h05_hubsan_controller_only_full20,h05_hubsan_controller_only_full20_b210a_24,h05_hubsan_controller_only_full20_b210a_24_hubsan_controller_only,hubsan_controller_only,0,1,2.4,b210a_24,8,2480000000,20000000,2.000,raw_iq_followup/h05_hubsan_controller_only_full20_b210a_24/h05_hubsan_controller_only_full20_b210a_24_hubsan_controller_only/08_2480.000MHz.cfile,complex_int16_interleaved,0.250000,-53.958380,0.0020048457,0.019930011,0.0009772057,-101.675460,-120.000000,18.324540,0.989024,0.000732
h05,h05_hubsan_controller_only_full20,h05_hubsan_controller_only_full20_b210b_58,h05_hubsan_controller_only_full20_b210b_58_hubsan_controller_only,hubsan_controller_only,0,1,5.8,b210b_58,1,5735000000,20000000,2.000,raw_iq_followup/h05_hubsan_controller_only_full20_b210b_58/h05_hubsan_controller_only_full20_b210b_58_hubsan_controller_only/01_5735.000MHz.cfile,complex_int16_interleaved,0.250000,-57.076582,0.0014001378,0.016120678,0.0012511364,-104.062202,-120.000000,15.937798,0.996007,0.000732
h05,h05_hubsan_controller_only_full20,h05_hubsan_controller_only_full20_b210b_58,h05_hubsan_controller_only_full20_b210b_58_hubsan_controller_only,hubsan_controller_only,0,1,5.8,b210b_58,2,5745000000,20000000,2.000,raw_iq_followup/h05_hubsan_controller_only_full20_b210b_58/h05_hubsan_controller_only_full20_b210b_58_hubsan_controller_only/02_5745.000MHz.cfile,complex_int16_interleaved,0.250000,-57.041077,0.0014058729,0.020727525,0.0012071596,-103.855962,-120.000000,16.144038,0.995753,0.000732
h05,h05_hubsan_controller_only_full20,h05_hubsan_controller_only_full20_b210b_58,h05_hubsan_controller_only_full20_b210b_58_hubsan_controller_only,hubsan_controller_only,0,1,5.8,b210b_58,3,5755000000,20000000,2.000,raw_iq_followup/h05_hubsan_controller_only_full20_b210b_58/h05_hubsan_controller_only_full20_b210b_58_hubsan_controller_only/03_5755.000MHz.cfile,complex_int16_interleaved,0.250000,-56.716442,0.0014594117,0.019994976,0.0016791216,-102.321087,-120.000000,17.678913,0.993174,0.000732
h05,h05_hubsan_controller_only_full20,h05_hubsan_controller_only_full20_b210b_58,h05_hubsan_controller_only_full20_b210b_58_hubsan_controller_only,hubsan_controller_only,0,1,5.8,b210b_58,4,5765000000,20000000,2.000,raw_iq_followup/h05_hubsan_controller_only_full20_b210b_58/h05_hubsan_controller_only_full20_b210b_58_hubsan_controller_only/04_5765.000MHz.cfile,complex_int16_interleaved,0.250000,-57.189152,0.0013821089,0.019586105,0.0018235571,-102.314457,-120.000000,17.685543,0.993157,0.000732
h05,h05_hubsan_controller_only_full20,h05_hubsan_controller_only_full20_b210b_58,h05_hubsan_controller_only_full20_b210b_58_hubsan_controller_only,hubsan_controller_only,0,1,5.8,b210b_58,5,5775000000,20000000,2.000,raw_iq_followup/h05_hubsan_controller_only_full20_b210b_58/h05_hubsan_controller_only_full20_b210b_58_hubsan_controller_only/05_5775.000MHz.cfile,complex_int16_interleaved,0.250000,-57.276698,0.0013682485,0.019099226,0.0015410012,-102.867592,-120.000000,17.132408,0.994230,0.000732
h05,h05_hubsan_controller_only_full20,h05_hubsan_controller_only_full20_b210b_58,h05_hubsan_controller_only_full20_b210b_58_hubsan_controller_only,hubsan_controller_only,0,1,5.8,b210b_58,6,5785000000,20000000,2.000,raw_iq_followup/h05_hubsan_controller_only_full20_b210b_58/h05_hubsan_controller_only_full20_b210b_58_hubsan_controller_only/06_5785.000MHz.cfile,complex_int16_interleaved,0.250000,-57.341656,0.0013580542,0.0176863,0.0014373277,-103.271186,-120.000000,16.728814,0.994891,0.000732
h05,h05_hubsan_controller_only_full20,h05_hubsan_controller_only_full20_b210b_58,h05_hubsan_controller_only_full20_b210b_58_hubsan_controller_only,hubsan_controller_only,0,1,5.8,b210b_58,7,5795000000,20000000,2.000,raw_iq_followup/h05_hubsan_controller_only_full20_b210b_58/h05_hubsan_controller_only_full20_b210b_58_hubsan_controller_only/07_5795.000MHz.cfile,complex_int16_interleaved,0.250000,-57.956060,0.0012653097,0.011321693,0.00067391326,-107.370240,-120.000000,12.629760,0.998649,0.000732
h05,h05_hubsan_controller_only_full20,h05_hubsan_controller_only_full20_b210b_58,h05_hubsan_controller_only_full20_b210b_58_hubsan_controller_only,hubsan_controller_only,0,1,5.8,b210b_58,8,5805000000,20000000,2.000,raw_iq_followup/h05_hubsan_controller_only_full20_b210b_58/h05_hubsan_controller_only_full20_b210b_58_hubsan_controller_only/08_5805.000MHz.cfile,complex_int16_interleaved,0.250000,-57.544170,0.001326757,0.015168188,0.0012478401,-104.621490,-120.000000,15.378510,0.996659,0.000732
h05,h05_hubsan_controller_only_full20,h05_hubsan_controller_only_full20_b210b_58,h05_hubsan_controller_only_full20_b210b_58_hubsan_controller_only,hubsan_controller_only,0,1,5.8,b210b_58,9,5815000000,20000000,2.000,raw_iq_followup/h05_hubsan_controller_only_full20_b210b_58/h05_hubsan_controller_only_full20_b210b_58_hubsan_controller_only/09_5815.000MHz.cfile,complex_int16_interleaved,0.250000,-57.834407,0.0012831562,0.013680591,0.00085263331,-106.178116,-120.000000,13.821884,0.997988,0.000732
h05,h05_hubsan_controller_only_full20,h05_hubsan_controller_only_full20_b210b_58,h05_hubsan_controller_only_full20_b210b_58_hubsan_controller_only,hubsan_controller_only,0,1,5.8,b210b_58,10,5825000000,20000000,2.000,raw_iq_followup/h05_hubsan_controller_only_full20_b210b_58/h05_hubsan_controller_only_full20_b210b_58_hubsan_controller_only/10_5825.000MHz.cfile,complex_int16_interleaved,0.250000,-57.728866,0.0012988428,0.014235723,0.0010971265,-105.026756,-120.000000,14.973244,0.997060,0.000732
h05,h05_hubsan_controller_only_full20,h05_hubsan_controller_only_full20_b210b_58,h05_hubsan_controller_only_full20_b210b_58_hubsan_controller_only,hubsan_controller_only,0,1,5.8,b210b_58,11,5835000000,20000000,2.000,raw_iq_followup/h05_hubsan_controller_only_full20_b210b_58/h05_hubsan_controller_only_full20_b210b_58_hubsan_controller_only/11_5835.000MHz.cfile,complex_int16_interleaved,0.250000,-58.270493,0.0012203241,0.007389036,0.00033533532,-110.706953,-120.000000,9.293047,0.999597,0.000732
h05,h05_hubsan_controller_only_full20,h05_hubsan_controller_only_full20_b210b_58,h05_hubsan_controller_only_full20_b210b_58_hubsan_controller_only,hubsan_controller_only,0,1,5.8,b210b_58,12,5845000000,20000000,2.000,raw_iq_followup/h05_hubsan_controller_only_full20_b210b_58/h05_hubsan_controller_only_full20_b210b_58_hubsan_controller_only/12_5845.000MHz.cfile,complex_int16_interleaved,0.250000,-57.950890,0.0012660632,0.012216793,0.00083010987,-106.626080,-120.000000,13.373920,0.998267,0.000732
h05,h05_hubsan_controller_only_ranked8s,h05_hubsan_controller_only_ranked8s_b210b_58,h05_hubsan_controller_only_ranked8s_b210b_58_hubsan_controller_only,hubsan_controller_only,0,1,5.8,b210b_58,1,5775000000,20000000,2.000,raw_iq_followup/h05_hubsan_controller_only_ranked8s_b210b_58/h05_hubsan_controller_only_ranked8s_b210b_58_hubsan_controller_only/01_5775.000MHz.cfile,complex_int16_interleaved,0.250000,-57.597659,0.0013186117,0.015302215,0.0012409339,-104.394559,-120.000000,15.605441,0.996408,0.000732
h05,h05_hubsan_controller_only_ranked8s,h05_hubsan_controller_only_ranked8s_b210b_58,h05_hubsan_controller_only_ranked8s_b210b_58_hubsan_controller_only,hubsan_controller_only,0,1,5.8,b210b_58,2,5735000000,20000000,2.000,raw_iq_followup/h05_hubsan_controller_only_ranked8s_b210b_58/h05_hubsan_controller_only_ranked8s_b210b_58_hubsan_controller_only/02_5735.000MHz.cfile,complex_int16_interleaved,0.250000,-57.765321,0.0012934029,0.012732817,0.00077913939,-106.619446,-120.000000,13.380554,0.998263,0.000732
h05,h05_hubsan_controller_only_ranked8s,h05_hubsan_controller_only_ranked8s_b210b_58,h05_hubsan_controller_only_ranked8s_b210b_58_hubsan_controller_only,hubsan_controller_only,0,1,5.8,b210b_58,3,5755000000,20000000,2.000,raw_iq_followup/h05_hubsan_controller_only_ranked8s_b210b_58/h05_hubsan_controller_only_ranked8s_b210b_58_hubsan_controller_only/03_5755.000MHz.cfile,complex_int16_interleaved,0.250000,-57.619686,0.001315272,0.014845508,0.00099519408,-105.117716,-120.000000,14.882284,0.997142,0.000732
h05,h05_hubsan_controller_only_ranked8s,h05_hubsan_controller_only_ranked8s_b210b_58,h05_hubsan_controller_only_ranked8s_b210b_58_hubsan_controller_only,hubsan_controller_only,0,1,5.8,b210b_58,4,5745000000,20000000,2.000,raw_iq_followup/h05_hubsan_controller_only_ranked8s_b210b_58/h05_hubsan_controller_only_ranked8s_b210b_58_hubsan_controller_only/04_5745.000MHz.cfile,complex_int16_interleaved,0.250000,-56.880883,0.001432042,0.016082764,0.0010044597,-104.395462,-120.000000,15.604538,0.996416,0.000732
h05,h05_hubsan_controller_only_ranked8s,h05_hubsan_controller_only_ranked8s_b210a_24,h05_hubsan_controller_only_ranked8s_b210a_24_hubsan_controller_only,hubsan_controller_only,0,1,2.4,b210a_24,1,2420000000,20000000,2.000,raw_iq_followup/h05_hubsan_controller_only_ranked8s_b210a_24/h05_hubsan_controller_only_ranked8s_b210a_24_hubsan_controller_only/01_2420.000MHz.cfile,complex_int16_interleaved,0.250000,-25.953941,0.050385194,0.14733352,1.0994038e-06,-70.568541,-120.000000,49.431459,0.422076,0.001709
h05,h05_hubsan_controller_only_ranked8s,h05_hubsan_controller_only_ranked8s_b210a_24,h05_hubsan_controller_only_ranked8s_b210a_24_hubsan_controller_only,hubsan_controller_only,0,1,2.4,b210a_24,2,2480000000,20000000,2.000,raw_iq_followup/h05_hubsan_controller_only_ranked8s_b210a_24/h05_hubsan_controller_only_ranked8s_b210a_24_hubsan_controller_only/02_2480.000MHz.cfile,complex_int16_interleaved,0.250000,-55.200286,0.0017377433,0.019068798,0.0009139276,-103.396735,-120.000000,16.603265,0.994637,0.000732
h05,h05_hubsan_controller_only_ranked8s,h05_hubsan_controller_only_ranked8s_b210a_24,h05_hubsan_controller_only_ranked8s_b210a_24_hubsan_controller_only,hubsan_controller_only,0,1,2.4,b210a_24,3,2470000000,20000000,2.000,raw_iq_followup/h05_hubsan_controller_only_ranked8s_b210a_24/h05_hubsan_controller_only_ranked8s_b210a_24_hubsan_controller_only/03_2470.000MHz.cfile,complex_int16_interleaved,0.250000,-55.763161,0.0016287028,0.016413804,0.00097123399,-104.035702,-120.000000,15.964298,0.996044,0.000732
h05,h05_hubsan_controller_only_ranked8s,h05_hubsan_controller_only_ranked8s_b210a_24,h05_hubsan_controller_only_ranked8s_b210a_24_hubsan_controller_only,hubsan_controller_only,0,1,2.4,b210a_24,4,2450000000,20000000,2.000,raw_iq_followup/h05_hubsan_controller_only_ranked8s_b210a_24/h05_hubsan_controller_only_ranked8s_b210a_24_hubsan_controller_only/04_2450.000MHz.cfile,complex_int16_interleaved,0.250000,-53.259147,0.0021729142,0.019897671,0.00072933979,-102.917924,-120.000000,17.082076,0.994376,0.000732
h05,h05_hubsan_linked_full20,h05_hubsan_linked_full20_b210a_24,h05_hubsan_linked_full20_b210a_24_hubsan_linked,hubsan_linked,1,0,2.4,b210a_24,1,2410000000,20000000,2.000,raw_iq_followup/h05_hubsan_linked_full20_b210a_24/h05_hubsan_linked_full20_b210a_24_hubsan_linked/01_2410.000MHz.cfile,complex_int16_interleaved,0.250000,-51.894038,0.0025427173,0.024022685,0.00031039706,-105.077850,-120.000000,14.922150,0.996787,0.000732
h05,h05_hubsan_linked_full20,h05_hubsan_linked_full20_b210a_24,h05_hubsan_linked_full20_b210a_24_hubsan_linked,hubsan_linked,1,0,2.4,b210a_24,2,2420000000,20000000,2.000,raw_iq_followup/h05_hubsan_linked_full20_b210a_24/h05_hubsan_linked_full20_b210a_24_hubsan_linked/02_2420.000MHz.cfile,complex_int16_interleaved,0.250000,-37.419547,0.013459306,0.055541094,1.4218873e-05,-81.189773,-120.000000,38.810227,0.499074,0.000732
h05,h05_hubsan_linked_full20,h05_hubsan_linked_full20_b210a_24,h05_hubsan_linked_full20_b210a_24_hubsan_linked,hubsan_linked,1,0,2.4,b210a_24,3,2430000000,20000000,2.000,raw_iq_followup/h05_hubsan_linked_full20_b210a_24/h05_hubsan_linked_full20_b210a_24_hubsan_linked/03_2430.000MHz.cfile,complex_int16_interleaved,0.250000,-38.265965,0.012209608,0.055775382,7.1066916e-06,-82.113609,-120.000000,37.886391,0.514874,0.000732
h05,h05_hubsan_linked_full20,h05_hubsan_linked_full20_b210a_24,h05_hubsan_linked_full20_b210a_24_hubsan_linked,hubsan_linked,1,0,2.4,b210a_24,4,2440000000,20000000,2.000,raw_iq_followup/h05_hubsan_linked_full20_b210a_24/h05_hubsan_linked_full20_b210a_24_hubsan_linked/04_2440.000MHz.cfile,complex_int16_interleaved,0.250000,-53.562624,0.0020983058,0.023112951,0.00058038804,-103.896218,-120.000000,16.103782,0.995854,0.000732
h05,h05_hubsan_linked_full20,h05_hubsan_linked_full20_b210a_24,h05_hubsan_linked_full20_b210a_24_hubsan_linked,hubsan_linked,1,0,2.4,b210a_24,5,2450000000,20000000,2.000,raw_iq_followup/h05_hubsan_linked_full20_b210a_24/h05_hubsan_linked_full20_b210a_24_hubsan_linked/05_2450.000MHz.cfile,complex_int16_interleaved,0.250000,-53.191912,0.0021897996,0.015169569,0.00034524262,-106.052656,-120.000000,13.947344,0.997948,0.000732
h05,h05_hubsan_linked_full20,h05_hubsan_linked_full20_b210a_24,h05_hubsan_linked_full20_b210a_24_hubsan_linked,hubsan_linked,1,0,2.4,b210a_24,6,2460000000,20000000,2.000,raw_iq_followup/h05_hubsan_linked_full20_b210a_24/h05_hubsan_linked_full20_b210a_24_hubsan_linked/06_2460.000MHz.cfile,complex_int16_interleaved,0.250000,-52.373345,0.0024062054,0.017639054,0.00049658636,-103.644441,-120.000000,16.355559,0.995470,0.000732
h05,h05_hubsan_linked_full20,h05_hubsan_linked_full20_b210a_24,h05_hubsan_linked_full20_b210a_24_hubsan_linked,hubsan_linked,1,0,2.4,b210a_24,7,2470000000,20000000,2.000,raw_iq_followup/h05_hubsan_linked_full20_b210a_24/h05_hubsan_linked_full20_b210a_24_hubsan_linked/07_2470.000MHz.cfile,complex_int16_interleaved,0.250000,-55.742032,0.0016326697,0.014874557,0.00082977284,-104.740182,-120.000000,15.259818,0.996835,0.000732
h05,h05_hubsan_linked_full20,h05_hubsan_linked_full20_b210a_24,h05_hubsan_linked_full20_b210a_24_hubsan_linked,hubsan_linked,1,0,2.4,b210a_24,8,2480000000,20000000,2.000,raw_iq_followup/h05_hubsan_linked_full20_b210a_24/h05_hubsan_linked_full20_b210a_24_hubsan_linked/08_2480.000MHz.cfile,complex_int16_interleaved,0.250000,-55.028725,0.0017724078,0.019042969,0.001098534,-102.443544,-120.000000,17.556456,0.992987,0.000732
h05,h05_hubsan_linked_full20,h05_hubsan_linked_full20_b210b_58,h05_hubsan_linked_full20_b210b_58_hubsan_linked,hubsan_linked,1,0,5.8,b210b_58,1,5735000000,20000000,2.000,raw_iq_followup/h05_hubsan_linked_full20_b210b_58/h05_hubsan_linked_full20_b210b_58_hubsan_linked/01_5735.000MHz.cfile,complex_int16_interleaved,0.250000,-57.396787,0.0013494617,0.016113281,0.0012151052,-104.199145,-120.000000,15.800855,0.996177,0.000732
h05,h05_hubsan_linked_full20,h05_hubsan_linked_full20_b210b_58,h05_hubsan_linked_full20_b210b_58_hubsan_linked,hubsan_linked,1,0,5.8,b210b_58,2,5745000000,20000000,2.000,raw_iq_followup/h05_hubsan_linked_full20_b210b_58/h05_hubsan_linked_full20_b210b_58_hubsan_linked/02_5745.000MHz.cfile,complex_int16_interleaved,0.250000,-56.478789,0.0014998936,0.022593234,0.0019249605,-101.023900,-120.000000,18.976100,0.989934,0.000732
h05,h05_hubsan_linked_full20,h05_hubsan_linked_full20_b210b_58,h05_hubsan_linked_full20_b210b_58_hubsan_linked,hubsan_linked,1,0,5.8,b210b_58,3,5755000000,20000000,2.000,raw_iq_followup/h05_hubsan_linked_full20_b210b_58/h05_hubsan_linked_full20_b210b_58_hubsan_linked/03_5755.000MHz.cfile,complex_int16_interleaved,0.250000,-57.412546,0.0013470155,0.016179727,0.001116117,-104.081404,-120.000000,15.918596,0.996034,0.000732
h05,h05_hubsan_linked_full20,h05_hubsan_linked_full20_b210b_58,h05_hubsan_linked_full20_b210b_58_hubsan_linked,hubsan_linked,1,0,5.8,b210b_58,4,5765000000,20000000,2.000,raw_iq_followup/h05_hubsan_linked_full20_b210b_58/h05_hubsan_linked_full20_b210b_58_hubsan_linked/04_5765.000MHz.cfile,complex_int16_interleaved,0.250000,-42.717576,0.0073134318,0.023457836,5.4953255e-05,-96.739979,-120.000000,23.260021,0.854097,0.004883
h05,h05_hubsan_linked_full20,h05_hubsan_linked_full20_b210b_58,h05_hubsan_linked_full20_b210b_58_hubsan_linked,hubsan_linked,1,0,5.8,b210b_58,5,5775000000,20000000,2.000,raw_iq_followup/h05_hubsan_linked_full20_b210b_58/h05_hubsan_linked_full20_b210b_58_hubsan_linked/05_5775.000MHz.cfile,complex_int16_interleaved,0.250000,-41.912696,0.0080235245,0.027466668,6.4179744e-05,-95.689500,-120.000000,24.310500,0.844374,0.004883
h05,h05_hubsan_linked_full20,h05_hubsan_linked_full20_b210b_58,h05_hubsan_linked_full20_b210b_58_hubsan_linked,hubsan_linked,1,0,5.8,b210b_58,6,5785000000,20000000,2.000,raw_iq_followup/h05_hubsan_linked_full20_b210b_58/h05_hubsan_linked_full20_b210b_58_hubsan_linked/06_5785.000MHz.cfile,complex_int16_interleaved,0.250000,-57.647766,0.0013110268,0.012695312,0.000785625,-106.392987,-120.000000,13.607013,0.998121,0.000732
h05,h05_hubsan_linked_full20,h05_hubsan_linked_full20_b210b_58,h05_hubsan_linked_full20_b210b_58_hubsan_linked,hubsan_linked,1,0,5.8,b210b_58,7,5795000000,20000000,2.000,raw_iq_followup/h05_hubsan_linked_full20_b210b_58/h05_hubsan_linked_full20_b210b_58_hubsan_linked/07_5795.000MHz.cfile,complex_int16_interleaved,0.250000,-57.536990,0.0013278541,0.015746597,0.0011562046,-104.419471,-120.000000,15.580529,0.996437,0.000732
h05,h05_hubsan_linked_full20,h05_hubsan_linked_full20_b210b_58,h05_hubsan_linked_full20_b210b_58_hubsan_linked,hubsan_linked,1,0,5.8,b210b_58,8,5805000000,20000000,2.000,raw_iq_followup/h05_hubsan_linked_full20_b210b_58/h05_hubsan_linked_full20_b210b_58_hubsan_linked/08_5805.000MHz.cfile,complex_int16_interleaved,0.250000,-57.505778,0.0013326342,0.015657421,0.001235327,-104.273317,-120.000000,15.726683,0.996276,0.000732
h05,h05_hubsan_linked_full20,h05_hubsan_linked_full20_b210b_58,h05_hubsan_linked_full20_b210b_58_hubsan_linked,hubsan_linked,1,0,5.8,b210b_58,9,5815000000,20000000,2.000,raw_iq_followup/h05_hubsan_linked_full20_b210b_58/h05_hubsan_linked_full20_b210b_58_hubsan_linked/09_5815.000MHz.cfile,complex_int16_interleaved,0.250000,-57.775300,0.0012919177,0.012732817,0.00087907505,-105.893235,-120.000000,14.106765,0.997788,0.000732
h05,h05_hubsan_linked_full20,h05_hubsan_linked_full20_b210b_58,h05_hubsan_linked_full20_b210b_58_hubsan_linked,hubsan_linked,1,0,5.8,b210b_58,10,5825000000,20000000,2.000,raw_iq_followup/h05_hubsan_linked_full20_b210b_58/h05_hubsan_linked_full20_b210b_58_hubsan_linked/10_5825.000MHz.cfile,complex_int16_interleaved,0.250000,-57.853256,0.0012803747,0.013264724,0.00083996347,-105.833145,-120.000000,14.166855,0.997742,0.000732
h05,h05_hubsan_linked_full20,h05_hubsan_linked_full20_b210b_58,h05_hubsan_linked_full20_b210b_58_hubsan_linked,hubsan_linked,1,0,5.8,b210b_58,11,5835000000,20000000,2.000,raw_iq_followup/h05_hubsan_linked_full20_b210b_58/h05_hubsan_linked_full20_b210b_58_hubsan_linked/11_5835.000MHz.cfile,complex_int16_interleaved,0.250000,-57.473953,0.001337526,0.016633004,0.0014594811,-103.626769,-120.000000,16.373231,0.995432,0.000732
h05,h05_hubsan_linked_full20,h05_hubsan_linked_full20_b210b_58,h05_hubsan_linked_full20_b210b_58_hubsan_linked,hubsan_linked,1,0,5.8,b210b_58,12,5845000000,20000000,2.000,raw_iq_followup/h05_hubsan_linked_full20_b210b_58/h05_hubsan_linked_full20_b210b_58_hubsan_linked/12_5845.000MHz.cfile,complex_int16_interleaved,0.250000,-57.310601,0.0013629183,0.01861242,0.0015995472,-102.864834,-120.000000,17.135166,0.994213,0.000732
h05,h05_hubsan_linked_ranked8s,h05_hubsan_linked_ranked8s_b210b_58,h05_hubsan_linked_ranked8s_b210b_58_hubsan_linked,hubsan_linked,1,0,5.8,b210b_58,1,5775000000,20000000,2.000,raw_iq_followup/h05_hubsan_linked_ranked8s_b210b_58/h05_hubsan_linked_ranked8s_b210b_58_hubsan_linked/01_5775.000MHz.cfile,complex_int16_interleaved,0.250000,-42.484265,0.0075125388,0.024070498,4.9001061e-05,-96.621779,-120.000000,23.378221,0.854118,0.005127
h05,h05_hubsan_linked_ranked8s,h05_hubsan_linked_ranked8s_b210b_58,h05_hubsan_linked_ranked8s_b210b_58_hubsan_linked,hubsan_linked,1,0,5.8,b210b_58,2,5735000000,20000000,2.000,raw_iq_followup/h05_hubsan_linked_ranked8s_b210b_58/h05_hubsan_linked_ranked8s_b210b_58_hubsan_linked/02_5735.000MHz.cfile,complex_int16_interleaved,0.250000,-56.670923,0.0014670798,0.022545695,0.0021349576,-101.151839,-120.000000,18.848161,0.990305,0.000732
h05,h05_hubsan_linked_ranked8s,h05_hubsan_linked_ranked8s_b210b_58,h05_hubsan_linked_ranked8s_b210b_58_hubsan_linked,hubsan_linked,1,0,5.8,b210b_58,3,5755000000,20000000,2.000,raw_iq_followup/h05_hubsan_linked_ranked8s_b210b_58/h05_hubsan_linked_ranked8s_b210b_58_hubsan_linked/03_5755.000MHz.cfile,complex_int16_interleaved,0.250000,-57.792368,0.0012893816,0.0121863,0.00067371181,-107.013596,-120.000000,12.986404,0.998478,0.000732
h05,h05_hubsan_linked_ranked8s,h05_hubsan_linked_ranked8s_b210b_58,h05_hubsan_linked_ranked8s_b210b_58_hubsan_linked,hubsan_linked,1,0,5.8,b210b_58,4,5745000000,20000000,2.000,raw_iq_followup/h05_hubsan_linked_ranked8s_b210b_58/h05_hubsan_linked_ranked8s_b210b_58_hubsan_linked/04_5745.000MHz.cfile,complex_int16_interleaved,0.250000,-57.122776,0.0013927113,0.016113281,0.0012939454,-103.869158,-120.000000,16.130842,0.995759,0.000732
h05,h05_hubsan_linked_ranked8s,h05_hubsan_linked_ranked8s_b210a_24,h05_hubsan_linked_ranked8s_b210a_24_hubsan_linked,hubsan_linked,1,0,2.4,b210a_24,1,2420000000,20000000,2.000,raw_iq_followup/h05_hubsan_linked_ranked8s_b210a_24/h05_hubsan_linked_ranked8s_b210a_24_hubsan_linked/01_2420.000MHz.cfile,complex_int16_interleaved,0.250000,-38.110949,0.012429469,0.052569699,2.8215844e-05,-82.635022,-120.000000,37.364978,0.514352,0.001465
h05,h05_hubsan_linked_ranked8s,h05_hubsan_linked_ranked8s_b210a_24,h05_hubsan_linked_ranked8s_b210a_24_hubsan_linked,hubsan_linked,1,0,2.4,b210a_24,2,2480000000,20000000,2.000,raw_iq_followup/h05_hubsan_linked_ranked8s_b210a_24/h05_hubsan_linked_ranked8s_b210a_24_hubsan_linked/02_2480.000MHz.cfile,complex_int16_interleaved,0.250000,-55.147560,0.0017483241,0.014778072,0.0004551787,-106.429102,-120.000000,13.570898,0.997153,0.000732
h05,h05_hubsan_linked_ranked8s,h05_hubsan_linked_ranked8s_b210a_24,h05_hubsan_linked_ranked8s_b210a_24_hubsan_linked,hubsan_linked,1,0,2.4,b210a_24,3,2470000000,20000000,2.000,raw_iq_followup/h05_hubsan_linked_ranked8s_b210a_24/h05_hubsan_linked_ranked8s_b210a_24_hubsan_linked/03_2470.000MHz.cfile,complex_int16_interleaved,0.250000,-55.636544,0.0016526189,0.017927304,0.0011617569,-103.048772,-120.000000,16.951228,0.994607,0.000732
h05,h05_hubsan_linked_ranked8s,h05_hubsan_linked_ranked8s_b210a_24,h05_hubsan_linked_ranked8s_b210a_24_hubsan_linked,hubsan_linked,1,0,2.4,b210a_24,4,2450000000,20000000,2.000,raw_iq_followup/h05_hubsan_linked_ranked8s_b210a_24/h05_hubsan_linked_ranked8s_b210a_24_hubsan_linked/04_2450.000MHz.cfile,complex_int16_interleaved,0.250000,-53.723514,0.0020597962,0.016601562,0.00065054232,-103.669002,-120.000000,16.330998,0.995538,0.000732
h05,h05_mavic_controller_only_full20,h05_mavic_controller_only_full20_b210a_24,h05_mavic_controller_only_full20_b210a_24_mavic_controller_only,mavic_controller_only,0,1,2.4,b210a_24,1,2410000000,20000000,2.000,raw_iq_followup/h05_mavic_controller_only_full20_b210a_24/h05_mavic_controller_only_full20_b210a_24_mavic_controller_only/01_2410.000MHz.cfile,complex_int16_interleaved,0.250000,-50.627281,0.0029419543,0.046937581,0.00019358893,-106.075252,-120.000000,13.924748,0.990076,0.003662
h05,h05_mavic_controller_only_full20,h05_mavic_controller_only_full20_b210a_24,h05_mavic_controller_only_full20_b210a_24_mavic_controller_only,mavic_controller_only,0,1,2.4,b210a_24,2,2420000000,20000000,2.000,raw_iq_followup/h05_mavic_controller_only_full20_b210a_24/h05_mavic_controller_only_full20_b210a_24_mavic_controller_only/02_2420.000MHz.cfile,complex_int16_interleaved,0.250000,-51.410372,0.0026883224,0.037149534,0.00028413947,-105.025232,-120.000000,14.974768,0.993895,0.001221
h05,h05_mavic_controller_only_full20,h05_mavic_controller_only_full20_b210a_24,h05_mavic_controller_only_full20_b210a_24_mavic_controller_only,mavic_controller_only,0,1,2.4,b210a_24,3,2430000000,20000000,2.000,raw_iq_followup/h05_mavic_controller_only_full20_b210a_24/h05_mavic_controller_only_full20_b210a_24_mavic_controller_only/03_2430.000MHz.cfile,complex_int16_interleaved,0.250000,-50.816587,0.0028785292,0.039873909,0.00040854637,-102.880077,-120.000000,17.119923,0.990251,0.000732
h05,h05_mavic_controller_only_full20,h05_mavic_controller_only_full20_b210a_24,h05_mavic_controller_only_full20_b210a_24_mavic_controller_only,mavic_controller_only,0,1,2.4,b210a_24,4,2440000000,20000000,2.000,raw_iq_followup/h05_mavic_controller_only_full20_b210a_24/h05_mavic_controller_only_full20_b210a_24_mavic_controller_only/04_2440.000MHz.cfile,complex_int16_interleaved,0.250000,-51.966216,0.0025216754,0.037353527,0.00063462547,-101.834403,-120.000000,18.165597,0.992160,0.000732
h05,h05_mavic_controller_only_full20,h05_mavic_controller_only_full20_b210a_24,h05_mavic_controller_only_full20_b210a_24_mavic_controller_only,mavic_controller_only,0,1,2.4,b210a_24,5,2450000000,20000000,2.000,raw_iq_followup/h05_mavic_controller_only_full20_b210a_24/h05_mavic_controller_only_full20_b210a_24_mavic_controller_only/05_2450.000MHz.cfile,complex_int16_interleaved,0.250000,-53.437434,0.0021287675,0.015579157,0.0004148794,-105.237501,-120.000000,14.762499,0.997307,0.000732
h05,h05_mavic_controller_only_full20,h05_mavic_controller_only_full20_b210a_24,h05_mavic_controller_only_full20_b210a_24_mavic_controller_only,mavic_controller_only,0,1,2.4,b210a_24,6,2460000000,20000000,2.000,raw_iq_followup/h05_mavic_controller_only_full20_b210a_24/h05_mavic_controller_only_full20_b210a_24_mavic_controller_only/06_2460.000MHz.cfile,complex_int16_interleaved,0.250000,-52.346548,0.0024136403,0.018243693,0.00027517686,-106.027549,-120.000000,13.972451,0.997886,0.000732
h05,h05_mavic_controller_only_full20,h05_mavic_controller_only_full20_b210a_24,h05_mavic_controller_only_full20_b210a_24_mavic_controller_only,mavic_controller_only,0,1,2.4,b210a_24,7,2470000000,20000000,2.000,raw_iq_followup/h05_mavic_controller_only_full20_b210a_24/h05_mavic_controller_only_full20_b210a_24_mavic_controller_only/07_2470.000MHz.cfile,complex_int16_interleaved,0.250000,-55.398580,0.001698521,0.019190315,0.001092868,-103.236277,-120.000000,16.763723,0.994898,0.000732
h05,h05_mavic_controller_only_full20,h05_mavic_controller_only_full20_b210a_24,h05_mavic_controller_only_full20_b210a_24_mavic_controller_only,mavic_controller_only,0,1,2.4,b210a_24,8,2480000000,20000000,2.000,raw_iq_followup/h05_mavic_controller_only_full20_b210a_24/h05_mavic_controller_only_full20_b210a_24_mavic_controller_only/08_2480.000MHz.cfile,complex_int16_interleaved,0.250000,-54.214134,0.001946674,0.026064817,0.0010517847,-101.811292,-120.000000,18.188708,0.989976,0.000732
h05,h05_mavic_controller_only_full20,h05_mavic_controller_only_full20_b210b_58,h05_mavic_controller_only_full20_b210b_58_mavic_controller_only,mavic_controller_only,0,1,5.8,b210b_58,1,5735000000,20000000,2.000,raw_iq_followup/h05_mavic_controller_only_full20_b210b_58/h05_mavic_controller_only_full20_b210b_58_mavic_controller_only/01_5735.000MHz.cfile,complex_int16_interleaved,0.250000,-57.136208,0.0013905593,0.018095277,0.0015255804,-103.055196,-120.000000,16.944804,0.994544,0.000732
h05,h05_mavic_controller_only_full20,h05_mavic_controller_only_full20_b210b_58,h05_mavic_controller_only_full20_b210b_58_mavic_controller_only,mavic_controller_only,0,1,5.8,b210b_58,2,5745000000,20000000,2.000,raw_iq_followup/h05_mavic_controller_only_full20_b210b_58/h05_mavic_controller_only_full20_b210b_58_mavic_controller_only/02_5745.000MHz.cfile,complex_int16_interleaved,0.250000,-57.277548,0.0013681147,0.01465257,0.0011321553,-104.843545,-120.000000,15.156455,0.996892,0.000732
h05,h05_mavic_controller_only_full20,h05_mavic_controller_only_full20_b210b_58,h05_mavic_controller_only_full20_b210b_58_mavic_controller_only,mavic_controller_only,0,1,5.8,b210b_58,3,5755000000,20000000,2.000,raw_iq_followup/h05_mavic_controller_only_full20_b210b_58/h05_mavic_controller_only_full20_b210b_58_mavic_controller_only/03_5755.000MHz.cfile,complex_int16_interleaved,0.250000,-57.703819,0.0013025935,0.013887107,0.00081685846,-106.252583,-120.000000,13.747417,0.998027,0.000732
h05,h05_mavic_controller_only_full20,h05_mavic_controller_only_full20_b210b_58,h05_mavic_controller_only_full20_b210b_58_mavic_controller_only,mavic_controller_only,0,1,5.8,b210b_58,4,5765000000,20000000,2.000,raw_iq_followup/h05_mavic_controller_only_full20_b210b_58/h05_mavic_controller_only_full20_b210b_58_mavic_controller_only/04_5765.000MHz.cfile,complex_int16_interleaved,0.250000,-57.503467,0.0013329889,0.016179727,0.0014002292,-103.698584,-120.000000,16.301416,0.995533,0.000732
h05,h05_mavic_controller_only_full20,h05_mavic_controller_only_full20_b210b_58,h05_mavic_controller_only_full20_b210b_58_mavic_controller_only,mavic_controller_only,0,1,5.8,b210b_58,5,5775000000,20000000,2.000,raw_iq_followup/h05_mavic_controller_only_full20_b210b_58/h05_mavic_controller_only_full20_b210b_58_mavic_controller_only/05_5775.000MHz.cfile,complex_int16_interleaved,0.250000,-56.921325,0.0014253898,0.021592325,0.0019804436,-101.448282,-120.000000,18.551718,0.991130,0.000732
h05,h05_mavic_controller_only_full20,h05_mavic_controller_only_full20_b210b_58,h05_mavic_controller_only_full20_b210b_58_mavic_controller_only,mavic_controller_only,0,1,5.8,b210b_58,6,5785000000,20000000,2.000,raw_iq_followup/h05_mavic_controller_only_full20_b210b_58/h05_mavic_controller_only_full20_b210b_58_mavic_controller_only/06_5785.000MHz.cfile,complex_int16_interleaved,0.250000,-56.488874,0.0014981531,0.023970582,0.0022693113,-100.333257,-120.000000,19.666743,0.987684,0.000732
h05,h05_mavic_controller_only_full20,h05_mavic_controller_only_full20_b210b_58,h05_mavic_controller_only_full20_b210b_58_mavic_controller_only,mavic_controller_only,0,1,5.8,b210b_58,7,5795000000,20000000,2.000,raw_iq_followup/h05_mavic_controller_only_full20_b210b_58/h05_mavic_controller_only_full20_b210b_58_mavic_controller_only/07_5795.000MHz.cfile,complex_int16_interleaved,0.250000,-57.880672,0.0012763396,0.010438261,0.00066981334,-107.519947,-120.000000,12.480053,0.998720,0.000732
h05,h05_mavic_controller_only_full20,h05_mavic_controller_only_full20_b210b_58,h05_mavic_controller_only_full20_b210b_58_mavic_controller_only,mavic_controller_only,0,1,5.8,b210b_58,8,5805000000,20000000,2.000,raw_iq_followup/h05_mavic_controller_only_full20_b210b_58/h05_mavic_controller_only_full20_b210b_58_mavic_controller_only/08_5805.000MHz.cfile,complex_int16_interleaved,0.250000,-57.582514,0.0013209129,0.013706707,0.00094755654,-105.501700,-120.000000,14.498300,0.997484,0.000732
h05,h05_mavic_controller_only_full20,h05_mavic_controller_only_full20_b210b_58,h05_mavic_controller_only_full20_b210b_58_mavic_controller_only,mavic_controller_only,0,1,5.8,b210b_58,9,5815000000,20000000,2.000,raw_iq_followup/h05_mavic_controller_only_full20_b210b_58/h05_mavic_controller_only_full20_b210b_58_mavic_controller_only/09_5815.000MHz.cfile,complex_int16_interleaved,0.250000,-58.001037,0.0012587747,0.010265525,0.00054353225,-107.995041,-120.000000,12.004959,0.998912,0.000732
h05,h05_mavic_controller_only_full20,h05_mavic_controller_only_full20_b210b_58,h05_mavic_controller_only_full20_b210b_58_mavic_controller_only,mavic_controller_only,0,1,5.8,b210b_58,10,5825000000,20000000,2.000,raw_iq_followup/h05_mavic_controller_only_full20_b210b_58/h05_mavic_controller_only_full20_b210b_58_mavic_controller_only/10_5825.000MHz.cfile,complex_int16_interleaved,0.250000,-57.932566,0.0012687369,0.012216793,0.00081976067,-106.420379,-120.000000,13.579621,0.998136,0.000732
h05,h05_mavic_controller_only_full20,h05_mavic_controller_only_full20_b210b_58,h05_mavic_controller_only_full20_b210b_58_mavic_controller_only,mavic_controller_only,0,1,5.8,b210b_58,11,5835000000,20000000,2.000,raw_iq_followup/h05_mavic_controller_only_full20_b210b_58/h05_mavic_controller_only_full20_b210b_58_mavic_controller_only/11_5835.000MHz.cfile,complex_int16_interleaved,0.250000,-58.228997,0.0012261681,0.0075801634,0.00033753552,-110.279652,-120.000000,9.720348,0.999525,0.000732
h05,h05_mavic_controller_only_full20,h05_mavic_controller_only_full20_b210b_58,h05_mavic_controller_only_full20_b210b_58_mavic_controller_only,mavic_controller_only,0,1,5.8,b210b_58,12,5845000000,20000000,2.000,raw_iq_followup/h05_mavic_controller_only_full20_b210b_58/h05_mavic_controller_only_full20_b210b_58_mavic_controller_only/12_5845.000MHz.cfile,complex_int16_interleaved,0.250000,-58.275262,0.0012196543,0.0071094823,0.0002296602,-111.088217,-120.000000,8.911783,0.999649,0.000732
h05,h05_mavic_controller_only_ranked8s,h05_mavic_controller_only_ranked8s_b210a_24,h05_mavic_controller_only_ranked8s_b210a_24_mavic_controller_only,mavic_controller_only,0,1,2.4,b210a_24,1,2420000000,20000000,2.000,raw_iq_followup/h05_mavic_controller_only_ranked8s_b210a_24/h05_mavic_controller_only_ranked8s_b210a_24_mavic_controller_only/01_2420.000MHz.cfile,complex_int16_interleaved,0.250000,-51.260793,0.0027350189,0.037156738,0.00031864746,-104.402284,-120.000000,15.597716,0.993039,0.000732
h05,h05_mavic_controller_only_ranked8s,h05_mavic_controller_only_ranked8s_b210a_24,h05_mavic_controller_only_ranked8s_b210a_24_mavic_controller_only,mavic_controller_only,0,1,2.4,b210a_24,2,2480000000,20000000,2.000,raw_iq_followup/h05_mavic_controller_only_ranked8s_b210a_24/h05_mavic_controller_only_ranked8s_b210a_24_mavic_controller_only/02_2480.000MHz.cfile,complex_int16_interleaved,0.250000,-53.829624,0.002034786,0.025522349,0.0015808769,-99.672858,-120.000000,20.327142,0.983247,0.000732
h05,h05_mavic_controller_only_ranked8s,h05_mavic_controller_only_ranked8s_b210a_24,h05_mavic_controller_only_ranked8s_b210a_24_mavic_controller_only,mavic_controller_only,0,1,2.4,b210a_24,3,2470000000,20000000,2.000,raw_iq_followup/h05_mavic_controller_only_ranked8s_b210a_24/h05_mavic_controller_only_ranked8s_b210a_24_mavic_controller_only/03_2470.000MHz.cfile,complex_int16_interleaved,0.250000,-55.614433,0.0016568311,0.01921745,0.0013613605,-102.454037,-120.000000,17.545963,0.993510,0.000732
h05,h05_mavic_controller_only_ranked8s,h05_mavic_controller_only_ranked8s_b210a_24,h05_mavic_controller_only_ranked8s_b210a_24_mavic_controller_only,mavic_controller_only,0,1,2.4,b210a_24,4,2450000000,20000000,2.000,raw_iq_followup/h05_mavic_controller_only_ranked8s_b210a_24/h05_mavic_controller_only_ranked8s_b210a_24_mavic_controller_only/04_2450.000MHz.cfile,complex_int16_interleaved,0.250000,-52.276824,0.0024330934,0.022549022,0.00088574309,-100.820504,-120.000000,19.179496,0.989369,0.000732
h05,h05_mavic_controller_only_ranked8s,h05_mavic_controller_only_ranked8s_b210b_58,h05_mavic_controller_only_ranked8s_b210b_58_mavic_controller_only,mavic_controller_only,0,1,5.8,b210b_58,1,5775000000,20000000,2.000,raw_iq_followup/h05_mavic_controller_only_ranked8s_b210b_58/h05_mavic_controller_only_ranked8s_b210b_58_mavic_controller_only/01_5775.000MHz.cfile,complex_int16_interleaved,0.250000,-57.424381,0.0013451813,0.017096817,0.0013875152,-103.578087,-120.000000,16.421913,0.995356,0.000732
h05,h05_mavic_controller_only_ranked8s,h05_mavic_controller_only_ranked8s_b210b_58,h05_mavic_controller_only_ranked8s_b210b_58_mavic_controller_only,mavic_controller_only,0,1,5.8,b210b_58,2,5735000000,20000000,2.000,raw_iq_followup/h05_mavic_controller_only_ranked8s_b210b_58/h05_mavic_controller_only_ranked8s_b210b_58_mavic_controller_only/02_5735.000MHz.cfile,complex_int16_interleaved,0.250000,-57.027782,0.0014080263,0.019066453,0.0016464903,-102.462617,-120.000000,17.537383,0.993449,0.000732
h05,h05_mavic_controller_only_ranked8s,h05_mavic_controller_only_ranked8s_b210b_58,h05_mavic_controller_only_ranked8s_b210b_58_mavic_controller_only,mavic_controller_only,0,1,5.8,b210b_58,3,5755000000,20000000,2.000,raw_iq_followup/h05_mavic_controller_only_ranked8s_b210b_58/h05_mavic_controller_only_ranked8s_b210b_58_mavic_controller_only/03_5755.000MHz.cfile,complex_int16_interleaved,0.250000,-57.502437,0.0013331469,0.015144592,0.0012782794,-104.444703,-120.000000,15.555297,0.996473,0.000732
h05,h05_mavic_controller_only_ranked8s,h05_mavic_controller_only_ranked8s_b210b_58,h05_mavic_controller_only_ranked8s_b210b_58_mavic_controller_only,mavic_controller_only,0,1,5.8,b210b_58,4,5745000000,20000000,2.000,raw_iq_followup/h05_mavic_controller_only_ranked8s_b210b_58/h05_mavic_controller_only_ranked8s_b210b_58_mavic_controller_only/04_5745.000MHz.cfile,complex_int16_interleaved,0.250000,-57.372611,0.0013532228,0.014169657,0.00084622669,-105.455878,-120.000000,14.544122,0.997444,0.000732
h05,h05_mavic_linked_full20,h05_mavic_linked_full20_b210a_24,h05_mavic_linked_full20_b210a_24_mavic_linked,mavic_linked,1,0,2.4,b210a_24,1,2410000000,20000000,2.000,raw_iq_followup/h05_mavic_linked_full20_b210a_24/h05_mavic_linked_full20_b210a_24_mavic_linked/01_2410.000MHz.cfile,complex_int16_interleaved,0.250000,-52.367736,0.0024077598,0.018994709,0.00029726277,-105.828706,-120.000000,14.171294,0.997777,0.000732
h05,h05_mavic_linked_full20,h05_mavic_linked_full20_b210a_24,h05_mavic_linked_full20_b210a_24_mavic_linked,mavic_linked,1,0,2.4,b210a_24,2,2420000000,20000000,2.000,raw_iq_followup/h05_mavic_linked_full20_b210a_24/h05_mavic_linked_full20_b210a_24_mavic_linked/02_2420.000MHz.cfile,complex_int16_interleaved,0.250000,-52.193484,0.002456551,0.016749926,0.00038283613,-104.546007,-120.000000,15.453993,0.996493,0.000732
h05,h05_mavic_linked_full20,h05_mavic_linked_full20_b210a_24,h05_mavic_linked_full20_b210a_24_mavic_linked,mavic_linked,1,0,2.4,b210a_24,3,2430000000,20000000,2.000,raw_iq_followup/h05_mavic_linked_full20_b210a_24/h05_mavic_linked_full20_b210a_24_mavic_linked/03_2430.000MHz.cfile,complex_int16_interleaved,0.250000,-48.822519,0.0036213793,0.023926131,0.00030469682,-101.825945,-120.000000,18.174055,0.987364,0.000732
h05,h05_mavic_linked_full20,h05_mavic_linked_full20_b210a_24,h05_mavic_linked_full20_b210a_24_mavic_linked,mavic_linked,1,0,2.4,b210a_24,4,2440000000,20000000,2.000,raw_iq_followup/h05_mavic_linked_full20_b210a_24/h05_mavic_linked_full20_b210a_24_mavic_linked/04_2440.000MHz.cfile,complex_int16_interleaved,0.250000,-52.140083,0.0024717003,0.024902344,0.00059851479,-102.274655,-120.000000,17.725345,0.993141,0.000732
h05,h05_mavic_linked_full20,h05_mavic_linked_full20_b210a_24,h05_mavic_linked_full20_b210a_24_mavic_linked,mavic_linked,1,0,2.4,b210a_24,5,2450000000,20000000,2.000,raw_iq_followup/h05_mavic_linked_full20_b210a_24/h05_mavic_linked_full20_b210a_24_mavic_linked/05_2450.000MHz.cfile,complex_int16_interleaved,0.250000,-51.384086,0.0026964704,0.022133661,0.00053408312,-102.178502,-120.000000,17.821498,0.992953,0.000732
h05,h05_mavic_linked_full20,h05_mavic_linked_full20_b210a_24,h05_mavic_linked_full20_b210a_24_mavic_linked,mavic_linked,1,0,2.4,b210a_24,6,2460000000,20000000,2.000,raw_iq_followup/h05_mavic_linked_full20_b210a_24/h05_mavic_linked_full20_b210a_24_mavic_linked/06_2460.000MHz.cfile,complex_int16_interleaved,0.250000,-51.632689,0.0026203874,0.018784555,0.00051201841,-102.395134,-120.000000,17.604866,0.993301,0.000732
h05,h05_mavic_linked_full20,h05_mavic_linked_full20_b210a_24,h05_mavic_linked_full20_b210a_24_mavic_linked,mavic_linked,1,0,2.4,b210a_24,7,2470000000,20000000,2.000,raw_iq_followup/h05_mavic_linked_full20_b210a_24/h05_mavic_linked_full20_b210a_24_mavic_linked/07_2470.000MHz.cfile,complex_int16_interleaved,0.250000,-55.356497,0.0017067704,0.016865153,0.00090622527,-103.766678,-120.000000,16.233322,0.995691,0.000732
h05,h05_mavic_linked_full20,h05_mavic_linked_full20_b210a_24,h05_mavic_linked_full20_b210a_24_mavic_linked,mavic_linked,1,0,2.4,b210a_24,8,2480000000,20000000,2.000,raw_iq_followup/h05_mavic_linked_full20_b210a_24/h05_mavic_linked_full20_b210a_24_mavic_linked/08_2480.000MHz.cfile,complex_int16_interleaved,0.250000,-54.465428,0.0018911612,0.019773884,0.0010997067,-101.930295,-120.000000,18.069705,0.990876,0.000732
h05,h05_mavic_linked_full20,h05_mavic_linked_full20_b210b_58,h05_mavic_linked_full20_b210b_58_mavic_linked,mavic_linked,1,0,5.8,b210b_58,1,5735000000,20000000,2.000,raw_iq_followup/h05_mavic_linked_full20_b210b_58/h05_mavic_linked_full20_b210b_58_mavic_linked/01_5735.000MHz.cfile,complex_int16_interleaved,0.250000,-26.558202,0.046999139,0.30952743,1.7096961e-06,-83.913141,-120.000000,36.086859,0.724183,0.045410
h05,h05_mavic_linked_full20,h05_mavic_linked_full20_b210b_58,h05_mavic_linked_full20_b210b_58_mavic_linked,mavic_linked,1,0,5.8,b210b_58,2,5745000000,20000000,2.000,raw_iq_followup/h05_mavic_linked_full20_b210b_58/h05_mavic_linked_full20_b210b_58_mavic_linked/02_5745.000MHz.cfile,complex_int16_interleaved,0.250000,-23.388497,0.067697891,0.39522907,3.0735405e-07,-84.214009,-120.000000,35.785991,0.802524,0.108154
h05,h05_mavic_linked_full20,h05_mavic_linked_full20_b210b_58,h05_mavic_linked_full20_b210b_58_mavic_linked,mavic_linked,1,0,5.8,b210b_58,3,5755000000,20000000,2.000,raw_iq_followup/h05_mavic_linked_full20_b210b_58/h05_mavic_linked_full20_b210b_58_mavic_linked/03_5755.000MHz.cfile,complex_int16_interleaved,0.250000,-27.007386,0.044630393,0.30669829,1.9018675e-06,-84.129453,-120.000000,35.870547,0.724907,0.042725
h05,h05_mavic_linked_full20,h05_mavic_linked_full20_b210b_58,h05_mavic_linked_full20_b210b_58_mavic_linked,mavic_linked,1,0,5.8,b210b_58,4,5765000000,20000000,2.000,raw_iq_followup/h05_mavic_linked_full20_b210b_58/h05_mavic_linked_full20_b210b_58_mavic_linked/04_5765.000MHz.cfile,complex_int16_interleaved,0.250000,-57.590657,0.0013196751,0.015170183,0.0012223464,-104.445738,-120.000000,15.554262,0.996461,0.000732
h05,h05_mavic_linked_full20,h05_mavic_linked_full20_b210b_58,h05_mavic_linked_full20_b210b_58_mavic_linked,mavic_linked,1,0,5.8,b210b_58,5,5775000000,20000000,2.000,raw_iq_followup/h05_mavic_linked_full20_b210b_58/h05_mavic_linked_full20_b210b_58_mavic_linked/05_5775.000MHz.cfile,complex_int16_interleaved,0.250000,-57.724957,0.0012994274,0.013706707,0.00099884482,-105.527080,-120.000000,14.472920,0.997503,0.000732
h05,h05_mavic_linked_full20,h05_mavic_linked_full20_b210b_58,h05_mavic_linked_full20_b210b_58_mavic_linked,mavic_linked,1,0,5.8,b210b_58,6,5785000000,20000000,2.000,raw_iq_followup/h05_mavic_linked_full20_b210b_58/h05_mavic_linked_full20_b210b_58_mavic_linked/06_5785.000MHz.cfile,complex_int16_interleaved,0.250000,-58.029261,0.0012546911,0.0085274652,0.00036756635,-109.430204,-120.000000,10.569796,0.999346,0.000732
h05,h05_mavic_linked_full20,h05_mavic_linked_full20_b210b_58,h05_mavic_linked_full20_b210b_58_mavic_linked,mavic_linked,1,0,5.8,b210b_58,7,5795000000,20000000,2.000,raw_iq_followup/h05_mavic_linked_full20_b210b_58/h05_mavic_linked_full20_b210b_58_mavic_linked/07_5795.000MHz.cfile,complex_int16_interleaved,0.250000,-57.580133,0.0013212751,0.014747823,0.00091512595,-105.070167,-120.000000,14.929833,0.997105,0.000732
h05,h05_mavic_linked_full20,h05_mavic_linked_full20_b210b_58,h05_mavic_linked_full20_b210b_58_mavic_linked,mavic_linked,1,0,5.8,b210b_58,8,5805000000,20000000,2.000,raw_iq_followup/h05_mavic_linked_full20_b210b_58/h05_mavic_linked_full20_b210b_58_mavic_linked/08_5805.000MHz.cfile,complex_int16_interleaved,0.250000,-57.608487,0.0013169689,0.012332161,0.00089545302,-105.839088,-120.000000,14.160912,0.997745,0.000732
h05,h05_mavic_linked_full20,h05_mavic_linked_full20_b210b_58,h05_mavic_linked_full20_b210b_58_mavic_linked,mavic_linked,1,0,5.8,b210b_58,9,5815000000,20000000,2.000,raw_iq_followup/h05_mavic_linked_full20_b210b_58/h05_mavic_linked_full20_b210b_58_mavic_linked/09_5815.000MHz.cfile,complex_int16_interleaved,0.250000,-57.676377,0.0013067155,0.013676268,0.00088172169,-105.541077,-120.000000,14.458923,0.997523,0.000732
h05,h05_mavic_linked_full20,h05_mavic_linked_full20_b210b_58,h05_mavic_linked_full20_b210b_58_mavic_linked,mavic_linked,1,0,5.8,b210b_58,10,5825000000,20000000,2.000,raw_iq_followup/h05_mavic_linked_full20_b210b_58/h05_mavic_linked_full20_b210b_58_mavic_linked/10_5825.000MHz.cfile,complex_int16_interleaved,0.250000,-57.696678,0.0013036649,0.014691132,0.001101541,-105.131237,-120.000000,14.868763,0.997158,0.000732
h05,h05_mavic_linked_full20,h05_mavic_linked_full20_b210b_58,h05_mavic_linked_full20_b210b_58_mavic_linked,mavic_linked,1,0,5.8,b210b_58,11,5835000000,20000000,2.000,raw_iq_followup/h05_mavic_linked_full20_b210b_58/h05_mavic_linked_full20_b210b_58_mavic_linked/11_5835.000MHz.cfile,complex_int16_interleaved,0.250000,-57.699657,0.0013032178,0.013982248,0.0010265702,-105.129277,-120.000000,14.870723,0.997164,0.000732
h05,h05_mavic_linked_full20,h05_mavic_linked_full20_b210b_58,h05_mavic_linked_full20_b210b_58_mavic_linked,mavic_linked,1,0,5.8,b210b_58,12,5845000000,20000000,2.000,raw_iq_followup/h05_mavic_linked_full20_b210b_58/h05_mavic_linked_full20_b210b_58_mavic_linked/12_5845.000MHz.cfile,complex_int16_interleaved,0.250000,-57.636744,0.0013126915,0.015180034,0.0012183363,-104.760057,-120.000000,15.239943,0.996795,0.000732
h05,h05_mavic_linked_ranked8s,h05_mavic_linked_ranked8s_b210a_24,h05_mavic_linked_ranked8s_b210a_24_mavic_linked,mavic_linked,1,0,2.4,b210a_24,1,2420000000,20000000,2.000,raw_iq_followup/h05_mavic_linked_ranked8s_b210a_24/h05_mavic_linked_ranked8s_b210a_24_mavic_linked/01_2420.000MHz.cfile,complex_int16_interleaved,0.250000,-49.058333,0.0035243851,0.02085657,0.00015700509,-105.055898,-120.000000,14.944102,0.993440,0.000732
h05,h05_mavic_linked_ranked8s,h05_mavic_linked_ranked8s_b210a_24,h05_mavic_linked_ranked8s_b210a_24_mavic_linked,mavic_linked,1,0,2.4,b210a_24,2,2480000000,20000000,2.000,raw_iq_followup/h05_mavic_linked_ranked8s_b210a_24/h05_mavic_linked_ranked8s_b210a_24_mavic_linked/02_2480.000MHz.cfile,complex_int16_interleaved,0.250000,-55.269606,0.00172393,0.017746856,0.00085583998,-103.697807,-120.000000,16.302193,0.995071,0.000732
h05,h05_mavic_linked_ranked8s,h05_mavic_linked_ranked8s_b210a_24,h05_mavic_linked_ranked8s_b210a_24_mavic_linked,mavic_linked,1,0,2.4,b210a_24,3,2470000000,20000000,2.000,raw_iq_followup/h05_mavic_linked_ranked8s_b210a_24/h05_mavic_linked_ranked8s_b210a_24_mavic_linked/03_2470.000MHz.cfile,complex_int16_interleaved,0.250000,-55.894832,0.0016041992,0.017339142,0.00096694803,-104.149443,-120.000000,15.850557,0.996176,0.000732
h05,h05_mavic_linked_ranked8s,h05_mavic_linked_ranked8s_b210a_24,h05_mavic_linked_ranked8s_b210a_24_mavic_linked,mavic_linked,1,0,2.4,b210a_24,4,2450000000,20000000,2.000,raw_iq_followup/h05_mavic_linked_ranked8s_b210a_24/h05_mavic_linked_ranked8s_b210a_24_mavic_linked/04_2450.000MHz.cfile,complex_int16_interleaved,0.250000,-53.767021,0.0020495046,0.017927304,0.00076255854,-103.115305,-120.000000,16.884695,0.994709,0.000732
h05,h05_mavic_linked_ranked8s,h05_mavic_linked_ranked8s_b210b_58,h05_mavic_linked_ranked8s_b210b_58_mavic_linked,mavic_linked,1,0,5.8,b210b_58,1,5775000000,20000000,2.000,raw_iq_followup/h05_mavic_linked_ranked8s_b210b_58/h05_mavic_linked_ranked8s_b210b_58_mavic_linked/01_5775.000MHz.cfile,complex_int16_interleaved,0.250000,-57.267048,0.0013697694,0.018171674,0.0015067299,-103.023313,-120.000000,16.976687,0.994498,0.000732
h05,h05_mavic_linked_ranked8s,h05_mavic_linked_ranked8s_b210b_58,h05_mavic_linked_ranked8s_b210b_58_mavic_linked,mavic_linked,1,0,5.8,b210b_58,2,5735000000,20000000,2.000,raw_iq_followup/h05_mavic_linked_ranked8s_b210b_58/h05_mavic_linked_ranked8s_b210b_58_mavic_linked/02_5735.000MHz.cfile,complex_int16_interleaved,0.250000,-27.204677,0.043628084,0.3181262,1.8325626e-06,-84.415714,-120.000000,35.584286,0.724451,0.042480
h05,h05_mavic_linked_ranked8s,h05_mavic_linked_ranked8s_b210b_58,h05_mavic_linked_ranked8s_b210b_58_mavic_linked,mavic_linked,1,0,5.8,b210b_58,3,5755000000,20000000,2.000,raw_iq_followup/h05_mavic_linked_ranked8s_b210b_58/h05_mavic_linked_ranked8s_b210b_58_mavic_linked/03_5755.000MHz.cfile,complex_int16_interleaved,0.250000,-28.245685,0.038700425,0.26973373,1.0301887e-06,-85.200533,-120.000000,34.799467,0.726128,0.038086
h05,h05_mavic_linked_ranked8s,h05_mavic_linked_ranked8s_b210b_58,h05_mavic_linked_ranked8s_b210b_58_mavic_linked,mavic_linked,1,0,5.8,b210b_58,4,5745000000,20000000,2.000,raw_iq_followup/h05_mavic_linked_ranked8s_b210b_58/h05_mavic_linked_ranked8s_b210b_58_mavic_linked/04_5745.000MHz.cfile,complex_int16_interleaved,0.250000,-23.093634,0.070035515,0.39430037,3.4567535e-07,-83.648190,-120.000000,36.351810,0.801964,0.099365
